[     663ms] [INFO] %cDownload the React DevTools for a better development experience: https://react.dev/link/react-devtools font-weight:bold @ http://localhost:3000/_next/static/chunks/node_modules_next_dist_1e8vcs8._.js:776
[     912ms] [LOG] [HMR] connected @ http://localhost:3000/_next/static/chunks/node_modules_next_dist_1e8vcs8._.js:776
[    1146ms] [LOG] [Fast Refresh] rebuilding @ http://localhost:3000/_next/static/chunks/node_modules_next_dist_1e8vcs8._.js:776
[    1676ms] [LOG] [Fast Refresh] done in 639ms @ http://localhost:3000/_next/static/chunks/node_modules_next_dist_1e8vcs8._.js:776
[    2459ms] [LOG] [Fast Refresh] rebuilding @ http://localhost:3000/_next/static/chunks/node_modules_next_dist_1e8vcs8._.js:776
[    2897ms] [LOG] [Fast Refresh] done in 550ms @ http://localhost:3000/_next/static/chunks/node_modules_next_dist_1e8vcs8._.js:776
[   71284ms] [LOG] [Fast Refresh] rebuilding @ http://localhost:3000/_next/static/chunks/node_modules_next_dist_1e8vcs8._.js:776
[   71691ms] [LOG] [Fast Refresh] done in 522ms @ http://localhost:3000/_next/static/chunks/node_modules_next_dist_1e8vcs8._.js:776
[   83334ms] [LOG] [Fast Refresh] rebuilding @ http://localhost:3000/_next/static/chunks/node_modules_next_dist_1e8vcs8._.js:776
[   83613ms] [LOG] [Fast Refresh] done in 389ms @ http://localhost:3000/_next/static/chunks/node_modules_next_dist_1e8vcs8._.js:776
[  489267ms] [LOG] [Fast Refresh] rebuilding @ http://localhost:3000/_next/static/chunks/node_modules_next_dist_1e8vcs8._.js:776
[  490089ms] [LOG] [Fast Refresh] done in 931ms @ http://localhost:3000/_next/static/chunks/node_modules_next_dist_1e8vcs8._.js:776
[  521742ms] [LOG] [Fast Refresh] rebuilding @ http://localhost:3000/_next/static/chunks/node_modules_next_dist_1e8vcs8._.js:776
[  522034ms] [LOG] [Fast Refresh] done in 397ms @ http://localhost:3000/_next/static/chunks/node_modules_next_dist_1e8vcs8._.js:776
[  549944ms] [LOG] [Fast Refresh] rebuilding @ http://localhost:3000/_next/static/chunks/node_modules_next_dist_1e8vcs8._.js:776
[  552539ms] [LOG] [Fast Refresh] done in 2398ms @ http://localhost:3000/_next/static/chunks/node_modules_next_dist_1e8vcs8._.js:776
[  552680ms] [LOG] [Fast Refresh] done in 2398ms @ http://localhost:3000/_next/static/chunks/node_modules_next_dist_1e8vcs8._.js:776
[  552865ms] [LOG] [Fast Refresh] done in 2398ms @ http://localhost:3000/_next/static/chunks/node_modules_next_dist_1e8vcs8._.js:776
[  552996ms] [LOG] [Fast Refresh] done in 2398ms @ http://localhost:3000/_next/static/chunks/node_modules_next_dist_1e8vcs8._.js:776
[  553138ms] [LOG] [Fast Refresh] done in 2398ms @ http://localhost:3000/_next/static/chunks/node_modules_next_dist_1e8vcs8._.js:776
[  553248ms] [LOG] [Fast Refresh] done in 2398ms @ http://localhost:3000/_next/static/chunks/node_modules_next_dist_1e8vcs8._.js:776
[  553379ms] [LOG] [Fast Refresh] done in 2398ms @ http://localhost:3000/_next/static/chunks/node_modules_next_dist_1e8vcs8._.js:776
[  553492ms] [LOG] [Fast Refresh] done in 2398ms @ http://localhost:3000/_next/static/chunks/node_modules_next_dist_1e8vcs8._.js:776
[  553612ms] [LOG] [Fast Refresh] done in 2398ms @ http://localhost:3000/_next/static/chunks/node_modules_next_dist_1e8vcs8._.js:776
[  553747ms] [LOG] [Fast Refresh] done in 2398ms @ http://localhost:3000/_next/static/chunks/node_modules_next_dist_1e8vcs8._.js:776
[  553835ms] [LOG] [Fast Refresh] done in 2398ms @ http://localhost:3000/_next/static/chunks/node_modules_next_dist_1e8vcs8._.js:776
[  553919ms] [LOG] [Fast Refresh] done in 2398ms @ http://localhost:3000/_next/static/chunks/node_modules_next_dist_1e8vcs8._.js:776
[  554060ms] [LOG] [Fast Refresh] done in 2398ms @ http://localhost:3000/_next/static/chunks/node_modules_next_dist_1e8vcs8._.js:776
[  554193ms] [LOG] [Fast Refresh] done in 2398ms @ http://localhost:3000/_next/static/chunks/node_modules_next_dist_1e8vcs8._.js:776
[  554322ms] [LOG] [Fast Refresh] done in 2398ms @ http://localhost:3000/_next/static/chunks/node_modules_next_dist_1e8vcs8._.js:776
[  554409ms] [LOG] [Fast Refresh] done in 2398ms @ http://localhost:3000/_next/static/chunks/node_modules_next_dist_1e8vcs8._.js:776
[  554554ms] [LOG] [Fast Refresh] done in 2398ms @ http://localhost:3000/_next/static/chunks/node_modules_next_dist_1e8vcs8._.js:776
[  554674ms] [LOG] [Fast Refresh] done in 2398ms @ http://localhost:3000/_next/static/chunks/node_modules_next_dist_1e8vcs8._.js:776
[  554779ms] [LOG] [Fast Refresh] done in 2398ms @ http://localhost:3000/_next/static/chunks/node_modules_next_dist_1e8vcs8._.js:776
[  554888ms] [LOG] [Fast Refresh] done in 2398ms @ http://localhost:3000/_next/static/chunks/node_modules_next_dist_1e8vcs8._.js:776
[  555003ms] [LOG] [Fast Refresh] done in 2398ms @ http://localhost:3000/_next/static/chunks/node_modules_next_dist_1e8vcs8._.js:776
[  555140ms] [LOG] [Fast Refresh] done in 2398ms @ http://localhost:3000/_next/static/chunks/node_modules_next_dist_1e8vcs8._.js:776
[  555248ms] [LOG] [Fast Refresh] done in 2398ms @ http://localhost:3000/_next/static/chunks/node_modules_next_dist_1e8vcs8._.js:776
[  555345ms] [LOG] [Fast Refresh] done in 2398ms @ http://localhost:3000/_next/static/chunks/node_modules_next_dist_1e8vcs8._.js:776
[  555435ms] [LOG] [Fast Refresh] done in 2398ms @ http://localhost:3000/_next/static/chunks/node_modules_next_dist_1e8vcs8._.js:776
[  555541ms] [LOG] [Fast Refresh] done in 2398ms @ http://localhost:3000/_next/static/chunks/node_modules_next_dist_1e8vcs8._.js:776
[  555644ms] [LOG] [Fast Refresh] done in 2398ms @ http://localhost:3000/_next/static/chunks/node_modules_next_dist_1e8vcs8._.js:776
[  555788ms] [LOG] [Fast Refresh] done in 2398ms @ http://localhost:3000/_next/static/chunks/node_modules_next_dist_1e8vcs8._.js:776
[  555900ms] [LOG] [Fast Refresh] done in 2398ms @ http://localhost:3000/_next/static/chunks/node_modules_next_dist_1e8vcs8._.js:776
[  556009ms] [LOG] [Fast Refresh] done in 2398ms @ http://localhost:3000/_next/static/chunks/node_modules_next_dist_1e8vcs8._.js:776
[  556069ms] [LOG] [Fast Refresh] done in 2398ms @ http://localhost:3000/_next/static/chunks/node_modules_next_dist_1e8vcs8._.js:776
[  556143ms] [LOG] [Fast Refresh] done in 2398ms @ http://localhost:3000/_next/static/chunks/node_modules_next_dist_1e8vcs8._.js:776
[  556262ms] [LOG] [Fast Refresh] done in 2398ms @ http://localhost:3000/_next/static/chunks/node_modules_next_dist_1e8vcs8._.js:776
[  556393ms] [LOG] [Fast Refresh] done in 2398ms @ http://localhost:3000/_next/static/chunks/node_modules_next_dist_1e8vcs8._.js:776
[  556460ms] [LOG] [Fast Refresh] done in 2398ms @ http://localhost:3000/_next/static/chunks/node_modules_next_dist_1e8vcs8._.js:776
[  556578ms] [LOG] [Fast Refresh] done in 2398ms @ http://localhost:3000/_next/static/chunks/node_modules_next_dist_1e8vcs8._.js:776
[  556684ms] [LOG] [Fast Refresh] done in 2398ms @ http://localhost:3000/_next/static/chunks/node_modules_next_dist_1e8vcs8._.js:776
[  556751ms] [LOG] [Fast Refresh] done in 2398ms @ http://localhost:3000/_next/static/chunks/node_modules_next_dist_1e8vcs8._.js:776
[  556886ms] [LOG] [Fast Refresh] done in 2398ms @ http://localhost:3000/_next/static/chunks/node_modules_next_dist_1e8vcs8._.js:776
[  557019ms] [LOG] [Fast Refresh] done in 2398ms @ http://localhost:3000/_next/static/chunks/node_modules_next_dist_1e8vcs8._.js:776
[  557158ms] [LOG] [Fast Refresh] done in 2398ms @ http://localhost:3000/_next/static/chunks/node_modules_next_dist_1e8vcs8._.js:776
[  557272ms] [LOG] [Fast Refresh] done in 2398ms @ http://localhost:3000/_next/static/chunks/node_modules_next_dist_1e8vcs8._.js:776
[  557377ms] [LOG] [Fast Refresh] done in 2398ms @ http://localhost:3000/_next/static/chunks/node_modules_next_dist_1e8vcs8._.js:776
[  557499ms] [LOG] [Fast Refresh] done in 2398ms @ http://localhost:3000/_next/static/chunks/node_modules_next_dist_1e8vcs8._.js:776
[  557613ms] [LOG] [Fast Refresh] done in 2398ms @ http://localhost:3000/_next/static/chunks/node_modules_next_dist_1e8vcs8._.js:776
[  557756ms] [LOG] [Fast Refresh] done in 2398ms @ http://localhost:3000/_next/static/chunks/node_modules_next_dist_1e8vcs8._.js:776
[  557884ms] [LOG] [Fast Refresh] done in 2398ms @ http://localhost:3000/_next/static/chunks/node_modules_next_dist_1e8vcs8._.js:776
[  557990ms] [LOG] [Fast Refresh] done in 2398ms @ http://localhost:3000/_next/static/chunks/node_modules_next_dist_1e8vcs8._.js:776
[  558086ms] [LOG] [Fast Refresh] done in 2398ms @ http://localhost:3000/_next/static/chunks/node_modules_next_dist_1e8vcs8._.js:776
[  558184ms] [LOG] [Fast Refresh] done in 2398ms @ http://localhost:3000/_next/static/chunks/node_modules_next_dist_1e8vcs8._.js:776
[  558250ms] [LOG] [Fast Refresh] done in 2398ms @ http://localhost:3000/_next/static/chunks/node_modules_next_dist_1e8vcs8._.js:776
[  558362ms] [LOG] [Fast Refresh] done in 2398ms @ http://localhost:3000/_next/static/chunks/node_modules_next_dist_1e8vcs8._.js:776
[  558470ms] [LOG] [Fast Refresh] done in 2398ms @ http://localhost:3000/_next/static/chunks/node_modules_next_dist_1e8vcs8._.js:776
[  558578ms] [LOG] [Fast Refresh] done in 2398ms @ http://localhost:3000/_next/static/chunks/node_modules_next_dist_1e8vcs8._.js:776
[  558684ms] [LOG] [Fast Refresh] done in 2398ms @ http://localhost:3000/_next/static/chunks/node_modules_next_dist_1e8vcs8._.js:776
[  558768ms] [LOG] [Fast Refresh] done in 2398ms @ http://localhost:3000/_next/static/chunks/node_modules_next_dist_1e8vcs8._.js:776
[  558901ms] [LOG] [Fast Refresh] done in 2398ms @ http://localhost:3000/_next/static/chunks/node_modules_next_dist_1e8vcs8._.js:776
[  559027ms] [LOG] [Fast Refresh] done in 2398ms @ http://localhost:3000/_next/static/chunks/node_modules_next_dist_1e8vcs8._.js:776
[  559147ms] [LOG] [Fast Refresh] done in 2398ms @ http://localhost:3000/_next/static/chunks/node_modules_next_dist_1e8vcs8._.js:776
[  559216ms] [LOG] [Fast Refresh] done in 2398ms @ http://localhost:3000/_next/static/chunks/node_modules_next_dist_1e8vcs8._.js:776
[  559341ms] [LOG] [Fast Refresh] done in 2398ms @ http://localhost:3000/_next/static/chunks/node_modules_next_dist_1e8vcs8._.js:776
[  559504ms] [LOG] [Fast Refresh] done in 2398ms @ http://localhost:3000/_next/static/chunks/node_modules_next_dist_1e8vcs8._.js:776
[  559631ms] [LOG] [Fast Refresh] done in 2398ms @ http://localhost:3000/_next/static/chunks/node_modules_next_dist_1e8vcs8._.js:776
[  559737ms] [LOG] [Fast Refresh] done in 2398ms @ http://localhost:3000/_next/static/chunks/node_modules_next_dist_1e8vcs8._.js:776
[  559876ms] [LOG] [Fast Refresh] done in 2398ms @ http://localhost:3000/_next/static/chunks/node_modules_next_dist_1e8vcs8._.js:776
[  560020ms] [LOG] [Fast Refresh] done in 2398ms @ http://localhost:3000/_next/static/chunks/node_modules_next_dist_1e8vcs8._.js:776
[  560119ms] [LOG] [Fast Refresh] done in 2398ms @ http://localhost:3000/_next/static/chunks/node_modules_next_dist_1e8vcs8._.js:776
[  560216ms] [LOG] [Fast Refresh] done in 2398ms @ http://localhost:3000/_next/static/chunks/node_modules_next_dist_1e8vcs8._.js:776
[  560291ms] [LOG] [Fast Refresh] done in 2398ms @ http://localhost:3000/_next/static/chunks/node_modules_next_dist_1e8vcs8._.js:776
[  560369ms] [LOG] [Fast Refresh] done in 2398ms @ http://localhost:3000/_next/static/chunks/node_modules_next_dist_1e8vcs8._.js:776
[  560461ms] [LOG] [Fast Refresh] done in 2398ms @ http://localhost:3000/_next/static/chunks/node_modules_next_dist_1e8vcs8._.js:776
[  560545ms] [LOG] [Fast Refresh] done in 2398ms @ http://localhost:3000/_next/static/chunks/node_modules_next_dist_1e8vcs8._.js:776
[  560672ms] [LOG] [Fast Refresh] done in 2398ms @ http://localhost:3000/_next/static/chunks/node_modules_next_dist_1e8vcs8._.js:776
[  560778ms] [LOG] [Fast Refresh] done in 2398ms @ http://localhost:3000/_next/static/chunks/node_modules_next_dist_1e8vcs8._.js:776
[  560874ms] [LOG] [Fast Refresh] done in 2398ms @ http://localhost:3000/_next/static/chunks/node_modules_next_dist_1e8vcs8._.js:776
[  560948ms] [LOG] [Fast Refresh] done in 2398ms @ http://localhost:3000/_next/static/chunks/node_modules_next_dist_1e8vcs8._.js:776
[  561038ms] [LOG] [Fast Refresh] done in 2398ms @ http://localhost:3000/_next/static/chunks/node_modules_next_dist_1e8vcs8._.js:776
[  561139ms] [LOG] [Fast Refresh] done in 2398ms @ http://localhost:3000/_next/static/chunks/node_modules_next_dist_1e8vcs8._.js:776
[  561244ms] [LOG] [Fast Refresh] done in 2398ms @ http://localhost:3000/_next/static/chunks/node_modules_next_dist_1e8vcs8._.js:776
[  561364ms] [LOG] [Fast Refresh] done in 2398ms @ http://localhost:3000/_next/static/chunks/node_modules_next_dist_1e8vcs8._.js:776
[  561436ms] [LOG] [Fast Refresh] done in 2398ms @ http://localhost:3000/_next/static/chunks/node_modules_next_dist_1e8vcs8._.js:776
[  561546ms] [LOG] [Fast Refresh] done in 2398ms @ http://localhost:3000/_next/static/chunks/node_modules_next_dist_1e8vcs8._.js:776
[  561653ms] [LOG] [Fast Refresh] done in 2398ms @ http://localhost:3000/_next/static/chunks/node_modules_next_dist_1e8vcs8._.js:776
[  561765ms] [LOG] [Fast Refresh] done in 2398ms @ http://localhost:3000/_next/static/chunks/node_modules_next_dist_1e8vcs8._.js:776
[  561874ms] [LOG] [Fast Refresh] done in 2398ms @ http://localhost:3000/_next/static/chunks/node_modules_next_dist_1e8vcs8._.js:776
[  561973ms] [LOG] [Fast Refresh] done in 2398ms @ http://localhost:3000/_next/static/chunks/node_modules_next_dist_1e8vcs8._.js:776
[  562054ms] [LOG] [Fast Refresh] done in 2398ms @ http://localhost:3000/_next/static/chunks/node_modules_next_dist_1e8vcs8._.js:776
[  562138ms] [LOG] [Fast Refresh] done in 2398ms @ http://localhost:3000/_next/static/chunks/node_modules_next_dist_1e8vcs8._.js:776
[  562205ms] [LOG] [Fast Refresh] done in 2398ms @ http://localhost:3000/_next/static/chunks/node_modules_next_dist_1e8vcs8._.js:776
[  562335ms] [LOG] [Fast Refresh] done in 2398ms @ http://localhost:3000/_next/static/chunks/node_modules_next_dist_1e8vcs8._.js:776
[  562411ms] [LOG] [Fast Refresh] done in 2398ms @ http://localhost:3000/_next/static/chunks/node_modules_next_dist_1e8vcs8._.js:776
[  562539ms] [LOG] [Fast Refresh] done in 2398ms @ http://localhost:3000/_next/static/chunks/node_modules_next_dist_1e8vcs8._.js:776
[  562633ms] [LOG] [Fast Refresh] done in 2398ms @ http://localhost:3000/_next/static/chunks/node_modules_next_dist_1e8vcs8._.js:776
[  562721ms] [LOG] [Fast Refresh] done in 2398ms @ http://localhost:3000/_next/static/chunks/node_modules_next_dist_1e8vcs8._.js:776
[  562826ms] [LOG] [Fast Refresh] done in 2398ms @ http://localhost:3000/_next/static/chunks/node_modules_next_dist_1e8vcs8._.js:776
[  562957ms] [LOG] [Fast Refresh] done in 2398ms @ http://localhost:3000/_next/static/chunks/node_modules_next_dist_1e8vcs8._.js:776
[  563028ms] [LOG] [Fast Refresh] done in 2398ms @ http://localhost:3000/_next/static/chunks/node_modules_next_dist_1e8vcs8._.js:776
[  563130ms] [LOG] [Fast Refresh] done in 2398ms @ http://localhost:3000/_next/static/chunks/node_modules_next_dist_1e8vcs8._.js:776
[  563217ms] [LOG] [Fast Refresh] done in 2398ms @ http://localhost:3000/_next/static/chunks/node_modules_next_dist_1e8vcs8._.js:776
[  563324ms] [LOG] [Fast Refresh] done in 2398ms @ http://localhost:3000/_next/static/chunks/node_modules_next_dist_1e8vcs8._.js:776
[  563426ms] [LOG] [Fast Refresh] done in 2398ms @ http://localhost:3000/_next/static/chunks/node_modules_next_dist_1e8vcs8._.js:776
[  563544ms] [LOG] [Fast Refresh] done in 2398ms @ http://localhost:3000/_next/static/chunks/node_modules_next_dist_1e8vcs8._.js:776
[  563644ms] [LOG] [Fast Refresh] done in 2398ms @ http://localhost:3000/_next/static/chunks/node_modules_next_dist_1e8vcs8._.js:776
[  563714ms] [LOG] [Fast Refresh] done in 2398ms @ http://localhost:3000/_next/static/chunks/node_modules_next_dist_1e8vcs8._.js:776
[  563820ms] [LOG] [Fast Refresh] done in 2398ms @ http://localhost:3000/_next/static/chunks/node_modules_next_dist_1e8vcs8._.js:776
[  563894ms] [LOG] [Fast Refresh] done in 2398ms @ http://localhost:3000/_next/static/chunks/node_modules_next_dist_1e8vcs8._.js:776
[  564000ms] [LOG] [Fast Refresh] done in 2398ms @ http://localhost:3000/_next/static/chunks/node_modules_next_dist_1e8vcs8._.js:776
[  564080ms] [LOG] [Fast Refresh] done in 2398ms @ http://localhost:3000/_next/static/chunks/node_modules_next_dist_1e8vcs8._.js:776
[  564171ms] [LOG] [Fast Refresh] done in 2398ms @ http://localhost:3000/_next/static/chunks/node_modules_next_dist_1e8vcs8._.js:776
[  564266ms] [LOG] [Fast Refresh] done in 2398ms @ http://localhost:3000/_next/static/chunks/node_modules_next_dist_1e8vcs8._.js:776
[  564343ms] [LOG] [Fast Refresh] done in 2398ms @ http://localhost:3000/_next/static/chunks/node_modules_next_dist_1e8vcs8._.js:776
[  564436ms] [LOG] [Fast Refresh] done in 2398ms @ http://localhost:3000/_next/static/chunks/node_modules_next_dist_1e8vcs8._.js:776
[  564549ms] [LOG] [Fast Refresh] done in 2398ms @ http://localhost:3000/_next/static/chunks/node_modules_next_dist_1e8vcs8._.js:776
[  564616ms] [LOG] [Fast Refresh] done in 2398ms @ http://localhost:3000/_next/static/chunks/node_modules_next_dist_1e8vcs8._.js:776
[  564707ms] [LOG] [Fast Refresh] done in 2398ms @ http://localhost:3000/_next/static/chunks/node_modules_next_dist_1e8vcs8._.js:776
[  564816ms] [LOG] [Fast Refresh] done in 2398ms @ http://localhost:3000/_next/static/chunks/node_modules_next_dist_1e8vcs8._.js:776
[  564888ms] [LOG] [Fast Refresh] done in 2398ms @ http://localhost:3000/_next/static/chunks/node_modules_next_dist_1e8vcs8._.js:776
[  564991ms] [LOG] [Fast Refresh] done in 2398ms @ http://localhost:3000/_next/static/chunks/node_modules_next_dist_1e8vcs8._.js:776
[  565162ms] [LOG] [Fast Refresh] done in 2398ms @ http://localhost:3000/_next/static/chunks/node_modules_next_dist_1e8vcs8._.js:776
[  565318ms] [LOG] [Fast Refresh] done in 2398ms @ http://localhost:3000/_next/static/chunks/node_modules_next_dist_1e8vcs8._.js:776
[  565404ms] [LOG] [Fast Refresh] done in 2398ms @ http://localhost:3000/_next/static/chunks/node_modules_next_dist_1e8vcs8._.js:776
[  565500ms] [LOG] [Fast Refresh] done in 2398ms @ http://localhost:3000/_next/static/chunks/node_modules_next_dist_1e8vcs8._.js:776
[  565621ms] [LOG] [Fast Refresh] done in 2398ms @ http://localhost:3000/_next/static/chunks/node_modules_next_dist_1e8vcs8._.js:776
[  565716ms] [LOG] [Fast Refresh] done in 2398ms @ http://localhost:3000/_next/static/chunks/node_modules_next_dist_1e8vcs8._.js:776
[  565807ms] [LOG] [Fast Refresh] done in 2398ms @ http://localhost:3000/_next/static/chunks/node_modules_next_dist_1e8vcs8._.js:776
[  565891ms] [LOG] [Fast Refresh] done in 2398ms @ http://localhost:3000/_next/static/chunks/node_modules_next_dist_1e8vcs8._.js:776
[  565989ms] [LOG] [Fast Refresh] done in 2398ms @ http://localhost:3000/_next/static/chunks/node_modules_next_dist_1e8vcs8._.js:776
[  566107ms] [LOG] [Fast Refresh] done in 2398ms @ http://localhost:3000/_next/static/chunks/node_modules_next_dist_1e8vcs8._.js:776
[  566233ms] [LOG] [Fast Refresh] done in 2398ms @ http://localhost:3000/_next/static/chunks/node_modules_next_dist_1e8vcs8._.js:776
[  566309ms] [LOG] [Fast Refresh] done in 2398ms @ http://localhost:3000/_next/static/chunks/node_modules_next_dist_1e8vcs8._.js:776
[  566378ms] [LOG] [Fast Refresh] done in 2398ms @ http://localhost:3000/_next/static/chunks/node_modules_next_dist_1e8vcs8._.js:776
[  566441ms] [LOG] [Fast Refresh] done in 2398ms @ http://localhost:3000/_next/static/chunks/node_modules_next_dist_1e8vcs8._.js:776
[  566529ms] [LOG] [Fast Refresh] done in 2398ms @ http://localhost:3000/_next/static/chunks/node_modules_next_dist_1e8vcs8._.js:776
[  566637ms] [LOG] [Fast Refresh] done in 2398ms @ http://localhost:3000/_next/static/chunks/node_modules_next_dist_1e8vcs8._.js:776
[  566710ms] [LOG] [Fast Refresh] done in 2398ms @ http://localhost:3000/_next/static/chunks/node_modules_next_dist_1e8vcs8._.js:776
[  566812ms] [LOG] [Fast Refresh] done in 2398ms @ http://localhost:3000/_next/static/chunks/node_modules_next_dist_1e8vcs8._.js:776
[  566904ms] [LOG] [Fast Refresh] done in 2398ms @ http://localhost:3000/_next/static/chunks/node_modules_next_dist_1e8vcs8._.js:776
[  567005ms] [LOG] [Fast Refresh] done in 2398ms @ http://localhost:3000/_next/static/chunks/node_modules_next_dist_1e8vcs8._.js:776
[  567103ms] [LOG] [Fast Refresh] done in 2398ms @ http://localhost:3000/_next/static/chunks/node_modules_next_dist_1e8vcs8._.js:776
[  567176ms] [LOG] [Fast Refresh] done in 2398ms @ http://localhost:3000/_next/static/chunks/node_modules_next_dist_1e8vcs8._.js:776
[  567264ms] [LOG] [Fast Refresh] done in 2398ms @ http://localhost:3000/_next/static/chunks/node_modules_next_dist_1e8vcs8._.js:776
[  567350ms] [LOG] [Fast Refresh] done in 2398ms @ http://localhost:3000/_next/static/chunks/node_modules_next_dist_1e8vcs8._.js:776
[  567467ms] [LOG] [Fast Refresh] done in 2398ms @ http://localhost:3000/_next/static/chunks/node_modules_next_dist_1e8vcs8._.js:776
[  567617ms] [LOG] [Fast Refresh] done in 2398ms @ http://localhost:3000/_next/static/chunks/node_modules_next_dist_1e8vcs8._.js:776
[  567736ms] [LOG] [Fast Refresh] done in 2398ms @ http://localhost:3000/_next/static/chunks/node_modules_next_dist_1e8vcs8._.js:776
[  567827ms] [LOG] [Fast Refresh] done in 2398ms @ http://localhost:3000/_next/static/chunks/node_modules_next_dist_1e8vcs8._.js:776
[  567951ms] [LOG] [Fast Refresh] done in 2398ms @ http://localhost:3000/_next/static/chunks/node_modules_next_dist_1e8vcs8._.js:776
[  568020ms] [LOG] [Fast Refresh] done in 2398ms @ http://localhost:3000/_next/static/chunks/node_modules_next_dist_1e8vcs8._.js:776
[  568105ms] [LOG] [Fast Refresh] done in 2398ms @ http://localhost:3000/_next/static/chunks/node_modules_next_dist_1e8vcs8._.js:776
[  568211ms] [LOG] [Fast Refresh] done in 2398ms @ http://localhost:3000/_next/static/chunks/node_modules_next_dist_1e8vcs8._.js:776
[  568313ms] [LOG] [Fast Refresh] done in 2398ms @ http://localhost:3000/_next/static/chunks/node_modules_next_dist_1e8vcs8._.js:776
[  568438ms] [LOG] [Fast Refresh] done in 2398ms @ http://localhost:3000/_next/static/chunks/node_modules_next_dist_1e8vcs8._.js:776
[  568556ms] [LOG] [Fast Refresh] done in 2398ms @ http://localhost:3000/_next/static/chunks/node_modules_next_dist_1e8vcs8._.js:776
[  568671ms] [LOG] [Fast Refresh] done in 2398ms @ http://localhost:3000/_next/static/chunks/node_modules_next_dist_1e8vcs8._.js:776
[  568763ms] [LOG] [Fast Refresh] done in 2398ms @ http://localhost:3000/_next/static/chunks/node_modules_next_dist_1e8vcs8._.js:776
[  568834ms] [LOG] [Fast Refresh] done in 2398ms @ http://localhost:3000/_next/static/chunks/node_modules_next_dist_1e8vcs8._.js:776
[  568962ms] [LOG] [Fast Refresh] done in 2398ms @ http://localhost:3000/_next/static/chunks/node_modules_next_dist_1e8vcs8._.js:776
[  569122ms] [LOG] [Fast Refresh] done in 2398ms @ http://localhost:3000/_next/static/chunks/node_modules_next_dist_1e8vcs8._.js:776
[  569253ms] [LOG] [Fast Refresh] done in 2398ms @ http://localhost:3000/_next/static/chunks/node_modules_next_dist_1e8vcs8._.js:776
[  569357ms] [LOG] [Fast Refresh] done in 2398ms @ http://localhost:3000/_next/static/chunks/node_modules_next_dist_1e8vcs8._.js:776
[  569445ms] [LOG] [Fast Refresh] done in 2398ms @ http://localhost:3000/_next/static/chunks/node_modules_next_dist_1e8vcs8._.js:776
[  569529ms] [LOG] [Fast Refresh] done in 2398ms @ http://localhost:3000/_next/static/chunks/node_modules_next_dist_1e8vcs8._.js:776
[  569651ms] [LOG] [Fast Refresh] done in 2398ms @ http://localhost:3000/_next/static/chunks/node_modules_next_dist_1e8vcs8._.js:776
[  569766ms] [LOG] [Fast Refresh] done in 2398ms @ http://localhost:3000/_next/static/chunks/node_modules_next_dist_1e8vcs8._.js:776
[  569877ms] [LOG] [Fast Refresh] done in 2398ms @ http://localhost:3000/_next/static/chunks/node_modules_next_dist_1e8vcs8._.js:776
[  569969ms] [LOG] [Fast Refresh] done in 2398ms @ http://localhost:3000/_next/static/chunks/node_modules_next_dist_1e8vcs8._.js:776
[  570081ms] [LOG] [Fast Refresh] done in 2398ms @ http://localhost:3000/_next/static/chunks/node_modules_next_dist_1e8vcs8._.js:776
[  570165ms] [LOG] [Fast Refresh] done in 2398ms @ http://localhost:3000/_next/static/chunks/node_modules_next_dist_1e8vcs8._.js:776
[  570260ms] [LOG] [Fast Refresh] done in 2398ms @ http://localhost:3000/_next/static/chunks/node_modules_next_dist_1e8vcs8._.js:776
[  570390ms] [LOG] [Fast Refresh] done in 2398ms @ http://localhost:3000/_next/static/chunks/node_modules_next_dist_1e8vcs8._.js:776
[  570512ms] [LOG] [Fast Refresh] done in 2398ms @ http://localhost:3000/_next/static/chunks/node_modules_next_dist_1e8vcs8._.js:776
[  570623ms] [LOG] [Fast Refresh] done in 2398ms @ http://localhost:3000/_next/static/chunks/node_modules_next_dist_1e8vcs8._.js:776
[  570731ms] [LOG] [Fast Refresh] done in 2398ms @ http://localhost:3000/_next/static/chunks/node_modules_next_dist_1e8vcs8._.js:776
[  570841ms] [LOG] [Fast Refresh] done in 2398ms @ http://localhost:3000/_next/static/chunks/node_modules_next_dist_1e8vcs8._.js:776
[  570961ms] [LOG] [Fast Refresh] done in 2398ms @ http://localhost:3000/_next/static/chunks/node_modules_next_dist_1e8vcs8._.js:776
[  571057ms] [LOG] [Fast Refresh] done in 2398ms @ http://localhost:3000/_next/static/chunks/node_modules_next_dist_1e8vcs8._.js:776
[  571132ms] [LOG] [Fast Refresh] done in 2398ms @ http://localhost:3000/_next/static/chunks/node_modules_next_dist_1e8vcs8._.js:776
[  571246ms] [LOG] [Fast Refresh] done in 2398ms @ http://localhost:3000/_next/static/chunks/node_modules_next_dist_1e8vcs8._.js:776
[  571340ms] [LOG] [Fast Refresh] done in 2398ms @ http://localhost:3000/_next/static/chunks/node_modules_next_dist_1e8vcs8._.js:776
[  571457ms] [LOG] [Fast Refresh] done in 2398ms @ http://localhost:3000/_next/static/chunks/node_modules_next_dist_1e8vcs8._.js:776
[  571573ms] [LOG] [Fast Refresh] done in 2398ms @ http://localhost:3000/_next/static/chunks/node_modules_next_dist_1e8vcs8._.js:776
[  571715ms] [LOG] [Fast Refresh] done in 2398ms @ http://localhost:3000/_next/static/chunks/node_modules_next_dist_1e8vcs8._.js:776
[  571819ms] [LOG] [Fast Refresh] done in 2398ms @ http://localhost:3000/_next/static/chunks/node_modules_next_dist_1e8vcs8._.js:776
[  571939ms] [LOG] [Fast Refresh] done in 2398ms @ http://localhost:3000/_next/static/chunks/node_modules_next_dist_1e8vcs8._.js:776
[  572041ms] [LOG] [Fast Refresh] done in 2398ms @ http://localhost:3000/_next/static/chunks/node_modules_next_dist_1e8vcs8._.js:776
[  572166ms] [LOG] [Fast Refresh] done in 2398ms @ http://localhost:3000/_next/static/chunks/node_modules_next_dist_1e8vcs8._.js:776
[  572241ms] [LOG] [Fast Refresh] done in 2398ms @ http://localhost:3000/_next/static/chunks/node_modules_next_dist_1e8vcs8._.js:776
[  572341ms] [LOG] [Fast Refresh] done in 2398ms @ http://localhost:3000/_next/static/chunks/node_modules_next_dist_1e8vcs8._.js:776
[  572425ms] [LOG] [Fast Refresh] done in 2398ms @ http://localhost:3000/_next/static/chunks/node_modules_next_dist_1e8vcs8._.js:776
[  572515ms] [LOG] [Fast Refresh] done in 2398ms @ http://localhost:3000/_next/static/chunks/node_modules_next_dist_1e8vcs8._.js:776
[  572685ms] [LOG] [Fast Refresh] done in 2398ms @ http://localhost:3000/_next/static/chunks/node_modules_next_dist_1e8vcs8._.js:776
[  572789ms] [LOG] [Fast Refresh] done in 2398ms @ http://localhost:3000/_next/static/chunks/node_modules_next_dist_1e8vcs8._.js:776
[  572968ms] [LOG] [Fast Refresh] done in 2398ms @ http://localhost:3000/_next/static/chunks/node_modules_next_dist_1e8vcs8._.js:776
[  573086ms] [LOG] [Fast Refresh] done in 2398ms @ http://localhost:3000/_next/static/chunks/node_modules_next_dist_1e8vcs8._.js:776
[  573263ms] [LOG] [Fast Refresh] done in 2398ms @ http://localhost:3000/_next/static/chunks/node_modules_next_dist_1e8vcs8._.js:776
[  573382ms] [LOG] [Fast Refresh] done in 2398ms @ http://localhost:3000/_next/static/chunks/node_modules_next_dist_1e8vcs8._.js:776
[  573490ms] [LOG] [Fast Refresh] done in 2398ms @ http://localhost:3000/_next/static/chunks/node_modules_next_dist_1e8vcs8._.js:776
[  573602ms] [LOG] [Fast Refresh] done in 2398ms @ http://localhost:3000/_next/static/chunks/node_modules_next_dist_1e8vcs8._.js:776
[  573709ms] [LOG] [Fast Refresh] done in 2398ms @ http://localhost:3000/_next/static/chunks/node_modules_next_dist_1e8vcs8._.js:776
[  573843ms] [LOG] [Fast Refresh] done in 2398ms @ http://localhost:3000/_next/static/chunks/node_modules_next_dist_1e8vcs8._.js:776
[  573953ms] [LOG] [Fast Refresh] done in 2398ms @ http://localhost:3000/_next/static/chunks/node_modules_next_dist_1e8vcs8._.js:776
[  574059ms] [LOG] [Fast Refresh] done in 2398ms @ http://localhost:3000/_next/static/chunks/node_modules_next_dist_1e8vcs8._.js:776
[  574130ms] [LOG] [Fast Refresh] done in 2398ms @ http://localhost:3000/_next/static/chunks/node_modules_next_dist_1e8vcs8._.js:776
[  574240ms] [LOG] [Fast Refresh] done in 2398ms @ http://localhost:3000/_next/static/chunks/node_modules_next_dist_1e8vcs8._.js:776
[  574307ms] [LOG] [Fast Refresh] done in 2398ms @ http://localhost:3000/_next/static/chunks/node_modules_next_dist_1e8vcs8._.js:776
[  574430ms] [LOG] [Fast Refresh] done in 2398ms @ http://localhost:3000/_next/static/chunks/node_modules_next_dist_1e8vcs8._.js:776
[  574490ms] [LOG] [Fast Refresh] done in 2398ms @ http://localhost:3000/_next/static/chunks/node_modules_next_dist_1e8vcs8._.js:776
[  574564ms] [LOG] [Fast Refresh] done in 2398ms @ http://localhost:3000/_next/static/chunks/node_modules_next_dist_1e8vcs8._.js:776
[  574721ms] [LOG] [Fast Refresh] done in 2398ms @ http://localhost:3000/_next/static/chunks/node_modules_next_dist_1e8vcs8._.js:776
[  574832ms] [LOG] [Fast Refresh] done in 2398ms @ http://localhost:3000/_next/static/chunks/node_modules_next_dist_1e8vcs8._.js:776
[  574921ms] [LOG] [Fast Refresh] done in 2398ms @ http://localhost:3000/_next/static/chunks/node_modules_next_dist_1e8vcs8._.js:776
[  575068ms] [LOG] [Fast Refresh] done in 2398ms @ http://localhost:3000/_next/static/chunks/node_modules_next_dist_1e8vcs8._.js:776
[  575182ms] [LOG] [Fast Refresh] done in 2398ms @ http://localhost:3000/_next/static/chunks/node_modules_next_dist_1e8vcs8._.js:776
[  575262ms] [LOG] [Fast Refresh] done in 2398ms @ http://localhost:3000/_next/static/chunks/node_modules_next_dist_1e8vcs8._.js:776
[  575349ms] [LOG] [Fast Refresh] done in 2398ms @ http://localhost:3000/_next/static/chunks/node_modules_next_dist_1e8vcs8._.js:776
[  575446ms] [LOG] [Fast Refresh] done in 2398ms @ http://localhost:3000/_next/static/chunks/node_modules_next_dist_1e8vcs8._.js:776
[  575550ms] [LOG] [Fast Refresh] done in 2398ms @ http://localhost:3000/_next/static/chunks/node_modules_next_dist_1e8vcs8._.js:776
[  575647ms] [LOG] [Fast Refresh] done in 2398ms @ http://localhost:3000/_next/static/chunks/node_modules_next_dist_1e8vcs8._.js:776
[  575798ms] [LOG] [Fast Refresh] done in 2398ms @ http://localhost:3000/_next/static/chunks/node_modules_next_dist_1e8vcs8._.js:776
[  575871ms] [LOG] [Fast Refresh] done in 2398ms @ http://localhost:3000/_next/static/chunks/node_modules_next_dist_1e8vcs8._.js:776
[  575996ms] [LOG] [Fast Refresh] done in 2398ms @ http://localhost:3000/_next/static/chunks/node_modules_next_dist_1e8vcs8._.js:776
[  576118ms] [LOG] [Fast Refresh] done in 2398ms @ http://localhost:3000/_next/static/chunks/node_modules_next_dist_1e8vcs8._.js:776
[  576216ms] [LOG] [Fast Refresh] done in 2398ms @ http://localhost:3000/_next/static/chunks/node_modules_next_dist_1e8vcs8._.js:776
[  576279ms] [LOG] [Fast Refresh] done in 2398ms @ http://localhost:3000/_next/static/chunks/node_modules_next_dist_1e8vcs8._.js:776
[  576358ms] [LOG] [Fast Refresh] done in 2398ms @ http://localhost:3000/_next/static/chunks/node_modules_next_dist_1e8vcs8._.js:776
[  576446ms] [LOG] [Fast Refresh] done in 2398ms @ http://localhost:3000/_next/static/chunks/node_modules_next_dist_1e8vcs8._.js:776
[  576523ms] [LOG] [Fast Refresh] done in 2398ms @ http://localhost:3000/_next/static/chunks/node_modules_next_dist_1e8vcs8._.js:776
[  576663ms] [LOG] [Fast Refresh] done in 2398ms @ http://localhost:3000/_next/static/chunks/node_modules_next_dist_1e8vcs8._.js:776
[  576766ms] [LOG] [Fast Refresh] done in 2398ms @ http://localhost:3000/_next/static/chunks/node_modules_next_dist_1e8vcs8._.js:776
[  576884ms] [LOG] [Fast Refresh] done in 2398ms @ http://localhost:3000/_next/static/chunks/node_modules_next_dist_1e8vcs8._.js:776
[  576990ms] [LOG] [Fast Refresh] done in 2398ms @ http://localhost:3000/_next/static/chunks/node_modules_next_dist_1e8vcs8._.js:776
[  577070ms] [LOG] [Fast Refresh] done in 2398ms @ http://localhost:3000/_next/static/chunks/node_modules_next_dist_1e8vcs8._.js:776
[  577198ms] [LOG] [Fast Refresh] done in 2398ms @ http://localhost:3000/_next/static/chunks/node_modules_next_dist_1e8vcs8._.js:776
[  577331ms] [LOG] [Fast Refresh] done in 2398ms @ http://localhost:3000/_next/static/chunks/node_modules_next_dist_1e8vcs8._.js:776
[  577400ms] [LOG] [Fast Refresh] done in 2398ms @ http://localhost:3000/_next/static/chunks/node_modules_next_dist_1e8vcs8._.js:776
[  577475ms] [LOG] [Fast Refresh] done in 2398ms @ http://localhost:3000/_next/static/chunks/node_modules_next_dist_1e8vcs8._.js:776
[  577591ms] [LOG] [Fast Refresh] done in 2398ms @ http://localhost:3000/_next/static/chunks/node_modules_next_dist_1e8vcs8._.js:776
[  577704ms] [LOG] [Fast Refresh] done in 2398ms @ http://localhost:3000/_next/static/chunks/node_modules_next_dist_1e8vcs8._.js:776
[  577838ms] [LOG] [Fast Refresh] done in 2398ms @ http://localhost:3000/_next/static/chunks/node_modules_next_dist_1e8vcs8._.js:776
[  577896ms] [LOG] [Fast Refresh] done in 2398ms @ http://localhost:3000/_next/static/chunks/node_modules_next_dist_1e8vcs8._.js:776
[  578023ms] [LOG] [Fast Refresh] done in 2398ms @ http://localhost:3000/_next/static/chunks/node_modules_next_dist_1e8vcs8._.js:776
[  578183ms] [LOG] [Fast Refresh] done in 2398ms @ http://localhost:3000/_next/static/chunks/node_modules_next_dist_1e8vcs8._.js:776
[  578300ms] [LOG] [Fast Refresh] done in 2398ms @ http://localhost:3000/_next/static/chunks/node_modules_next_dist_1e8vcs8._.js:776
[  578437ms] [LOG] [Fast Refresh] done in 2398ms @ http://localhost:3000/_next/static/chunks/node_modules_next_dist_1e8vcs8._.js:776
[  578538ms] [LOG] [Fast Refresh] done in 2398ms @ http://localhost:3000/_next/static/chunks/node_modules_next_dist_1e8vcs8._.js:776
[  578673ms] [LOG] [Fast Refresh] done in 2398ms @ http://localhost:3000/_next/static/chunks/node_modules_next_dist_1e8vcs8._.js:776
[  578756ms] [LOG] [Fast Refresh] done in 2398ms @ http://localhost:3000/_next/static/chunks/node_modules_next_dist_1e8vcs8._.js:776
[  578854ms] [LOG] [Fast Refresh] done in 2398ms @ http://localhost:3000/_next/static/chunks/node_modules_next_dist_1e8vcs8._.js:776
[  578967ms] [LOG] [Fast Refresh] done in 2398ms @ http://localhost:3000/_next/static/chunks/node_modules_next_dist_1e8vcs8._.js:776
[  579070ms] [LOG] [Fast Refresh] done in 2398ms @ http://localhost:3000/_next/static/chunks/node_modules_next_dist_1e8vcs8._.js:776
[  579164ms] [LOG] [Fast Refresh] done in 2398ms @ http://localhost:3000/_next/static/chunks/node_modules_next_dist_1e8vcs8._.js:776
[  579281ms] [LOG] [Fast Refresh] done in 2398ms @ http://localhost:3000/_next/static/chunks/node_modules_next_dist_1e8vcs8._.js:776
[  579418ms] [LOG] [Fast Refresh] done in 2398ms @ http://localhost:3000/_next/static/chunks/node_modules_next_dist_1e8vcs8._.js:776
[  579554ms] [LOG] [Fast Refresh] done in 2398ms @ http://localhost:3000/_next/static/chunks/node_modules_next_dist_1e8vcs8._.js:776
[  579692ms] [LOG] [Fast Refresh] done in 2398ms @ http://localhost:3000/_next/static/chunks/node_modules_next_dist_1e8vcs8._.js:776
[  579802ms] [LOG] [Fast Refresh] done in 2398ms @ http://localhost:3000/_next/static/chunks/node_modules_next_dist_1e8vcs8._.js:776
[  579915ms] [LOG] [Fast Refresh] done in 2398ms @ http://localhost:3000/_next/static/chunks/node_modules_next_dist_1e8vcs8._.js:776
[  580006ms] [LOG] [Fast Refresh] done in 2398ms @ http://localhost:3000/_next/static/chunks/node_modules_next_dist_1e8vcs8._.js:776
[  580112ms] [LOG] [Fast Refresh] done in 2398ms @ http://localhost:3000/_next/static/chunks/node_modules_next_dist_1e8vcs8._.js:776
[  580221ms] [LOG] [Fast Refresh] done in 2398ms @ http://localhost:3000/_next/static/chunks/node_modules_next_dist_1e8vcs8._.js:776
[  580287ms] [LOG] [Fast Refresh] done in 2398ms @ http://localhost:3000/_next/static/chunks/node_modules_next_dist_1e8vcs8._.js:776
[  580382ms] [LOG] [Fast Refresh] done in 2398ms @ http://localhost:3000/_next/static/chunks/node_modules_next_dist_1e8vcs8._.js:776
[  580497ms] [LOG] [Fast Refresh] done in 2398ms @ http://localhost:3000/_next/static/chunks/node_modules_next_dist_1e8vcs8._.js:776
[  580627ms] [LOG] [Fast Refresh] done in 2398ms @ http://localhost:3000/_next/static/chunks/node_modules_next_dist_1e8vcs8._.js:776
[  580766ms] [LOG] [Fast Refresh] done in 2398ms @ http://localhost:3000/_next/static/chunks/node_modules_next_dist_1e8vcs8._.js:776
[  580885ms] [LOG] [Fast Refresh] done in 2398ms @ http://localhost:3000/_next/static/chunks/node_modules_next_dist_1e8vcs8._.js:776
[  580992ms] [LOG] [Fast Refresh] done in 2398ms @ http://localhost:3000/_next/static/chunks/node_modules_next_dist_1e8vcs8._.js:776
[  581138ms] [LOG] [Fast Refresh] done in 2398ms @ http://localhost:3000/_next/static/chunks/node_modules_next_dist_1e8vcs8._.js:776
[  581230ms] [LOG] [Fast Refresh] done in 2398ms @ http://localhost:3000/_next/static/chunks/node_modules_next_dist_1e8vcs8._.js:776
[  581331ms] [LOG] [Fast Refresh] done in 2398ms @ http://localhost:3000/_next/static/chunks/node_modules_next_dist_1e8vcs8._.js:776
[  581435ms] [LOG] [Fast Refresh] done in 2398ms @ http://localhost:3000/_next/static/chunks/node_modules_next_dist_1e8vcs8._.js:776
[  581501ms] [LOG] [Fast Refresh] done in 2398ms @ http://localhost:3000/_next/static/chunks/node_modules_next_dist_1e8vcs8._.js:776
[  581594ms] [LOG] [Fast Refresh] done in 2398ms @ http://localhost:3000/_next/static/chunks/node_modules_next_dist_1e8vcs8._.js:776
[  581662ms] [LOG] [Fast Refresh] done in 2398ms @ http://localhost:3000/_next/static/chunks/node_modules_next_dist_1e8vcs8._.js:776
[  581726ms] [LOG] [Fast Refresh] done in 2398ms @ http://localhost:3000/_next/static/chunks/node_modules_next_dist_1e8vcs8._.js:776
[  581790ms] [LOG] [Fast Refresh] done in 2398ms @ http://localhost:3000/_next/static/chunks/node_modules_next_dist_1e8vcs8._.js:776
[  581902ms] [LOG] [Fast Refresh] done in 2398ms @ http://localhost:3000/_next/static/chunks/node_modules_next_dist_1e8vcs8._.js:776
[  582030ms] [LOG] [Fast Refresh] done in 2398ms @ http://localhost:3000/_next/static/chunks/node_modules_next_dist_1e8vcs8._.js:776
[  582138ms] [LOG] [Fast Refresh] done in 2398ms @ http://localhost:3000/_next/static/chunks/node_modules_next_dist_1e8vcs8._.js:776
[  582237ms] [LOG] [Fast Refresh] done in 2398ms @ http://localhost:3000/_next/static/chunks/node_modules_next_dist_1e8vcs8._.js:776
[  582322ms] [LOG] [Fast Refresh] done in 2398ms @ http://localhost:3000/_next/static/chunks/node_modules_next_dist_1e8vcs8._.js:776
[  582416ms] [LOG] [Fast Refresh] done in 2398ms @ http://localhost:3000/_next/static/chunks/node_modules_next_dist_1e8vcs8._.js:776
[  582499ms] [LOG] [Fast Refresh] done in 2398ms @ http://localhost:3000/_next/static/chunks/node_modules_next_dist_1e8vcs8._.js:776
[  582563ms] [LOG] [Fast Refresh] done in 2398ms @ http://localhost:3000/_next/static/chunks/node_modules_next_dist_1e8vcs8._.js:776
[  582660ms] [LOG] [Fast Refresh] done in 2398ms @ http://localhost:3000/_next/static/chunks/node_modules_next_dist_1e8vcs8._.js:776
[  582753ms] [LOG] [Fast Refresh] done in 2398ms @ http://localhost:3000/_next/static/chunks/node_modules_next_dist_1e8vcs8._.js:776
[  582822ms] [LOG] [Fast Refresh] done in 2398ms @ http://localhost:3000/_next/static/chunks/node_modules_next_dist_1e8vcs8._.js:776
[  582931ms] [LOG] [Fast Refresh] done in 2398ms @ http://localhost:3000/_next/static/chunks/node_modules_next_dist_1e8vcs8._.js:776
[  583074ms] [LOG] [Fast Refresh] done in 2398ms @ http://localhost:3000/_next/static/chunks/node_modules_next_dist_1e8vcs8._.js:776
[  583196ms] [LOG] [Fast Refresh] done in 2398ms @ http://localhost:3000/_next/static/chunks/node_modules_next_dist_1e8vcs8._.js:776
[  583270ms] [LOG] [Fast Refresh] done in 2398ms @ http://localhost:3000/_next/static/chunks/node_modules_next_dist_1e8vcs8._.js:776
[  583381ms] [LOG] [Fast Refresh] done in 2398ms @ http://localhost:3000/_next/static/chunks/node_modules_next_dist_1e8vcs8._.js:776
[  583469ms] [LOG] [Fast Refresh] done in 2398ms @ http://localhost:3000/_next/static/chunks/node_modules_next_dist_1e8vcs8._.js:776
[  583571ms] [LOG] [Fast Refresh] done in 2398ms @ http://localhost:3000/_next/static/chunks/node_modules_next_dist_1e8vcs8._.js:776
[  583672ms] [LOG] [Fast Refresh] done in 2398ms @ http://localhost:3000/_next/static/chunks/node_modules_next_dist_1e8vcs8._.js:776
[  583770ms] [LOG] [Fast Refresh] done in 2398ms @ http://localhost:3000/_next/static/chunks/node_modules_next_dist_1e8vcs8._.js:776
[  583845ms] [LOG] [Fast Refresh] done in 2398ms @ http://localhost:3000/_next/static/chunks/node_modules_next_dist_1e8vcs8._.js:776
[  583931ms] [LOG] [Fast Refresh] done in 2398ms @ http://localhost:3000/_next/static/chunks/node_modules_next_dist_1e8vcs8._.js:776
[  584007ms] [LOG] [Fast Refresh] done in 2398ms @ http://localhost:3000/_next/static/chunks/node_modules_next_dist_1e8vcs8._.js:776
[  584096ms] [LOG] [Fast Refresh] done in 2398ms @ http://localhost:3000/_next/static/chunks/node_modules_next_dist_1e8vcs8._.js:776
[  584220ms] [LOG] [Fast Refresh] done in 2398ms @ http://localhost:3000/_next/static/chunks/node_modules_next_dist_1e8vcs8._.js:776
[  584302ms] [LOG] [Fast Refresh] done in 2398ms @ http://localhost:3000/_next/static/chunks/node_modules_next_dist_1e8vcs8._.js:776
[  584397ms] [LOG] [Fast Refresh] done in 2398ms @ http://localhost:3000/_next/static/chunks/node_modules_next_dist_1e8vcs8._.js:776
[  584471ms] [LOG] [Fast Refresh] done in 2398ms @ http://localhost:3000/_next/static/chunks/node_modules_next_dist_1e8vcs8._.js:776
[  584591ms] [LOG] [Fast Refresh] done in 2398ms @ http://localhost:3000/_next/static/chunks/node_modules_next_dist_1e8vcs8._.js:776
[  584670ms] [LOG] [Fast Refresh] done in 2398ms @ http://localhost:3000/_next/static/chunks/node_modules_next_dist_1e8vcs8._.js:776
[  584769ms] [LOG] [Fast Refresh] done in 2398ms @ http://localhost:3000/_next/static/chunks/node_modules_next_dist_1e8vcs8._.js:776
[  584864ms] [LOG] [Fast Refresh] done in 2398ms @ http://localhost:3000/_next/static/chunks/node_modules_next_dist_1e8vcs8._.js:776
[  584981ms] [LOG] [Fast Refresh] done in 2398ms @ http://localhost:3000/_next/static/chunks/node_modules_next_dist_1e8vcs8._.js:776
[  585093ms] [LOG] [Fast Refresh] done in 2398ms @ http://localhost:3000/_next/static/chunks/node_modules_next_dist_1e8vcs8._.js:776
[  585219ms] [LOG] [Fast Refresh] done in 2398ms @ http://localhost:3000/_next/static/chunks/node_modules_next_dist_1e8vcs8._.js:776
[  585319ms] [LOG] [Fast Refresh] done in 2398ms @ http://localhost:3000/_next/static/chunks/node_modules_next_dist_1e8vcs8._.js:776
[  585398ms] [LOG] [Fast Refresh] done in 2398ms @ http://localhost:3000/_next/static/chunks/node_modules_next_dist_1e8vcs8._.js:776
[  585479ms] [LOG] [Fast Refresh] done in 2398ms @ http://localhost:3000/_next/static/chunks/node_modules_next_dist_1e8vcs8._.js:776
[  585577ms] [LOG] [Fast Refresh] done in 2398ms @ http://localhost:3000/_next/static/chunks/node_modules_next_dist_1e8vcs8._.js:776
[  585689ms] [LOG] [Fast Refresh] done in 2398ms @ http://localhost:3000/_next/static/chunks/node_modules_next_dist_1e8vcs8._.js:776
[  585787ms] [LOG] [Fast Refresh] done in 2398ms @ http://localhost:3000/_next/static/chunks/node_modules_next_dist_1e8vcs8._.js:776
[  585899ms] [LOG] [Fast Refresh] done in 2398ms @ http://localhost:3000/_next/static/chunks/node_modules_next_dist_1e8vcs8._.js:776
[  586005ms] [LOG] [Fast Refresh] done in 2398ms @ http://localhost:3000/_next/static/chunks/node_modules_next_dist_1e8vcs8._.js:776
[  586104ms] [LOG] [Fast Refresh] done in 2398ms @ http://localhost:3000/_next/static/chunks/node_modules_next_dist_1e8vcs8._.js:776
[  586202ms] [LOG] [Fast Refresh] done in 2398ms @ http://localhost:3000/_next/static/chunks/node_modules_next_dist_1e8vcs8._.js:776
[  586283ms] [LOG] [Fast Refresh] done in 2398ms @ http://localhost:3000/_next/static/chunks/node_modules_next_dist_1e8vcs8._.js:776
[  586390ms] [LOG] [Fast Refresh] done in 2398ms @ http://localhost:3000/_next/static/chunks/node_modules_next_dist_1e8vcs8._.js:776
[  586485ms] [LOG] [Fast Refresh] done in 2398ms @ http://localhost:3000/_next/static/chunks/node_modules_next_dist_1e8vcs8._.js:776
[  586566ms] [LOG] [Fast Refresh] done in 2398ms @ http://localhost:3000/_next/static/chunks/node_modules_next_dist_1e8vcs8._.js:776
[  586664ms] [LOG] [Fast Refresh] done in 2398ms @ http://localhost:3000/_next/static/chunks/node_modules_next_dist_1e8vcs8._.js:776
[  586770ms] [LOG] [Fast Refresh] done in 2398ms @ http://localhost:3000/_next/static/chunks/node_modules_next_dist_1e8vcs8._.js:776
[  586872ms] [LOG] [Fast Refresh] done in 2398ms @ http://localhost:3000/_next/static/chunks/node_modules_next_dist_1e8vcs8._.js:776
[  587208ms] [LOG] [Fast Refresh] rebuilding @ http://localhost:3000/_next/static/chunks/node_modules_next_dist_1e8vcs8._.js:776
[  588214ms] [LOG] [Fast Refresh] done in 1023ms @ http://localhost:3000/_next/static/chunks/node_modules_next_dist_1e8vcs8._.js:776
[  599836ms] [LOG] [Fast Refresh] rebuilding @ http://localhost:3000/_next/static/chunks/node_modules_next_dist_1e8vcs8._.js:776
[  601259ms] [LOG] [Fast Refresh] done in 1229ms @ http://localhost:3000/_next/static/chunks/node_modules_next_dist_1e8vcs8._.js:776
[  613236ms] [LOG] [Fast Refresh] rebuilding @ http://localhost:3000/_next/static/chunks/node_modules_next_dist_1e8vcs8._.js:776
[  614889ms] [LOG] [Fast Refresh] done in 1697ms @ http://localhost:3000/_next/static/chunks/node_modules_next_dist_1e8vcs8._.js:776
[  614938ms] [LOG] [Fast Refresh] done in 1697ms @ http://localhost:3000/_next/static/chunks/node_modules_next_dist_1e8vcs8._.js:776
[  626093ms] [LOG] [Fast Refresh] rebuilding @ http://localhost:3000/_next/static/chunks/node_modules_next_dist_1e8vcs8._.js:776
[  627445ms] [LOG] [Fast Refresh] done in 1147ms @ http://localhost:3000/_next/static/chunks/node_modules_next_dist_1e8vcs8._.js:776
[  627526ms] [LOG] [Fast Refresh] done in 1147ms @ http://localhost:3000/_next/static/chunks/node_modules_next_dist_1e8vcs8._.js:776
[  627655ms] [LOG] [Fast Refresh] done in 1147ms @ http://localhost:3000/_next/static/chunks/node_modules_next_dist_1e8vcs8._.js:776
[  627770ms] [LOG] [Fast Refresh] done in 1147ms @ http://localhost:3000/_next/static/chunks/node_modules_next_dist_1e8vcs8._.js:776
[  627855ms] [LOG] [Fast Refresh] done in 1147ms @ http://localhost:3000/_next/static/chunks/node_modules_next_dist_1e8vcs8._.js:776
[  627938ms] [LOG] [Fast Refresh] done in 1147ms @ http://localhost:3000/_next/static/chunks/node_modules_next_dist_1e8vcs8._.js:776
[  628006ms] [LOG] [Fast Refresh] done in 1147ms @ http://localhost:3000/_next/static/chunks/node_modules_next_dist_1e8vcs8._.js:776
[  628147ms] [LOG] [Fast Refresh] done in 1147ms @ http://localhost:3000/_next/static/chunks/node_modules_next_dist_1e8vcs8._.js:776
[  628275ms] [LOG] [Fast Refresh] done in 1147ms @ http://localhost:3000/_next/static/chunks/node_modules_next_dist_1e8vcs8._.js:776
[  628394ms] [LOG] [Fast Refresh] done in 1147ms @ http://localhost:3000/_next/static/chunks/node_modules_next_dist_1e8vcs8._.js:776
[  628515ms] [LOG] [Fast Refresh] done in 1147ms @ http://localhost:3000/_next/static/chunks/node_modules_next_dist_1e8vcs8._.js:776
[  628635ms] [LOG] [Fast Refresh] done in 1147ms @ http://localhost:3000/_next/static/chunks/node_modules_next_dist_1e8vcs8._.js:776
[  628727ms] [LOG] [Fast Refresh] done in 1147ms @ http://localhost:3000/_next/static/chunks/node_modules_next_dist_1e8vcs8._.js:776
[  628848ms] [LOG] [Fast Refresh] done in 1147ms @ http://localhost:3000/_next/static/chunks/node_modules_next_dist_1e8vcs8._.js:776
[  628956ms] [LOG] [Fast Refresh] done in 1147ms @ http://localhost:3000/_next/static/chunks/node_modules_next_dist_1e8vcs8._.js:776
[  629070ms] [LOG] [Fast Refresh] done in 1147ms @ http://localhost:3000/_next/static/chunks/node_modules_next_dist_1e8vcs8._.js:776
[  629171ms] [LOG] [Fast Refresh] done in 1147ms @ http://localhost:3000/_next/static/chunks/node_modules_next_dist_1e8vcs8._.js:776
[  629278ms] [LOG] [Fast Refresh] done in 1147ms @ http://localhost:3000/_next/static/chunks/node_modules_next_dist_1e8vcs8._.js:776
[  629401ms] [LOG] [Fast Refresh] done in 1147ms @ http://localhost:3000/_next/static/chunks/node_modules_next_dist_1e8vcs8._.js:776
[  629487ms] [LOG] [Fast Refresh] done in 1147ms @ http://localhost:3000/_next/static/chunks/node_modules_next_dist_1e8vcs8._.js:776
[  629573ms] [LOG] [Fast Refresh] done in 1147ms @ http://localhost:3000/_next/static/chunks/node_modules_next_dist_1e8vcs8._.js:776
[  629628ms] [LOG] [Fast Refresh] done in 1147ms @ http://localhost:3000/_next/static/chunks/node_modules_next_dist_1e8vcs8._.js:776
[  629753ms] [LOG] [Fast Refresh] done in 1147ms @ http://localhost:3000/_next/static/chunks/node_modules_next_dist_1e8vcs8._.js:776
[  629835ms] [LOG] [Fast Refresh] done in 1147ms @ http://localhost:3000/_next/static/chunks/node_modules_next_dist_1e8vcs8._.js:776
[  629985ms] [LOG] [Fast Refresh] done in 1147ms @ http://localhost:3000/_next/static/chunks/node_modules_next_dist_1e8vcs8._.js:776
[  630112ms] [LOG] [Fast Refresh] done in 1147ms @ http://localhost:3000/_next/static/chunks/node_modules_next_dist_1e8vcs8._.js:776
[  630230ms] [LOG] [Fast Refresh] done in 1147ms @ http://localhost:3000/_next/static/chunks/node_modules_next_dist_1e8vcs8._.js:776
[  630368ms] [LOG] [Fast Refresh] done in 1147ms @ http://localhost:3000/_next/static/chunks/node_modules_next_dist_1e8vcs8._.js:776
[  630448ms] [LOG] [Fast Refresh] done in 1147ms @ http://localhost:3000/_next/static/chunks/node_modules_next_dist_1e8vcs8._.js:776
[  630538ms] [LOG] [Fast Refresh] done in 1147ms @ http://localhost:3000/_next/static/chunks/node_modules_next_dist_1e8vcs8._.js:776
[  630643ms] [LOG] [Fast Refresh] done in 1147ms @ http://localhost:3000/_next/static/chunks/node_modules_next_dist_1e8vcs8._.js:776
[  630795ms] [LOG] [Fast Refresh] done in 1147ms @ http://localhost:3000/_next/static/chunks/node_modules_next_dist_1e8vcs8._.js:776
[  630906ms] [LOG] [Fast Refresh] done in 1147ms @ http://localhost:3000/_next/static/chunks/node_modules_next_dist_1e8vcs8._.js:776
[  631026ms] [LOG] [Fast Refresh] done in 1147ms @ http://localhost:3000/_next/static/chunks/node_modules_next_dist_1e8vcs8._.js:776
[  631134ms] [LOG] [Fast Refresh] done in 1147ms @ http://localhost:3000/_next/static/chunks/node_modules_next_dist_1e8vcs8._.js:776
[  631260ms] [LOG] [Fast Refresh] done in 1147ms @ http://localhost:3000/_next/static/chunks/node_modules_next_dist_1e8vcs8._.js:776
[  631394ms] [LOG] [Fast Refresh] done in 1147ms @ http://localhost:3000/_next/static/chunks/node_modules_next_dist_1e8vcs8._.js:776
[  631472ms] [LOG] [Fast Refresh] done in 1147ms @ http://localhost:3000/_next/static/chunks/node_modules_next_dist_1e8vcs8._.js:776
[  631604ms] [LOG] [Fast Refresh] done in 1147ms @ http://localhost:3000/_next/static/chunks/node_modules_next_dist_1e8vcs8._.js:776
[  631736ms] [LOG] [Fast Refresh] done in 1147ms @ http://localhost:3000/_next/static/chunks/node_modules_next_dist_1e8vcs8._.js:776
[  631820ms] [LOG] [Fast Refresh] done in 1147ms @ http://localhost:3000/_next/static/chunks/node_modules_next_dist_1e8vcs8._.js:776
[  631934ms] [LOG] [Fast Refresh] done in 1147ms @ http://localhost:3000/_next/static/chunks/node_modules_next_dist_1e8vcs8._.js:776
[  632055ms] [LOG] [Fast Refresh] done in 1147ms @ http://localhost:3000/_next/static/chunks/node_modules_next_dist_1e8vcs8._.js:776
[  632166ms] [LOG] [Fast Refresh] done in 1147ms @ http://localhost:3000/_next/static/chunks/node_modules_next_dist_1e8vcs8._.js:776
[  632290ms] [LOG] [Fast Refresh] done in 1147ms @ http://localhost:3000/_next/static/chunks/node_modules_next_dist_1e8vcs8._.js:776
[  632379ms] [LOG] [Fast Refresh] done in 1147ms @ http://localhost:3000/_next/static/chunks/node_modules_next_dist_1e8vcs8._.js:776
[  632459ms] [LOG] [Fast Refresh] done in 1147ms @ http://localhost:3000/_next/static/chunks/node_modules_next_dist_1e8vcs8._.js:776
[  632544ms] [LOG] [Fast Refresh] done in 1147ms @ http://localhost:3000/_next/static/chunks/node_modules_next_dist_1e8vcs8._.js:776
[  632686ms] [LOG] [Fast Refresh] done in 1147ms @ http://localhost:3000/_next/static/chunks/node_modules_next_dist_1e8vcs8._.js:776
[  632809ms] [LOG] [Fast Refresh] done in 1147ms @ http://localhost:3000/_next/static/chunks/node_modules_next_dist_1e8vcs8._.js:776
[  632934ms] [LOG] [Fast Refresh] done in 1147ms @ http://localhost:3000/_next/static/chunks/node_modules_next_dist_1e8vcs8._.js:776
[  633069ms] [LOG] [Fast Refresh] done in 1147ms @ http://localhost:3000/_next/static/chunks/node_modules_next_dist_1e8vcs8._.js:776
[  633182ms] [LOG] [Fast Refresh] done in 1147ms @ http://localhost:3000/_next/static/chunks/node_modules_next_dist_1e8vcs8._.js:776
[  633300ms] [LOG] [Fast Refresh] done in 1147ms @ http://localhost:3000/_next/static/chunks/node_modules_next_dist_1e8vcs8._.js:776
[  633430ms] [LOG] [Fast Refresh] done in 1147ms @ http://localhost:3000/_next/static/chunks/node_modules_next_dist_1e8vcs8._.js:776
[  633564ms] [LOG] [Fast Refresh] done in 1147ms @ http://localhost:3000/_next/static/chunks/node_modules_next_dist_1e8vcs8._.js:776
[  633685ms] [LOG] [Fast Refresh] done in 1147ms @ http://localhost:3000/_next/static/chunks/node_modules_next_dist_1e8vcs8._.js:776
[  633849ms] [LOG] [Fast Refresh] done in 1147ms @ http://localhost:3000/_next/static/chunks/node_modules_next_dist_1e8vcs8._.js:776
[  634003ms] [LOG] [Fast Refresh] done in 1147ms @ http://localhost:3000/_next/static/chunks/node_modules_next_dist_1e8vcs8._.js:776
[  634112ms] [LOG] [Fast Refresh] done in 1147ms @ http://localhost:3000/_next/static/chunks/node_modules_next_dist_1e8vcs8._.js:776
[  634253ms] [LOG] [Fast Refresh] done in 1147ms @ http://localhost:3000/_next/static/chunks/node_modules_next_dist_1e8vcs8._.js:776
[  634350ms] [LOG] [Fast Refresh] done in 1147ms @ http://localhost:3000/_next/static/chunks/node_modules_next_dist_1e8vcs8._.js:776
[  634490ms] [LOG] [Fast Refresh] done in 1147ms @ http://localhost:3000/_next/static/chunks/node_modules_next_dist_1e8vcs8._.js:776
[  634593ms] [LOG] [Fast Refresh] done in 1147ms @ http://localhost:3000/_next/static/chunks/node_modules_next_dist_1e8vcs8._.js:776
[  634737ms] [LOG] [Fast Refresh] done in 1147ms @ http://localhost:3000/_next/static/chunks/node_modules_next_dist_1e8vcs8._.js:776
[  634879ms] [LOG] [Fast Refresh] done in 1147ms @ http://localhost:3000/_next/static/chunks/node_modules_next_dist_1e8vcs8._.js:776
[  634961ms] [LOG] [Fast Refresh] done in 1147ms @ http://localhost:3000/_next/static/chunks/node_modules_next_dist_1e8vcs8._.js:776
[  635047ms] [LOG] [Fast Refresh] done in 1147ms @ http://localhost:3000/_next/static/chunks/node_modules_next_dist_1e8vcs8._.js:776
[  635162ms] [LOG] [Fast Refresh] done in 1147ms @ http://localhost:3000/_next/static/chunks/node_modules_next_dist_1e8vcs8._.js:776
[  635257ms] [LOG] [Fast Refresh] done in 1147ms @ http://localhost:3000/_next/static/chunks/node_modules_next_dist_1e8vcs8._.js:776
[  635387ms] [LOG] [Fast Refresh] done in 1147ms @ http://localhost:3000/_next/static/chunks/node_modules_next_dist_1e8vcs8._.js:776
[  635515ms] [LOG] [Fast Refresh] done in 1147ms @ http://localhost:3000/_next/static/chunks/node_modules_next_dist_1e8vcs8._.js:776
[  635605ms] [LOG] [Fast Refresh] done in 1147ms @ http://localhost:3000/_next/static/chunks/node_modules_next_dist_1e8vcs8._.js:776
[  635738ms] [LOG] [Fast Refresh] done in 1147ms @ http://localhost:3000/_next/static/chunks/node_modules_next_dist_1e8vcs8._.js:776
[  635867ms] [LOG] [Fast Refresh] done in 1147ms @ http://localhost:3000/_next/static/chunks/node_modules_next_dist_1e8vcs8._.js:776
[  635984ms] [LOG] [Fast Refresh] done in 1147ms @ http://localhost:3000/_next/static/chunks/node_modules_next_dist_1e8vcs8._.js:776
[  636091ms] [LOG] [Fast Refresh] done in 1147ms @ http://localhost:3000/_next/static/chunks/node_modules_next_dist_1e8vcs8._.js:776
[  636191ms] [LOG] [Fast Refresh] done in 1147ms @ http://localhost:3000/_next/static/chunks/node_modules_next_dist_1e8vcs8._.js:776
[  636300ms] [LOG] [Fast Refresh] done in 1147ms @ http://localhost:3000/_next/static/chunks/node_modules_next_dist_1e8vcs8._.js:776
[  636439ms] [LOG] [Fast Refresh] done in 1147ms @ http://localhost:3000/_next/static/chunks/node_modules_next_dist_1e8vcs8._.js:776
[  636526ms] [LOG] [Fast Refresh] done in 1147ms @ http://localhost:3000/_next/static/chunks/node_modules_next_dist_1e8vcs8._.js:776
[  636633ms] [LOG] [Fast Refresh] done in 1147ms @ http://localhost:3000/_next/static/chunks/node_modules_next_dist_1e8vcs8._.js:776
[  636698ms] [LOG] [Fast Refresh] done in 1147ms @ http://localhost:3000/_next/static/chunks/node_modules_next_dist_1e8vcs8._.js:776
[  636794ms] [LOG] [Fast Refresh] done in 1147ms @ http://localhost:3000/_next/static/chunks/node_modules_next_dist_1e8vcs8._.js:776
[  636889ms] [LOG] [Fast Refresh] done in 1147ms @ http://localhost:3000/_next/static/chunks/node_modules_next_dist_1e8vcs8._.js:776
[  636999ms] [LOG] [Fast Refresh] done in 1147ms @ http://localhost:3000/_next/static/chunks/node_modules_next_dist_1e8vcs8._.js:776
[  637063ms] [LOG] [Fast Refresh] done in 1147ms @ http://localhost:3000/_next/static/chunks/node_modules_next_dist_1e8vcs8._.js:776
[  637149ms] [LOG] [Fast Refresh] done in 1147ms @ http://localhost:3000/_next/static/chunks/node_modules_next_dist_1e8vcs8._.js:776
[  637265ms] [LOG] [Fast Refresh] done in 1147ms @ http://localhost:3000/_next/static/chunks/node_modules_next_dist_1e8vcs8._.js:776
[  637378ms] [LOG] [Fast Refresh] done in 1147ms @ http://localhost:3000/_next/static/chunks/node_modules_next_dist_1e8vcs8._.js:776
[  637462ms] [LOG] [Fast Refresh] done in 1147ms @ http://localhost:3000/_next/static/chunks/node_modules_next_dist_1e8vcs8._.js:776
[  637569ms] [LOG] [Fast Refresh] done in 1147ms @ http://localhost:3000/_next/static/chunks/node_modules_next_dist_1e8vcs8._.js:776
[  637695ms] [LOG] [Fast Refresh] done in 1147ms @ http://localhost:3000/_next/static/chunks/node_modules_next_dist_1e8vcs8._.js:776
[  637789ms] [LOG] [Fast Refresh] done in 1147ms @ http://localhost:3000/_next/static/chunks/node_modules_next_dist_1e8vcs8._.js:776
[  637878ms] [LOG] [Fast Refresh] done in 1147ms @ http://localhost:3000/_next/static/chunks/node_modules_next_dist_1e8vcs8._.js:776
[  637983ms] [LOG] [Fast Refresh] done in 1147ms @ http://localhost:3000/_next/static/chunks/node_modules_next_dist_1e8vcs8._.js:776
[  638089ms] [LOG] [Fast Refresh] done in 1147ms @ http://localhost:3000/_next/static/chunks/node_modules_next_dist_1e8vcs8._.js:776
[  638193ms] [LOG] [Fast Refresh] done in 1147ms @ http://localhost:3000/_next/static/chunks/node_modules_next_dist_1e8vcs8._.js:776
[  638344ms] [LOG] [Fast Refresh] done in 1147ms @ http://localhost:3000/_next/static/chunks/node_modules_next_dist_1e8vcs8._.js:776
[  638446ms] [LOG] [Fast Refresh] done in 1147ms @ http://localhost:3000/_next/static/chunks/node_modules_next_dist_1e8vcs8._.js:776
[  638566ms] [LOG] [Fast Refresh] done in 1147ms @ http://localhost:3000/_next/static/chunks/node_modules_next_dist_1e8vcs8._.js:776
[  638675ms] [LOG] [Fast Refresh] done in 1147ms @ http://localhost:3000/_next/static/chunks/node_modules_next_dist_1e8vcs8._.js:776
[  638794ms] [LOG] [Fast Refresh] done in 1147ms @ http://localhost:3000/_next/static/chunks/node_modules_next_dist_1e8vcs8._.js:776
[  638877ms] [LOG] [Fast Refresh] done in 1147ms @ http://localhost:3000/_next/static/chunks/node_modules_next_dist_1e8vcs8._.js:776
[  638973ms] [LOG] [Fast Refresh] done in 1147ms @ http://localhost:3000/_next/static/chunks/node_modules_next_dist_1e8vcs8._.js:776
[  639067ms] [LOG] [Fast Refresh] done in 1147ms @ http://localhost:3000/_next/static/chunks/node_modules_next_dist_1e8vcs8._.js:776
[  639153ms] [LOG] [Fast Refresh] done in 1147ms @ http://localhost:3000/_next/static/chunks/node_modules_next_dist_1e8vcs8._.js:776
[  639253ms] [LOG] [Fast Refresh] done in 1147ms @ http://localhost:3000/_next/static/chunks/node_modules_next_dist_1e8vcs8._.js:776
[  639371ms] [LOG] [Fast Refresh] done in 1147ms @ http://localhost:3000/_next/static/chunks/node_modules_next_dist_1e8vcs8._.js:776
[  639449ms] [LOG] [Fast Refresh] done in 1147ms @ http://localhost:3000/_next/static/chunks/node_modules_next_dist_1e8vcs8._.js:776
[  639524ms] [LOG] [Fast Refresh] done in 1147ms @ http://localhost:3000/_next/static/chunks/node_modules_next_dist_1e8vcs8._.js:776
[  639595ms] [LOG] [Fast Refresh] done in 1147ms @ http://localhost:3000/_next/static/chunks/node_modules_next_dist_1e8vcs8._.js:776
[  639695ms] [LOG] [Fast Refresh] done in 1147ms @ http://localhost:3000/_next/static/chunks/node_modules_next_dist_1e8vcs8._.js:776
[  639800ms] [LOG] [Fast Refresh] done in 1147ms @ http://localhost:3000/_next/static/chunks/node_modules_next_dist_1e8vcs8._.js:776
[  639927ms] [LOG] [Fast Refresh] done in 1147ms @ http://localhost:3000/_next/static/chunks/node_modules_next_dist_1e8vcs8._.js:776
[  640029ms] [LOG] [Fast Refresh] done in 1147ms @ http://localhost:3000/_next/static/chunks/node_modules_next_dist_1e8vcs8._.js:776
[  640095ms] [LOG] [Fast Refresh] done in 1147ms @ http://localhost:3000/_next/static/chunks/node_modules_next_dist_1e8vcs8._.js:776
[  640167ms] [LOG] [Fast Refresh] done in 1147ms @ http://localhost:3000/_next/static/chunks/node_modules_next_dist_1e8vcs8._.js:776
[  640284ms] [LOG] [Fast Refresh] done in 1147ms @ http://localhost:3000/_next/static/chunks/node_modules_next_dist_1e8vcs8._.js:776
[  640411ms] [LOG] [Fast Refresh] done in 1147ms @ http://localhost:3000/_next/static/chunks/node_modules_next_dist_1e8vcs8._.js:776
[  640544ms] [LOG] [Fast Refresh] done in 1147ms @ http://localhost:3000/_next/static/chunks/node_modules_next_dist_1e8vcs8._.js:776
[  640640ms] [LOG] [Fast Refresh] done in 1147ms @ http://localhost:3000/_next/static/chunks/node_modules_next_dist_1e8vcs8._.js:776
[  640725ms] [LOG] [Fast Refresh] done in 1147ms @ http://localhost:3000/_next/static/chunks/node_modules_next_dist_1e8vcs8._.js:776
[  640813ms] [LOG] [Fast Refresh] done in 1147ms @ http://localhost:3000/_next/static/chunks/node_modules_next_dist_1e8vcs8._.js:776
[  640881ms] [LOG] [Fast Refresh] done in 1147ms @ http://localhost:3000/_next/static/chunks/node_modules_next_dist_1e8vcs8._.js:776
[  640961ms] [LOG] [Fast Refresh] done in 1147ms @ http://localhost:3000/_next/static/chunks/node_modules_next_dist_1e8vcs8._.js:776
[  641062ms] [LOG] [Fast Refresh] done in 1147ms @ http://localhost:3000/_next/static/chunks/node_modules_next_dist_1e8vcs8._.js:776
[  641159ms] [LOG] [Fast Refresh] done in 1147ms @ http://localhost:3000/_next/static/chunks/node_modules_next_dist_1e8vcs8._.js:776
[  641293ms] [LOG] [Fast Refresh] done in 1147ms @ http://localhost:3000/_next/static/chunks/node_modules_next_dist_1e8vcs8._.js:776
[  641407ms] [LOG] [Fast Refresh] done in 1147ms @ http://localhost:3000/_next/static/chunks/node_modules_next_dist_1e8vcs8._.js:776
[  641497ms] [LOG] [Fast Refresh] done in 1147ms @ http://localhost:3000/_next/static/chunks/node_modules_next_dist_1e8vcs8._.js:776
[  641588ms] [LOG] [Fast Refresh] done in 1147ms @ http://localhost:3000/_next/static/chunks/node_modules_next_dist_1e8vcs8._.js:776
[  641675ms] [LOG] [Fast Refresh] done in 1147ms @ http://localhost:3000/_next/static/chunks/node_modules_next_dist_1e8vcs8._.js:776
[  641818ms] [LOG] [Fast Refresh] done in 1147ms @ http://localhost:3000/_next/static/chunks/node_modules_next_dist_1e8vcs8._.js:776
[  641897ms] [LOG] [Fast Refresh] done in 1147ms @ http://localhost:3000/_next/static/chunks/node_modules_next_dist_1e8vcs8._.js:776
[  642001ms] [LOG] [Fast Refresh] done in 1147ms @ http://localhost:3000/_next/static/chunks/node_modules_next_dist_1e8vcs8._.js:776
[  642082ms] [LOG] [Fast Refresh] done in 1147ms @ http://localhost:3000/_next/static/chunks/node_modules_next_dist_1e8vcs8._.js:776
[  642157ms] [LOG] [Fast Refresh] done in 1147ms @ http://localhost:3000/_next/static/chunks/node_modules_next_dist_1e8vcs8._.js:776
[  642242ms] [LOG] [Fast Refresh] done in 1147ms @ http://localhost:3000/_next/static/chunks/node_modules_next_dist_1e8vcs8._.js:776
[  642309ms] [LOG] [Fast Refresh] done in 1147ms @ http://localhost:3000/_next/static/chunks/node_modules_next_dist_1e8vcs8._.js:776
[  642392ms] [LOG] [Fast Refresh] done in 1147ms @ http://localhost:3000/_next/static/chunks/node_modules_next_dist_1e8vcs8._.js:776
[  642470ms] [LOG] [Fast Refresh] done in 1147ms @ http://localhost:3000/_next/static/chunks/node_modules_next_dist_1e8vcs8._.js:776
[  642556ms] [LOG] [Fast Refresh] done in 1147ms @ http://localhost:3000/_next/static/chunks/node_modules_next_dist_1e8vcs8._.js:776
[  642641ms] [LOG] [Fast Refresh] done in 1147ms @ http://localhost:3000/_next/static/chunks/node_modules_next_dist_1e8vcs8._.js:776
[  642737ms] [LOG] [Fast Refresh] done in 1147ms @ http://localhost:3000/_next/static/chunks/node_modules_next_dist_1e8vcs8._.js:776
[  642839ms] [LOG] [Fast Refresh] done in 1147ms @ http://localhost:3000/_next/static/chunks/node_modules_next_dist_1e8vcs8._.js:776
[  642933ms] [LOG] [Fast Refresh] done in 1147ms @ http://localhost:3000/_next/static/chunks/node_modules_next_dist_1e8vcs8._.js:776
[  643031ms] [LOG] [Fast Refresh] done in 1147ms @ http://localhost:3000/_next/static/chunks/node_modules_next_dist_1e8vcs8._.js:776
[  643161ms] [LOG] [Fast Refresh] done in 1147ms @ http://localhost:3000/_next/static/chunks/node_modules_next_dist_1e8vcs8._.js:776
[  643220ms] [LOG] [Fast Refresh] done in 1147ms @ http://localhost:3000/_next/static/chunks/node_modules_next_dist_1e8vcs8._.js:776
[  643296ms] [LOG] [Fast Refresh] done in 1147ms @ http://localhost:3000/_next/static/chunks/node_modules_next_dist_1e8vcs8._.js:776
[  643386ms] [LOG] [Fast Refresh] done in 1147ms @ http://localhost:3000/_next/static/chunks/node_modules_next_dist_1e8vcs8._.js:776
[  643444ms] [LOG] [Fast Refresh] done in 1147ms @ http://localhost:3000/_next/static/chunks/node_modules_next_dist_1e8vcs8._.js:776
[  643540ms] [LOG] [Fast Refresh] done in 1147ms @ http://localhost:3000/_next/static/chunks/node_modules_next_dist_1e8vcs8._.js:776
[  643610ms] [LOG] [Fast Refresh] done in 1147ms @ http://localhost:3000/_next/static/chunks/node_modules_next_dist_1e8vcs8._.js:776
[  643725ms] [LOG] [Fast Refresh] done in 1147ms @ http://localhost:3000/_next/static/chunks/node_modules_next_dist_1e8vcs8._.js:776
[  643792ms] [LOG] [Fast Refresh] done in 1147ms @ http://localhost:3000/_next/static/chunks/node_modules_next_dist_1e8vcs8._.js:776
[  643881ms] [LOG] [Fast Refresh] done in 1147ms @ http://localhost:3000/_next/static/chunks/node_modules_next_dist_1e8vcs8._.js:776
[  643981ms] [LOG] [Fast Refresh] done in 1147ms @ http://localhost:3000/_next/static/chunks/node_modules_next_dist_1e8vcs8._.js:776
[  644132ms] [LOG] [Fast Refresh] done in 1147ms @ http://localhost:3000/_next/static/chunks/node_modules_next_dist_1e8vcs8._.js:776
[  644277ms] [LOG] [Fast Refresh] done in 1147ms @ http://localhost:3000/_next/static/chunks/node_modules_next_dist_1e8vcs8._.js:776
[  644397ms] [LOG] [Fast Refresh] done in 1147ms @ http://localhost:3000/_next/static/chunks/node_modules_next_dist_1e8vcs8._.js:776
[  644515ms] [LOG] [Fast Refresh] done in 1147ms @ http://localhost:3000/_next/static/chunks/node_modules_next_dist_1e8vcs8._.js:776
[  644605ms] [LOG] [Fast Refresh] done in 1147ms @ http://localhost:3000/_next/static/chunks/node_modules_next_dist_1e8vcs8._.js:776
[  644772ms] [LOG] [Fast Refresh] done in 1147ms @ http://localhost:3000/_next/static/chunks/node_modules_next_dist_1e8vcs8._.js:776
[  644884ms] [LOG] [Fast Refresh] done in 1147ms @ http://localhost:3000/_next/static/chunks/node_modules_next_dist_1e8vcs8._.js:776
[  645007ms] [LOG] [Fast Refresh] done in 1147ms @ http://localhost:3000/_next/static/chunks/node_modules_next_dist_1e8vcs8._.js:776
[  645129ms] [LOG] [Fast Refresh] done in 1147ms @ http://localhost:3000/_next/static/chunks/node_modules_next_dist_1e8vcs8._.js:776
[  645250ms] [LOG] [Fast Refresh] done in 1147ms @ http://localhost:3000/_next/static/chunks/node_modules_next_dist_1e8vcs8._.js:776
[  645338ms] [LOG] [Fast Refresh] done in 1147ms @ http://localhost:3000/_next/static/chunks/node_modules_next_dist_1e8vcs8._.js:776
[  645456ms] [LOG] [Fast Refresh] done in 1147ms @ http://localhost:3000/_next/static/chunks/node_modules_next_dist_1e8vcs8._.js:776
[  645548ms] [LOG] [Fast Refresh] done in 1147ms @ http://localhost:3000/_next/static/chunks/node_modules_next_dist_1e8vcs8._.js:776
[  645647ms] [LOG] [Fast Refresh] done in 1147ms @ http://localhost:3000/_next/static/chunks/node_modules_next_dist_1e8vcs8._.js:776
[  645788ms] [LOG] [Fast Refresh] done in 1147ms @ http://localhost:3000/_next/static/chunks/node_modules_next_dist_1e8vcs8._.js:776
[  645864ms] [LOG] [Fast Refresh] done in 1147ms @ http://localhost:3000/_next/static/chunks/node_modules_next_dist_1e8vcs8._.js:776
[  645986ms] [LOG] [Fast Refresh] done in 1147ms @ http://localhost:3000/_next/static/chunks/node_modules_next_dist_1e8vcs8._.js:776
[  646092ms] [LOG] [Fast Refresh] done in 1147ms @ http://localhost:3000/_next/static/chunks/node_modules_next_dist_1e8vcs8._.js:776
[  646180ms] [LOG] [Fast Refresh] done in 1147ms @ http://localhost:3000/_next/static/chunks/node_modules_next_dist_1e8vcs8._.js:776
[  646330ms] [LOG] [Fast Refresh] done in 1147ms @ http://localhost:3000/_next/static/chunks/node_modules_next_dist_1e8vcs8._.js:776
[  646426ms] [LOG] [Fast Refresh] done in 1147ms @ http://localhost:3000/_next/static/chunks/node_modules_next_dist_1e8vcs8._.js:776
[  646531ms] [LOG] [Fast Refresh] done in 1147ms @ http://localhost:3000/_next/static/chunks/node_modules_next_dist_1e8vcs8._.js:776
[  646638ms] [LOG] [Fast Refresh] done in 1147ms @ http://localhost:3000/_next/static/chunks/node_modules_next_dist_1e8vcs8._.js:776
[  646701ms] [LOG] [Fast Refresh] done in 1147ms @ http://localhost:3000/_next/static/chunks/node_modules_next_dist_1e8vcs8._.js:776
[  646803ms] [LOG] [Fast Refresh] done in 1147ms @ http://localhost:3000/_next/static/chunks/node_modules_next_dist_1e8vcs8._.js:776
[  646896ms] [LOG] [Fast Refresh] done in 1147ms @ http://localhost:3000/_next/static/chunks/node_modules_next_dist_1e8vcs8._.js:776
[  646990ms] [LOG] [Fast Refresh] done in 1147ms @ http://localhost:3000/_next/static/chunks/node_modules_next_dist_1e8vcs8._.js:776
[  647090ms] [LOG] [Fast Refresh] done in 1147ms @ http://localhost:3000/_next/static/chunks/node_modules_next_dist_1e8vcs8._.js:776
[  647221ms] [LOG] [Fast Refresh] done in 1147ms @ http://localhost:3000/_next/static/chunks/node_modules_next_dist_1e8vcs8._.js:776
[  647332ms] [LOG] [Fast Refresh] done in 1147ms @ http://localhost:3000/_next/static/chunks/node_modules_next_dist_1e8vcs8._.js:776
[  647460ms] [LOG] [Fast Refresh] done in 1147ms @ http://localhost:3000/_next/static/chunks/node_modules_next_dist_1e8vcs8._.js:776
[  647575ms] [LOG] [Fast Refresh] done in 1147ms @ http://localhost:3000/_next/static/chunks/node_modules_next_dist_1e8vcs8._.js:776
[  647668ms] [LOG] [Fast Refresh] done in 1147ms @ http://localhost:3000/_next/static/chunks/node_modules_next_dist_1e8vcs8._.js:776
[  647786ms] [LOG] [Fast Refresh] done in 1147ms @ http://localhost:3000/_next/static/chunks/node_modules_next_dist_1e8vcs8._.js:776
[  647894ms] [LOG] [Fast Refresh] done in 1147ms @ http://localhost:3000/_next/static/chunks/node_modules_next_dist_1e8vcs8._.js:776
[  648051ms] [LOG] [Fast Refresh] done in 1147ms @ http://localhost:3000/_next/static/chunks/node_modules_next_dist_1e8vcs8._.js:776
[  648138ms] [LOG] [Fast Refresh] done in 1147ms @ http://localhost:3000/_next/static/chunks/node_modules_next_dist_1e8vcs8._.js:776
[  648228ms] [LOG] [Fast Refresh] done in 1147ms @ http://localhost:3000/_next/static/chunks/node_modules_next_dist_1e8vcs8._.js:776
[  648332ms] [LOG] [Fast Refresh] done in 1147ms @ http://localhost:3000/_next/static/chunks/node_modules_next_dist_1e8vcs8._.js:776
[  648435ms] [LOG] [Fast Refresh] done in 1147ms @ http://localhost:3000/_next/static/chunks/node_modules_next_dist_1e8vcs8._.js:776
[  648521ms] [LOG] [Fast Refresh] done in 1147ms @ http://localhost:3000/_next/static/chunks/node_modules_next_dist_1e8vcs8._.js:776
[  648608ms] [LOG] [Fast Refresh] done in 1147ms @ http://localhost:3000/_next/static/chunks/node_modules_next_dist_1e8vcs8._.js:776
[  648707ms] [LOG] [Fast Refresh] done in 1147ms @ http://localhost:3000/_next/static/chunks/node_modules_next_dist_1e8vcs8._.js:776
[  648843ms] [LOG] [Fast Refresh] done in 1147ms @ http://localhost:3000/_next/static/chunks/node_modules_next_dist_1e8vcs8._.js:776
[  648958ms] [LOG] [Fast Refresh] done in 1147ms @ http://localhost:3000/_next/static/chunks/node_modules_next_dist_1e8vcs8._.js:776
[  649092ms] [LOG] [Fast Refresh] done in 1147ms @ http://localhost:3000/_next/static/chunks/node_modules_next_dist_1e8vcs8._.js:776
[  649182ms] [LOG] [Fast Refresh] done in 1147ms @ http://localhost:3000/_next/static/chunks/node_modules_next_dist_1e8vcs8._.js:776
[  649275ms] [LOG] [Fast Refresh] done in 1147ms @ http://localhost:3000/_next/static/chunks/node_modules_next_dist_1e8vcs8._.js:776
[  649401ms] [LOG] [Fast Refresh] done in 1147ms @ http://localhost:3000/_next/static/chunks/node_modules_next_dist_1e8vcs8._.js:776
[  649489ms] [LOG] [Fast Refresh] done in 1147ms @ http://localhost:3000/_next/static/chunks/node_modules_next_dist_1e8vcs8._.js:776
[  649595ms] [LOG] [Fast Refresh] done in 1147ms @ http://localhost:3000/_next/static/chunks/node_modules_next_dist_1e8vcs8._.js:776
[  649701ms] [LOG] [Fast Refresh] done in 1147ms @ http://localhost:3000/_next/static/chunks/node_modules_next_dist_1e8vcs8._.js:776
[  649831ms] [LOG] [Fast Refresh] done in 1147ms @ http://localhost:3000/_next/static/chunks/node_modules_next_dist_1e8vcs8._.js:776
[  649951ms] [LOG] [Fast Refresh] done in 1147ms @ http://localhost:3000/_next/static/chunks/node_modules_next_dist_1e8vcs8._.js:776
[  650057ms] [LOG] [Fast Refresh] done in 1147ms @ http://localhost:3000/_next/static/chunks/node_modules_next_dist_1e8vcs8._.js:776
[  650214ms] [LOG] [Fast Refresh] done in 1147ms @ http://localhost:3000/_next/static/chunks/node_modules_next_dist_1e8vcs8._.js:776
[  650342ms] [LOG] [Fast Refresh] done in 1147ms @ http://localhost:3000/_next/static/chunks/node_modules_next_dist_1e8vcs8._.js:776
[  650440ms] [LOG] [Fast Refresh] done in 1147ms @ http://localhost:3000/_next/static/chunks/node_modules_next_dist_1e8vcs8._.js:776
[  650551ms] [LOG] [Fast Refresh] done in 1147ms @ http://localhost:3000/_next/static/chunks/node_modules_next_dist_1e8vcs8._.js:776
[  650681ms] [LOG] [Fast Refresh] done in 1147ms @ http://localhost:3000/_next/static/chunks/node_modules_next_dist_1e8vcs8._.js:776
[  650797ms] [LOG] [Fast Refresh] done in 1147ms @ http://localhost:3000/_next/static/chunks/node_modules_next_dist_1e8vcs8._.js:776
[  650898ms] [LOG] [Fast Refresh] done in 1147ms @ http://localhost:3000/_next/static/chunks/node_modules_next_dist_1e8vcs8._.js:776
[  651029ms] [LOG] [Fast Refresh] done in 1147ms @ http://localhost:3000/_next/static/chunks/node_modules_next_dist_1e8vcs8._.js:776
[  651153ms] [LOG] [Fast Refresh] done in 1147ms @ http://localhost:3000/_next/static/chunks/node_modules_next_dist_1e8vcs8._.js:776
[  651250ms] [LOG] [Fast Refresh] done in 1147ms @ http://localhost:3000/_next/static/chunks/node_modules_next_dist_1e8vcs8._.js:776
[  651391ms] [LOG] [Fast Refresh] done in 1147ms @ http://localhost:3000/_next/static/chunks/node_modules_next_dist_1e8vcs8._.js:776
[  651535ms] [LOG] [Fast Refresh] done in 1147ms @ http://localhost:3000/_next/static/chunks/node_modules_next_dist_1e8vcs8._.js:776
[  651642ms] [LOG] [Fast Refresh] done in 1147ms @ http://localhost:3000/_next/static/chunks/node_modules_next_dist_1e8vcs8._.js:776
[  651755ms] [LOG] [Fast Refresh] done in 1147ms @ http://localhost:3000/_next/static/chunks/node_modules_next_dist_1e8vcs8._.js:776
[  651874ms] [LOG] [Fast Refresh] done in 1147ms @ http://localhost:3000/_next/static/chunks/node_modules_next_dist_1e8vcs8._.js:776
[  651973ms] [LOG] [Fast Refresh] done in 1147ms @ http://localhost:3000/_next/static/chunks/node_modules_next_dist_1e8vcs8._.js:776
[  652080ms] [LOG] [Fast Refresh] done in 1147ms @ http://localhost:3000/_next/static/chunks/node_modules_next_dist_1e8vcs8._.js:776
[  652201ms] [LOG] [Fast Refresh] done in 1147ms @ http://localhost:3000/_next/static/chunks/node_modules_next_dist_1e8vcs8._.js:776
[  652355ms] [LOG] [Fast Refresh] done in 1147ms @ http://localhost:3000/_next/static/chunks/node_modules_next_dist_1e8vcs8._.js:776
[  652502ms] [LOG] [Fast Refresh] done in 1147ms @ http://localhost:3000/_next/static/chunks/node_modules_next_dist_1e8vcs8._.js:776
[  652576ms] [LOG] [Fast Refresh] done in 1147ms @ http://localhost:3000/_next/static/chunks/node_modules_next_dist_1e8vcs8._.js:776
[  652720ms] [LOG] [Fast Refresh] done in 1147ms @ http://localhost:3000/_next/static/chunks/node_modules_next_dist_1e8vcs8._.js:776
[  652797ms] [LOG] [Fast Refresh] done in 1147ms @ http://localhost:3000/_next/static/chunks/node_modules_next_dist_1e8vcs8._.js:776
[  652937ms] [LOG] [Fast Refresh] done in 1147ms @ http://localhost:3000/_next/static/chunks/node_modules_next_dist_1e8vcs8._.js:776
[  653027ms] [LOG] [Fast Refresh] done in 1147ms @ http://localhost:3000/_next/static/chunks/node_modules_next_dist_1e8vcs8._.js:776
[  653167ms] [LOG] [Fast Refresh] done in 1147ms @ http://localhost:3000/_next/static/chunks/node_modules_next_dist_1e8vcs8._.js:776
[  653261ms] [LOG] [Fast Refresh] done in 1147ms @ http://localhost:3000/_next/static/chunks/node_modules_next_dist_1e8vcs8._.js:776
[  653358ms] [LOG] [Fast Refresh] done in 1147ms @ http://localhost:3000/_next/static/chunks/node_modules_next_dist_1e8vcs8._.js:776
[  653493ms] [LOG] [Fast Refresh] done in 1147ms @ http://localhost:3000/_next/static/chunks/node_modules_next_dist_1e8vcs8._.js:776
[  653631ms] [LOG] [Fast Refresh] done in 1147ms @ http://localhost:3000/_next/static/chunks/node_modules_next_dist_1e8vcs8._.js:776
[  653745ms] [LOG] [Fast Refresh] done in 1147ms @ http://localhost:3000/_next/static/chunks/node_modules_next_dist_1e8vcs8._.js:776
[  653882ms] [LOG] [Fast Refresh] done in 1147ms @ http://localhost:3000/_next/static/chunks/node_modules_next_dist_1e8vcs8._.js:776
[  653968ms] [LOG] [Fast Refresh] done in 1147ms @ http://localhost:3000/_next/static/chunks/node_modules_next_dist_1e8vcs8._.js:776
[  654079ms] [LOG] [Fast Refresh] done in 1147ms @ http://localhost:3000/_next/static/chunks/node_modules_next_dist_1e8vcs8._.js:776
[  654185ms] [LOG] [Fast Refresh] done in 1147ms @ http://localhost:3000/_next/static/chunks/node_modules_next_dist_1e8vcs8._.js:776
[  654334ms] [LOG] [Fast Refresh] done in 1147ms @ http://localhost:3000/_next/static/chunks/node_modules_next_dist_1e8vcs8._.js:776
[  654500ms] [LOG] [Fast Refresh] done in 1147ms @ http://localhost:3000/_next/static/chunks/node_modules_next_dist_1e8vcs8._.js:776
[  654651ms] [LOG] [Fast Refresh] done in 1147ms @ http://localhost:3000/_next/static/chunks/node_modules_next_dist_1e8vcs8._.js:776
[  654780ms] [LOG] [Fast Refresh] done in 1147ms @ http://localhost:3000/_next/static/chunks/node_modules_next_dist_1e8vcs8._.js:776
[  654906ms] [LOG] [Fast Refresh] done in 1147ms @ http://localhost:3000/_next/static/chunks/node_modules_next_dist_1e8vcs8._.js:776
[  655061ms] [LOG] [Fast Refresh] done in 1147ms @ http://localhost:3000/_next/static/chunks/node_modules_next_dist_1e8vcs8._.js:776
[  655165ms] [LOG] [Fast Refresh] done in 1147ms @ http://localhost:3000/_next/static/chunks/node_modules_next_dist_1e8vcs8._.js:776
[  655266ms] [LOG] [Fast Refresh] done in 1147ms @ http://localhost:3000/_next/static/chunks/node_modules_next_dist_1e8vcs8._.js:776
[  655383ms] [LOG] [Fast Refresh] done in 1147ms @ http://localhost:3000/_next/static/chunks/node_modules_next_dist_1e8vcs8._.js:776
[  655459ms] [LOG] [Fast Refresh] done in 1147ms @ http://localhost:3000/_next/static/chunks/node_modules_next_dist_1e8vcs8._.js:776
[  655569ms] [LOG] [Fast Refresh] done in 1147ms @ http://localhost:3000/_next/static/chunks/node_modules_next_dist_1e8vcs8._.js:776
[  655679ms] [LOG] [Fast Refresh] done in 1147ms @ http://localhost:3000/_next/static/chunks/node_modules_next_dist_1e8vcs8._.js:776
[  655790ms] [LOG] [Fast Refresh] done in 1147ms @ http://localhost:3000/_next/static/chunks/node_modules_next_dist_1e8vcs8._.js:776
[  655890ms] [LOG] [Fast Refresh] done in 1147ms @ http://localhost:3000/_next/static/chunks/node_modules_next_dist_1e8vcs8._.js:776
[  655985ms] [LOG] [Fast Refresh] done in 1147ms @ http://localhost:3000/_next/static/chunks/node_modules_next_dist_1e8vcs8._.js:776
[  656085ms] [LOG] [Fast Refresh] done in 1147ms @ http://localhost:3000/_next/static/chunks/node_modules_next_dist_1e8vcs8._.js:776
[  656151ms] [LOG] [Fast Refresh] done in 1147ms @ http://localhost:3000/_next/static/chunks/node_modules_next_dist_1e8vcs8._.js:776
[  656269ms] [LOG] [Fast Refresh] done in 1147ms @ http://localhost:3000/_next/static/chunks/node_modules_next_dist_1e8vcs8._.js:776
[  656361ms] [LOG] [Fast Refresh] done in 1147ms @ http://localhost:3000/_next/static/chunks/node_modules_next_dist_1e8vcs8._.js:776
[  656485ms] [LOG] [Fast Refresh] done in 1147ms @ http://localhost:3000/_next/static/chunks/node_modules_next_dist_1e8vcs8._.js:776
[  656561ms] [LOG] [Fast Refresh] done in 1147ms @ http://localhost:3000/_next/static/chunks/node_modules_next_dist_1e8vcs8._.js:776
[  656686ms] [LOG] [Fast Refresh] done in 1147ms @ http://localhost:3000/_next/static/chunks/node_modules_next_dist_1e8vcs8._.js:776
[  656789ms] [LOG] [Fast Refresh] done in 1147ms @ http://localhost:3000/_next/static/chunks/node_modules_next_dist_1e8vcs8._.js:776
[  656885ms] [LOG] [Fast Refresh] done in 1147ms @ http://localhost:3000/_next/static/chunks/node_modules_next_dist_1e8vcs8._.js:776
[  657010ms] [LOG] [Fast Refresh] done in 1147ms @ http://localhost:3000/_next/static/chunks/node_modules_next_dist_1e8vcs8._.js:776
[  657131ms] [LOG] [Fast Refresh] done in 1147ms @ http://localhost:3000/_next/static/chunks/node_modules_next_dist_1e8vcs8._.js:776
[  657234ms] [LOG] [Fast Refresh] done in 1147ms @ http://localhost:3000/_next/static/chunks/node_modules_next_dist_1e8vcs8._.js:776
[  657375ms] [LOG] [Fast Refresh] done in 1147ms @ http://localhost:3000/_next/static/chunks/node_modules_next_dist_1e8vcs8._.js:776
[  657472ms] [LOG] [Fast Refresh] done in 1147ms @ http://localhost:3000/_next/static/chunks/node_modules_next_dist_1e8vcs8._.js:776
[  657590ms] [LOG] [Fast Refresh] done in 1147ms @ http://localhost:3000/_next/static/chunks/node_modules_next_dist_1e8vcs8._.js:776
[  657715ms] [LOG] [Fast Refresh] done in 1147ms @ http://localhost:3000/_next/static/chunks/node_modules_next_dist_1e8vcs8._.js:776
[  657796ms] [LOG] [Fast Refresh] done in 1147ms @ http://localhost:3000/_next/static/chunks/node_modules_next_dist_1e8vcs8._.js:776
[  657919ms] [LOG] [Fast Refresh] done in 1147ms @ http://localhost:3000/_next/static/chunks/node_modules_next_dist_1e8vcs8._.js:776
[  658004ms] [LOG] [Fast Refresh] done in 1147ms @ http://localhost:3000/_next/static/chunks/node_modules_next_dist_1e8vcs8._.js:776
[  658120ms] [LOG] [Fast Refresh] done in 1147ms @ http://localhost:3000/_next/static/chunks/node_modules_next_dist_1e8vcs8._.js:776
[  658185ms] [LOG] [Fast Refresh] done in 1147ms @ http://localhost:3000/_next/static/chunks/node_modules_next_dist_1e8vcs8._.js:776
[  658283ms] [LOG] [Fast Refresh] done in 1147ms @ http://localhost:3000/_next/static/chunks/node_modules_next_dist_1e8vcs8._.js:776
[  658360ms] [LOG] [Fast Refresh] done in 1147ms @ http://localhost:3000/_next/static/chunks/node_modules_next_dist_1e8vcs8._.js:776
[  658453ms] [LOG] [Fast Refresh] done in 1147ms @ http://localhost:3000/_next/static/chunks/node_modules_next_dist_1e8vcs8._.js:776
[  658555ms] [LOG] [Fast Refresh] done in 1147ms @ http://localhost:3000/_next/static/chunks/node_modules_next_dist_1e8vcs8._.js:776
[  658652ms] [LOG] [Fast Refresh] done in 1147ms @ http://localhost:3000/_next/static/chunks/node_modules_next_dist_1e8vcs8._.js:776
[  658756ms] [LOG] [Fast Refresh] done in 1147ms @ http://localhost:3000/_next/static/chunks/node_modules_next_dist_1e8vcs8._.js:776
[  658853ms] [LOG] [Fast Refresh] done in 1147ms @ http://localhost:3000/_next/static/chunks/node_modules_next_dist_1e8vcs8._.js:776
[  658921ms] [LOG] [Fast Refresh] done in 1147ms @ http://localhost:3000/_next/static/chunks/node_modules_next_dist_1e8vcs8._.js:776
[  659067ms] [LOG] [Fast Refresh] done in 1147ms @ http://localhost:3000/_next/static/chunks/node_modules_next_dist_1e8vcs8._.js:776
[  659154ms] [LOG] [Fast Refresh] done in 1147ms @ http://localhost:3000/_next/static/chunks/node_modules_next_dist_1e8vcs8._.js:776
[  659233ms] [LOG] [Fast Refresh] done in 1147ms @ http://localhost:3000/_next/static/chunks/node_modules_next_dist_1e8vcs8._.js:776
[  659314ms] [LOG] [Fast Refresh] done in 1147ms @ http://localhost:3000/_next/static/chunks/node_modules_next_dist_1e8vcs8._.js:776
[  659411ms] [LOG] [Fast Refresh] done in 1147ms @ http://localhost:3000/_next/static/chunks/node_modules_next_dist_1e8vcs8._.js:776
[  659555ms] [LOG] [Fast Refresh] done in 1147ms @ http://localhost:3000/_next/static/chunks/node_modules_next_dist_1e8vcs8._.js:776
[  659675ms] [LOG] [Fast Refresh] done in 1147ms @ http://localhost:3000/_next/static/chunks/node_modules_next_dist_1e8vcs8._.js:776
[  659802ms] [LOG] [Fast Refresh] done in 1147ms @ http://localhost:3000/_next/static/chunks/node_modules_next_dist_1e8vcs8._.js:776
[  659889ms] [LOG] [Fast Refresh] done in 1147ms @ http://localhost:3000/_next/static/chunks/node_modules_next_dist_1e8vcs8._.js:776
[  660002ms] [LOG] [Fast Refresh] done in 1147ms @ http://localhost:3000/_next/static/chunks/node_modules_next_dist_1e8vcs8._.js:776
[  660136ms] [LOG] [Fast Refresh] done in 1147ms @ http://localhost:3000/_next/static/chunks/node_modules_next_dist_1e8vcs8._.js:776
[  660244ms] [LOG] [Fast Refresh] done in 1147ms @ http://localhost:3000/_next/static/chunks/node_modules_next_dist_1e8vcs8._.js:776
[  660359ms] [LOG] [Fast Refresh] done in 1147ms @ http://localhost:3000/_next/static/chunks/node_modules_next_dist_1e8vcs8._.js:776
[  660484ms] [LOG] [Fast Refresh] done in 1147ms @ http://localhost:3000/_next/static/chunks/node_modules_next_dist_1e8vcs8._.js:776
[  660646ms] [LOG] [Fast Refresh] done in 1147ms @ http://localhost:3000/_next/static/chunks/node_modules_next_dist_1e8vcs8._.js:776
[  660787ms] [LOG] [Fast Refresh] done in 1147ms @ http://localhost:3000/_next/static/chunks/node_modules_next_dist_1e8vcs8._.js:776
[  660887ms] [LOG] [Fast Refresh] done in 1147ms @ http://localhost:3000/_next/static/chunks/node_modules_next_dist_1e8vcs8._.js:776
[  660983ms] [LOG] [Fast Refresh] done in 1147ms @ http://localhost:3000/_next/static/chunks/node_modules_next_dist_1e8vcs8._.js:776
[  661058ms] [LOG] [Fast Refresh] done in 1147ms @ http://localhost:3000/_next/static/chunks/node_modules_next_dist_1e8vcs8._.js:776
[  661147ms] [LOG] [Fast Refresh] done in 1147ms @ http://localhost:3000/_next/static/chunks/node_modules_next_dist_1e8vcs8._.js:776
[  661227ms] [LOG] [Fast Refresh] done in 1147ms @ http://localhost:3000/_next/static/chunks/node_modules_next_dist_1e8vcs8._.js:776
[  661321ms] [LOG] [Fast Refresh] done in 1147ms @ http://localhost:3000/_next/static/chunks/node_modules_next_dist_1e8vcs8._.js:776
[  661425ms] [LOG] [Fast Refresh] done in 1147ms @ http://localhost:3000/_next/static/chunks/node_modules_next_dist_1e8vcs8._.js:776
[  661512ms] [LOG] [Fast Refresh] done in 1147ms @ http://localhost:3000/_next/static/chunks/node_modules_next_dist_1e8vcs8._.js:776
[  661608ms] [LOG] [Fast Refresh] done in 1147ms @ http://localhost:3000/_next/static/chunks/node_modules_next_dist_1e8vcs8._.js:776
[  661697ms] [LOG] [Fast Refresh] done in 1147ms @ http://localhost:3000/_next/static/chunks/node_modules_next_dist_1e8vcs8._.js:776
[  661795ms] [LOG] [Fast Refresh] done in 1147ms @ http://localhost:3000/_next/static/chunks/node_modules_next_dist_1e8vcs8._.js:776
[  661856ms] [LOG] [Fast Refresh] done in 1147ms @ http://localhost:3000/_next/static/chunks/node_modules_next_dist_1e8vcs8._.js:776
[  661971ms] [LOG] [Fast Refresh] done in 1147ms @ http://localhost:3000/_next/static/chunks/node_modules_next_dist_1e8vcs8._.js:776
[  662079ms] [LOG] [Fast Refresh] done in 1147ms @ http://localhost:3000/_next/static/chunks/node_modules_next_dist_1e8vcs8._.js:776
[  662195ms] [LOG] [Fast Refresh] done in 1147ms @ http://localhost:3000/_next/static/chunks/node_modules_next_dist_1e8vcs8._.js:776
[  662277ms] [LOG] [Fast Refresh] done in 1147ms @ http://localhost:3000/_next/static/chunks/node_modules_next_dist_1e8vcs8._.js:776
[  662376ms] [LOG] [Fast Refresh] done in 1147ms @ http://localhost:3000/_next/static/chunks/node_modules_next_dist_1e8vcs8._.js:776
[  662452ms] [LOG] [Fast Refresh] done in 1147ms @ http://localhost:3000/_next/static/chunks/node_modules_next_dist_1e8vcs8._.js:776
[  662599ms] [LOG] [Fast Refresh] done in 1147ms @ http://localhost:3000/_next/static/chunks/node_modules_next_dist_1e8vcs8._.js:776
[  662759ms] [LOG] [Fast Refresh] done in 1147ms @ http://localhost:3000/_next/static/chunks/node_modules_next_dist_1e8vcs8._.js:776
[  662847ms] [LOG] [Fast Refresh] done in 1147ms @ http://localhost:3000/_next/static/chunks/node_modules_next_dist_1e8vcs8._.js:776
[  662920ms] [LOG] [Fast Refresh] done in 1147ms @ http://localhost:3000/_next/static/chunks/node_modules_next_dist_1e8vcs8._.js:776
[  663032ms] [LOG] [Fast Refresh] done in 1147ms @ http://localhost:3000/_next/static/chunks/node_modules_next_dist_1e8vcs8._.js:776
[  663089ms] [LOG] [Fast Refresh] done in 1147ms @ http://localhost:3000/_next/static/chunks/node_modules_next_dist_1e8vcs8._.js:776
[  663199ms] [LOG] [Fast Refresh] done in 1147ms @ http://localhost:3000/_next/static/chunks/node_modules_next_dist_1e8vcs8._.js:776
[  663309ms] [LOG] [Fast Refresh] done in 1147ms @ http://localhost:3000/_next/static/chunks/node_modules_next_dist_1e8vcs8._.js:776
[  663417ms] [LOG] [Fast Refresh] done in 1147ms @ http://localhost:3000/_next/static/chunks/node_modules_next_dist_1e8vcs8._.js:776
[  663524ms] [LOG] [Fast Refresh] done in 1147ms @ http://localhost:3000/_next/static/chunks/node_modules_next_dist_1e8vcs8._.js:776
[  663613ms] [LOG] [Fast Refresh] done in 1147ms @ http://localhost:3000/_next/static/chunks/node_modules_next_dist_1e8vcs8._.js:776
[  663708ms] [LOG] [Fast Refresh] done in 1147ms @ http://localhost:3000/_next/static/chunks/node_modules_next_dist_1e8vcs8._.js:776
[  663777ms] [LOG] [Fast Refresh] done in 1147ms @ http://localhost:3000/_next/static/chunks/node_modules_next_dist_1e8vcs8._.js:776
[  663892ms] [LOG] [Fast Refresh] done in 1147ms @ http://localhost:3000/_next/static/chunks/node_modules_next_dist_1e8vcs8._.js:776
[  663968ms] [LOG] [Fast Refresh] done in 1147ms @ http://localhost:3000/_next/static/chunks/node_modules_next_dist_1e8vcs8._.js:776
[  664047ms] [LOG] [Fast Refresh] done in 1147ms @ http://localhost:3000/_next/static/chunks/node_modules_next_dist_1e8vcs8._.js:776
[  664142ms] [LOG] [Fast Refresh] done in 1147ms @ http://localhost:3000/_next/static/chunks/node_modules_next_dist_1e8vcs8._.js:776
[  664247ms] [LOG] [Fast Refresh] done in 1147ms @ http://localhost:3000/_next/static/chunks/node_modules_next_dist_1e8vcs8._.js:776
[  664347ms] [LOG] [Fast Refresh] done in 1147ms @ http://localhost:3000/_next/static/chunks/node_modules_next_dist_1e8vcs8._.js:776
[  664425ms] [LOG] [Fast Refresh] done in 1147ms @ http://localhost:3000/_next/static/chunks/node_modules_next_dist_1e8vcs8._.js:776
[  664534ms] [LOG] [Fast Refresh] done in 1147ms @ http://localhost:3000/_next/static/chunks/node_modules_next_dist_1e8vcs8._.js:776
[  664656ms] [LOG] [Fast Refresh] done in 1147ms @ http://localhost:3000/_next/static/chunks/node_modules_next_dist_1e8vcs8._.js:776
[  664815ms] [LOG] [Fast Refresh] done in 1147ms @ http://localhost:3000/_next/static/chunks/node_modules_next_dist_1e8vcs8._.js:776
[  664897ms] [LOG] [Fast Refresh] done in 1147ms @ http://localhost:3000/_next/static/chunks/node_modules_next_dist_1e8vcs8._.js:776
[  665003ms] [LOG] [Fast Refresh] done in 1147ms @ http://localhost:3000/_next/static/chunks/node_modules_next_dist_1e8vcs8._.js:776
[  665160ms] [LOG] [Fast Refresh] done in 1147ms @ http://localhost:3000/_next/static/chunks/node_modules_next_dist_1e8vcs8._.js:776
[  665318ms] [LOG] [Fast Refresh] done in 1147ms @ http://localhost:3000/_next/static/chunks/node_modules_next_dist_1e8vcs8._.js:776
[  665448ms] [LOG] [Fast Refresh] done in 1147ms @ http://localhost:3000/_next/static/chunks/node_modules_next_dist_1e8vcs8._.js:776
[  665601ms] [LOG] [Fast Refresh] done in 1147ms @ http://localhost:3000/_next/static/chunks/node_modules_next_dist_1e8vcs8._.js:776
[  665717ms] [LOG] [Fast Refresh] done in 1147ms @ http://localhost:3000/_next/static/chunks/node_modules_next_dist_1e8vcs8._.js:776
[  665886ms] [LOG] [Fast Refresh] done in 1147ms @ http://localhost:3000/_next/static/chunks/node_modules_next_dist_1e8vcs8._.js:776
[  665995ms] [LOG] [Fast Refresh] done in 1147ms @ http://localhost:3000/_next/static/chunks/node_modules_next_dist_1e8vcs8._.js:776
[  666090ms] [LOG] [Fast Refresh] done in 1147ms @ http://localhost:3000/_next/static/chunks/node_modules_next_dist_1e8vcs8._.js:776
[  666207ms] [LOG] [Fast Refresh] done in 1147ms @ http://localhost:3000/_next/static/chunks/node_modules_next_dist_1e8vcs8._.js:776
[  666295ms] [LOG] [Fast Refresh] done in 1147ms @ http://localhost:3000/_next/static/chunks/node_modules_next_dist_1e8vcs8._.js:776
[  666369ms] [LOG] [Fast Refresh] done in 1147ms @ http://localhost:3000/_next/static/chunks/node_modules_next_dist_1e8vcs8._.js:776
[  666453ms] [LOG] [Fast Refresh] done in 1147ms @ http://localhost:3000/_next/static/chunks/node_modules_next_dist_1e8vcs8._.js:776
[  666543ms] [LOG] [Fast Refresh] done in 1147ms @ http://localhost:3000/_next/static/chunks/node_modules_next_dist_1e8vcs8._.js:776
[  666669ms] [LOG] [Fast Refresh] done in 1147ms @ http://localhost:3000/_next/static/chunks/node_modules_next_dist_1e8vcs8._.js:776
[  666791ms] [LOG] [Fast Refresh] done in 1147ms @ http://localhost:3000/_next/static/chunks/node_modules_next_dist_1e8vcs8._.js:776
[  666848ms] [LOG] [Fast Refresh] done in 1147ms @ http://localhost:3000/_next/static/chunks/node_modules_next_dist_1e8vcs8._.js:776
[  666977ms] [LOG] [Fast Refresh] done in 1147ms @ http://localhost:3000/_next/static/chunks/node_modules_next_dist_1e8vcs8._.js:776
[  667060ms] [LOG] [Fast Refresh] done in 1147ms @ http://localhost:3000/_next/static/chunks/node_modules_next_dist_1e8vcs8._.js:776
[  667165ms] [LOG] [Fast Refresh] done in 1147ms @ http://localhost:3000/_next/static/chunks/node_modules_next_dist_1e8vcs8._.js:776
[  667273ms] [LOG] [Fast Refresh] done in 1147ms @ http://localhost:3000/_next/static/chunks/node_modules_next_dist_1e8vcs8._.js:776
[  667352ms] [LOG] [Fast Refresh] done in 1147ms @ http://localhost:3000/_next/static/chunks/node_modules_next_dist_1e8vcs8._.js:776
[  667446ms] [LOG] [Fast Refresh] done in 1147ms @ http://localhost:3000/_next/static/chunks/node_modules_next_dist_1e8vcs8._.js:776
[  667538ms] [LOG] [Fast Refresh] done in 1147ms @ http://localhost:3000/_next/static/chunks/node_modules_next_dist_1e8vcs8._.js:776
[  667641ms] [LOG] [Fast Refresh] done in 1147ms @ http://localhost:3000/_next/static/chunks/node_modules_next_dist_1e8vcs8._.js:776
[  667751ms] [LOG] [Fast Refresh] done in 1147ms @ http://localhost:3000/_next/static/chunks/node_modules_next_dist_1e8vcs8._.js:776
[  667881ms] [LOG] [Fast Refresh] done in 1147ms @ http://localhost:3000/_next/static/chunks/node_modules_next_dist_1e8vcs8._.js:776
[  668007ms] [LOG] [Fast Refresh] done in 1147ms @ http://localhost:3000/_next/static/chunks/node_modules_next_dist_1e8vcs8._.js:776
[  668098ms] [LOG] [Fast Refresh] done in 1147ms @ http://localhost:3000/_next/static/chunks/node_modules_next_dist_1e8vcs8._.js:776
[  668186ms] [LOG] [Fast Refresh] done in 1147ms @ http://localhost:3000/_next/static/chunks/node_modules_next_dist_1e8vcs8._.js:776
[  668323ms] [LOG] [Fast Refresh] done in 1147ms @ http://localhost:3000/_next/static/chunks/node_modules_next_dist_1e8vcs8._.js:776
[  668454ms] [LOG] [Fast Refresh] done in 1147ms @ http://localhost:3000/_next/static/chunks/node_modules_next_dist_1e8vcs8._.js:776
[  668584ms] [LOG] [Fast Refresh] done in 1147ms @ http://localhost:3000/_next/static/chunks/node_modules_next_dist_1e8vcs8._.js:776
[  668713ms] [LOG] [Fast Refresh] done in 1147ms @ http://localhost:3000/_next/static/chunks/node_modules_next_dist_1e8vcs8._.js:776
[  668815ms] [LOG] [Fast Refresh] done in 1147ms @ http://localhost:3000/_next/static/chunks/node_modules_next_dist_1e8vcs8._.js:776
[  668917ms] [LOG] [Fast Refresh] done in 1147ms @ http://localhost:3000/_next/static/chunks/node_modules_next_dist_1e8vcs8._.js:776
[  668983ms] [LOG] [Fast Refresh] done in 1147ms @ http://localhost:3000/_next/static/chunks/node_modules_next_dist_1e8vcs8._.js:776
[  669107ms] [LOG] [Fast Refresh] done in 1147ms @ http://localhost:3000/_next/static/chunks/node_modules_next_dist_1e8vcs8._.js:776
[  669191ms] [LOG] [Fast Refresh] done in 1147ms @ http://localhost:3000/_next/static/chunks/node_modules_next_dist_1e8vcs8._.js:776
[  669312ms] [LOG] [Fast Refresh] done in 1147ms @ http://localhost:3000/_next/static/chunks/node_modules_next_dist_1e8vcs8._.js:776
[  669434ms] [LOG] [Fast Refresh] done in 1147ms @ http://localhost:3000/_next/static/chunks/node_modules_next_dist_1e8vcs8._.js:776
[  669535ms] [LOG] [Fast Refresh] done in 1147ms @ http://localhost:3000/_next/static/chunks/node_modules_next_dist_1e8vcs8._.js:776
[  669630ms] [LOG] [Fast Refresh] done in 1147ms @ http://localhost:3000/_next/static/chunks/node_modules_next_dist_1e8vcs8._.js:776
[  669742ms] [LOG] [Fast Refresh] done in 1147ms @ http://localhost:3000/_next/static/chunks/node_modules_next_dist_1e8vcs8._.js:776
[  669857ms] [LOG] [Fast Refresh] done in 1147ms @ http://localhost:3000/_next/static/chunks/node_modules_next_dist_1e8vcs8._.js:776
[  669984ms] [LOG] [Fast Refresh] done in 1147ms @ http://localhost:3000/_next/static/chunks/node_modules_next_dist_1e8vcs8._.js:776
[  670080ms] [LOG] [Fast Refresh] done in 1147ms @ http://localhost:3000/_next/static/chunks/node_modules_next_dist_1e8vcs8._.js:776
[  670178ms] [LOG] [Fast Refresh] done in 1147ms @ http://localhost:3000/_next/static/chunks/node_modules_next_dist_1e8vcs8._.js:776
[  670278ms] [LOG] [Fast Refresh] done in 1147ms @ http://localhost:3000/_next/static/chunks/node_modules_next_dist_1e8vcs8._.js:776
[  670344ms] [LOG] [Fast Refresh] done in 1147ms @ http://localhost:3000/_next/static/chunks/node_modules_next_dist_1e8vcs8._.js:776
[  670473ms] [LOG] [Fast Refresh] done in 1147ms @ http://localhost:3000/_next/static/chunks/node_modules_next_dist_1e8vcs8._.js:776
[  670564ms] [LOG] [Fast Refresh] done in 1147ms @ http://localhost:3000/_next/static/chunks/node_modules_next_dist_1e8vcs8._.js:776
[  670696ms] [LOG] [Fast Refresh] done in 1147ms @ http://localhost:3000/_next/static/chunks/node_modules_next_dist_1e8vcs8._.js:776
[  670803ms] [LOG] [Fast Refresh] done in 1147ms @ http://localhost:3000/_next/static/chunks/node_modules_next_dist_1e8vcs8._.js:776
[  670969ms] [LOG] [Fast Refresh] done in 1147ms @ http://localhost:3000/_next/static/chunks/node_modules_next_dist_1e8vcs8._.js:776
[  671074ms] [LOG] [Fast Refresh] done in 1147ms @ http://localhost:3000/_next/static/chunks/node_modules_next_dist_1e8vcs8._.js:776
[  671196ms] [LOG] [Fast Refresh] done in 1147ms @ http://localhost:3000/_next/static/chunks/node_modules_next_dist_1e8vcs8._.js:776
[  671306ms] [LOG] [Fast Refresh] done in 1147ms @ http://localhost:3000/_next/static/chunks/node_modules_next_dist_1e8vcs8._.js:776
[  671400ms] [LOG] [Fast Refresh] done in 1147ms @ http://localhost:3000/_next/static/chunks/node_modules_next_dist_1e8vcs8._.js:776
[  671495ms] [LOG] [Fast Refresh] done in 1147ms @ http://localhost:3000/_next/static/chunks/node_modules_next_dist_1e8vcs8._.js:776
[  671592ms] [LOG] [Fast Refresh] done in 1147ms @ http://localhost:3000/_next/static/chunks/node_modules_next_dist_1e8vcs8._.js:776
[  671725ms] [LOG] [Fast Refresh] done in 1147ms @ http://localhost:3000/_next/static/chunks/node_modules_next_dist_1e8vcs8._.js:776
[  671843ms] [LOG] [Fast Refresh] done in 1147ms @ http://localhost:3000/_next/static/chunks/node_modules_next_dist_1e8vcs8._.js:776
[  671948ms] [LOG] [Fast Refresh] done in 1147ms @ http://localhost:3000/_next/static/chunks/node_modules_next_dist_1e8vcs8._.js:776
[  672082ms] [LOG] [Fast Refresh] done in 1147ms @ http://localhost:3000/_next/static/chunks/node_modules_next_dist_1e8vcs8._.js:776
[  672169ms] [LOG] [Fast Refresh] done in 1147ms @ http://localhost:3000/_next/static/chunks/node_modules_next_dist_1e8vcs8._.js:776
[  672265ms] [LOG] [Fast Refresh] done in 1147ms @ http://localhost:3000/_next/static/chunks/node_modules_next_dist_1e8vcs8._.js:776
[  672374ms] [LOG] [Fast Refresh] done in 1147ms @ http://localhost:3000/_next/static/chunks/node_modules_next_dist_1e8vcs8._.js:776
[  672470ms] [LOG] [Fast Refresh] done in 1147ms @ http://localhost:3000/_next/static/chunks/node_modules_next_dist_1e8vcs8._.js:776
[  672582ms] [LOG] [Fast Refresh] done in 1147ms @ http://localhost:3000/_next/static/chunks/node_modules_next_dist_1e8vcs8._.js:776
[  672704ms] [LOG] [Fast Refresh] done in 1147ms @ http://localhost:3000/_next/static/chunks/node_modules_next_dist_1e8vcs8._.js:776
[  672778ms] [LOG] [Fast Refresh] done in 1147ms @ http://localhost:3000/_next/static/chunks/node_modules_next_dist_1e8vcs8._.js:776
[  672889ms] [LOG] [Fast Refresh] done in 1147ms @ http://localhost:3000/_next/static/chunks/node_modules_next_dist_1e8vcs8._.js:776
[  673015ms] [LOG] [Fast Refresh] done in 1147ms @ http://localhost:3000/_next/static/chunks/node_modules_next_dist_1e8vcs8._.js:776
[  673123ms] [LOG] [Fast Refresh] done in 1147ms @ http://localhost:3000/_next/static/chunks/node_modules_next_dist_1e8vcs8._.js:776
[  673246ms] [LOG] [Fast Refresh] done in 1147ms @ http://localhost:3000/_next/static/chunks/node_modules_next_dist_1e8vcs8._.js:776
[  673344ms] [LOG] [Fast Refresh] done in 1147ms @ http://localhost:3000/_next/static/chunks/node_modules_next_dist_1e8vcs8._.js:776
[  673462ms] [LOG] [Fast Refresh] done in 1147ms @ http://localhost:3000/_next/static/chunks/node_modules_next_dist_1e8vcs8._.js:776
[  673571ms] [LOG] [Fast Refresh] done in 1147ms @ http://localhost:3000/_next/static/chunks/node_modules_next_dist_1e8vcs8._.js:776
[  673730ms] [LOG] [Fast Refresh] done in 1147ms @ http://localhost:3000/_next/static/chunks/node_modules_next_dist_1e8vcs8._.js:776
[  673848ms] [LOG] [Fast Refresh] done in 1147ms @ http://localhost:3000/_next/static/chunks/node_modules_next_dist_1e8vcs8._.js:776
[  673978ms] [LOG] [Fast Refresh] done in 1147ms @ http://localhost:3000/_next/static/chunks/node_modules_next_dist_1e8vcs8._.js:776
[  674110ms] [LOG] [Fast Refresh] done in 1147ms @ http://localhost:3000/_next/static/chunks/node_modules_next_dist_1e8vcs8._.js:776
[  674203ms] [LOG] [Fast Refresh] done in 1147ms @ http://localhost:3000/_next/static/chunks/node_modules_next_dist_1e8vcs8._.js:776
[  674295ms] [LOG] [Fast Refresh] done in 1147ms @ http://localhost:3000/_next/static/chunks/node_modules_next_dist_1e8vcs8._.js:776
[  674404ms] [LOG] [Fast Refresh] done in 1147ms @ http://localhost:3000/_next/static/chunks/node_modules_next_dist_1e8vcs8._.js:776
[  674496ms] [LOG] [Fast Refresh] done in 1147ms @ http://localhost:3000/_next/static/chunks/node_modules_next_dist_1e8vcs8._.js:776
[  674586ms] [LOG] [Fast Refresh] done in 1147ms @ http://localhost:3000/_next/static/chunks/node_modules_next_dist_1e8vcs8._.js:776
[  674662ms] [LOG] [Fast Refresh] done in 1147ms @ http://localhost:3000/_next/static/chunks/node_modules_next_dist_1e8vcs8._.js:776
[  674735ms] [LOG] [Fast Refresh] done in 1147ms @ http://localhost:3000/_next/static/chunks/node_modules_next_dist_1e8vcs8._.js:776
[  674841ms] [LOG] [Fast Refresh] done in 1147ms @ http://localhost:3000/_next/static/chunks/node_modules_next_dist_1e8vcs8._.js:776
[  674935ms] [LOG] [Fast Refresh] done in 1147ms @ http://localhost:3000/_next/static/chunks/node_modules_next_dist_1e8vcs8._.js:776
[  675078ms] [LOG] [Fast Refresh] done in 1147ms @ http://localhost:3000/_next/static/chunks/node_modules_next_dist_1e8vcs8._.js:776
[  675174ms] [LOG] [Fast Refresh] done in 1147ms @ http://localhost:3000/_next/static/chunks/node_modules_next_dist_1e8vcs8._.js:776
[  675297ms] [LOG] [Fast Refresh] done in 1147ms @ http://localhost:3000/_next/static/chunks/node_modules_next_dist_1e8vcs8._.js:776
[  675396ms] [LOG] [Fast Refresh] done in 1147ms @ http://localhost:3000/_next/static/chunks/node_modules_next_dist_1e8vcs8._.js:776
[  675548ms] [LOG] [Fast Refresh] done in 1147ms @ http://localhost:3000/_next/static/chunks/node_modules_next_dist_1e8vcs8._.js:776
[  675655ms] [LOG] [Fast Refresh] done in 1147ms @ http://localhost:3000/_next/static/chunks/node_modules_next_dist_1e8vcs8._.js:776
[  675777ms] [LOG] [Fast Refresh] done in 1147ms @ http://localhost:3000/_next/static/chunks/node_modules_next_dist_1e8vcs8._.js:776
[  675895ms] [LOG] [Fast Refresh] done in 1147ms @ http://localhost:3000/_next/static/chunks/node_modules_next_dist_1e8vcs8._.js:776
[  675986ms] [LOG] [Fast Refresh] done in 1147ms @ http://localhost:3000/_next/static/chunks/node_modules_next_dist_1e8vcs8._.js:776
[  676062ms] [LOG] [Fast Refresh] done in 1147ms @ http://localhost:3000/_next/static/chunks/node_modules_next_dist_1e8vcs8._.js:776
[  676253ms] [LOG] [Fast Refresh] done in 1147ms @ http://localhost:3000/_next/static/chunks/node_modules_next_dist_1e8vcs8._.js:776
[  676416ms] [LOG] [Fast Refresh] done in 1147ms @ http://localhost:3000/_next/static/chunks/node_modules_next_dist_1e8vcs8._.js:776
[  676504ms] [LOG] [Fast Refresh] done in 1147ms @ http://localhost:3000/_next/static/chunks/node_modules_next_dist_1e8vcs8._.js:776
[  676597ms] [LOG] [Fast Refresh] done in 1147ms @ http://localhost:3000/_next/static/chunks/node_modules_next_dist_1e8vcs8._.js:776
[  676668ms] [LOG] [Fast Refresh] done in 1147ms @ http://localhost:3000/_next/static/chunks/node_modules_next_dist_1e8vcs8._.js:776
[  676763ms] [LOG] [Fast Refresh] done in 1147ms @ http://localhost:3000/_next/static/chunks/node_modules_next_dist_1e8vcs8._.js:776
[  676849ms] [LOG] [Fast Refresh] done in 1147ms @ http://localhost:3000/_next/static/chunks/node_modules_next_dist_1e8vcs8._.js:776
[  676938ms] [LOG] [Fast Refresh] done in 1147ms @ http://localhost:3000/_next/static/chunks/node_modules_next_dist_1e8vcs8._.js:776
[  677010ms] [LOG] [Fast Refresh] done in 1147ms @ http://localhost:3000/_next/static/chunks/node_modules_next_dist_1e8vcs8._.js:776
[  677099ms] [LOG] [Fast Refresh] done in 1147ms @ http://localhost:3000/_next/static/chunks/node_modules_next_dist_1e8vcs8._.js:776
[  677220ms] [LOG] [Fast Refresh] done in 1147ms @ http://localhost:3000/_next/static/chunks/node_modules_next_dist_1e8vcs8._.js:776
[  677335ms] [LOG] [Fast Refresh] done in 1147ms @ http://localhost:3000/_next/static/chunks/node_modules_next_dist_1e8vcs8._.js:776
[  677450ms] [LOG] [Fast Refresh] done in 1147ms @ http://localhost:3000/_next/static/chunks/node_modules_next_dist_1e8vcs8._.js:776
[  677553ms] [LOG] [Fast Refresh] done in 1147ms @ http://localhost:3000/_next/static/chunks/node_modules_next_dist_1e8vcs8._.js:776
[  677635ms] [LOG] [Fast Refresh] done in 1147ms @ http://localhost:3000/_next/static/chunks/node_modules_next_dist_1e8vcs8._.js:776
[  677778ms] [LOG] [Fast Refresh] done in 1147ms @ http://localhost:3000/_next/static/chunks/node_modules_next_dist_1e8vcs8._.js:776
[  677857ms] [LOG] [Fast Refresh] done in 1147ms @ http://localhost:3000/_next/static/chunks/node_modules_next_dist_1e8vcs8._.js:776
[  678004ms] [LOG] [Fast Refresh] done in 1147ms @ http://localhost:3000/_next/static/chunks/node_modules_next_dist_1e8vcs8._.js:776
[  678092ms] [LOG] [Fast Refresh] done in 1147ms @ http://localhost:3000/_next/static/chunks/node_modules_next_dist_1e8vcs8._.js:776
[  678187ms] [LOG] [Fast Refresh] done in 1147ms @ http://localhost:3000/_next/static/chunks/node_modules_next_dist_1e8vcs8._.js:776
[  678243ms] [LOG] [Fast Refresh] done in 1147ms @ http://localhost:3000/_next/static/chunks/node_modules_next_dist_1e8vcs8._.js:776
[  678298ms] [LOG] [Fast Refresh] done in 1147ms @ http://localhost:3000/_next/static/chunks/node_modules_next_dist_1e8vcs8._.js:776
[  678429ms] [LOG] [Fast Refresh] done in 1147ms @ http://localhost:3000/_next/static/chunks/node_modules_next_dist_1e8vcs8._.js:776
[  678539ms] [LOG] [Fast Refresh] done in 1147ms @ http://localhost:3000/_next/static/chunks/node_modules_next_dist_1e8vcs8._.js:776
[  678616ms] [LOG] [Fast Refresh] done in 1147ms @ http://localhost:3000/_next/static/chunks/node_modules_next_dist_1e8vcs8._.js:776
[  678707ms] [LOG] [Fast Refresh] done in 1147ms @ http://localhost:3000/_next/static/chunks/node_modules_next_dist_1e8vcs8._.js:776
[  678803ms] [LOG] [Fast Refresh] done in 1147ms @ http://localhost:3000/_next/static/chunks/node_modules_next_dist_1e8vcs8._.js:776
[  678933ms] [LOG] [Fast Refresh] done in 1147ms @ http://localhost:3000/_next/static/chunks/node_modules_next_dist_1e8vcs8._.js:776
[  679033ms] [LOG] [Fast Refresh] done in 1147ms @ http://localhost:3000/_next/static/chunks/node_modules_next_dist_1e8vcs8._.js:776
[  679138ms] [LOG] [Fast Refresh] done in 1147ms @ http://localhost:3000/_next/static/chunks/node_modules_next_dist_1e8vcs8._.js:776
[  679201ms] [LOG] [Fast Refresh] done in 1147ms @ http://localhost:3000/_next/static/chunks/node_modules_next_dist_1e8vcs8._.js:776
[  679274ms] [LOG] [Fast Refresh] done in 1147ms @ http://localhost:3000/_next/static/chunks/node_modules_next_dist_1e8vcs8._.js:776
[  679347ms] [LOG] [Fast Refresh] done in 1147ms @ http://localhost:3000/_next/static/chunks/node_modules_next_dist_1e8vcs8._.js:776
[  679479ms] [LOG] [Fast Refresh] done in 1147ms @ http://localhost:3000/_next/static/chunks/node_modules_next_dist_1e8vcs8._.js:776
[  679606ms] [LOG] [Fast Refresh] done in 1147ms @ http://localhost:3000/_next/static/chunks/node_modules_next_dist_1e8vcs8._.js:776
[  679747ms] [LOG] [Fast Refresh] done in 1147ms @ http://localhost:3000/_next/static/chunks/node_modules_next_dist_1e8vcs8._.js:776
[  679840ms] [LOG] [Fast Refresh] done in 1147ms @ http://localhost:3000/_next/static/chunks/node_modules_next_dist_1e8vcs8._.js:776
[  679957ms] [LOG] [Fast Refresh] done in 1147ms @ http://localhost:3000/_next/static/chunks/node_modules_next_dist_1e8vcs8._.js:776
[  680073ms] [LOG] [Fast Refresh] done in 1147ms @ http://localhost:3000/_next/static/chunks/node_modules_next_dist_1e8vcs8._.js:776
[  680187ms] [LOG] [Fast Refresh] done in 1147ms @ http://localhost:3000/_next/static/chunks/node_modules_next_dist_1e8vcs8._.js:776
[  680301ms] [LOG] [Fast Refresh] done in 1147ms @ http://localhost:3000/_next/static/chunks/node_modules_next_dist_1e8vcs8._.js:776
[  680433ms] [LOG] [Fast Refresh] done in 1147ms @ http://localhost:3000/_next/static/chunks/node_modules_next_dist_1e8vcs8._.js:776
[  680520ms] [LOG] [Fast Refresh] done in 1147ms @ http://localhost:3000/_next/static/chunks/node_modules_next_dist_1e8vcs8._.js:776
[  680631ms] [LOG] [Fast Refresh] done in 1147ms @ http://localhost:3000/_next/static/chunks/node_modules_next_dist_1e8vcs8._.js:776
[  680730ms] [LOG] [Fast Refresh] done in 1147ms @ http://localhost:3000/_next/static/chunks/node_modules_next_dist_1e8vcs8._.js:776
[  680873ms] [LOG] [Fast Refresh] done in 1147ms @ http://localhost:3000/_next/static/chunks/node_modules_next_dist_1e8vcs8._.js:776
[  680928ms] [LOG] [Fast Refresh] done in 1147ms @ http://localhost:3000/_next/static/chunks/node_modules_next_dist_1e8vcs8._.js:776
[  681076ms] [LOG] [Fast Refresh] done in 1147ms @ http://localhost:3000/_next/static/chunks/node_modules_next_dist_1e8vcs8._.js:776
[  681217ms] [LOG] [Fast Refresh] done in 1147ms @ http://localhost:3000/_next/static/chunks/node_modules_next_dist_1e8vcs8._.js:776
[  681379ms] [LOG] [Fast Refresh] done in 1147ms @ http://localhost:3000/_next/static/chunks/node_modules_next_dist_1e8vcs8._.js:776
[  681544ms] [LOG] [Fast Refresh] done in 1147ms @ http://localhost:3000/_next/static/chunks/node_modules_next_dist_1e8vcs8._.js:776
[  681681ms] [LOG] [Fast Refresh] done in 1147ms @ http://localhost:3000/_next/static/chunks/node_modules_next_dist_1e8vcs8._.js:776
[  681807ms] [LOG] [Fast Refresh] done in 1147ms @ http://localhost:3000/_next/static/chunks/node_modules_next_dist_1e8vcs8._.js:776
[  681911ms] [LOG] [Fast Refresh] done in 1147ms @ http://localhost:3000/_next/static/chunks/node_modules_next_dist_1e8vcs8._.js:776
[  682008ms] [LOG] [Fast Refresh] done in 1147ms @ http://localhost:3000/_next/static/chunks/node_modules_next_dist_1e8vcs8._.js:776
[  682101ms] [LOG] [Fast Refresh] done in 1147ms @ http://localhost:3000/_next/static/chunks/node_modules_next_dist_1e8vcs8._.js:776
[  682197ms] [LOG] [Fast Refresh] done in 1147ms @ http://localhost:3000/_next/static/chunks/node_modules_next_dist_1e8vcs8._.js:776
[  682289ms] [LOG] [Fast Refresh] done in 1147ms @ http://localhost:3000/_next/static/chunks/node_modules_next_dist_1e8vcs8._.js:776
[  682384ms] [LOG] [Fast Refresh] done in 1147ms @ http://localhost:3000/_next/static/chunks/node_modules_next_dist_1e8vcs8._.js:776
[  682500ms] [LOG] [Fast Refresh] done in 1147ms @ http://localhost:3000/_next/static/chunks/node_modules_next_dist_1e8vcs8._.js:776
[  682610ms] [LOG] [Fast Refresh] done in 1147ms @ http://localhost:3000/_next/static/chunks/node_modules_next_dist_1e8vcs8._.js:776
[  682721ms] [LOG] [Fast Refresh] done in 1147ms @ http://localhost:3000/_next/static/chunks/node_modules_next_dist_1e8vcs8._.js:776
[  682829ms] [LOG] [Fast Refresh] done in 1147ms @ http://localhost:3000/_next/static/chunks/node_modules_next_dist_1e8vcs8._.js:776
[  682925ms] [LOG] [Fast Refresh] done in 1147ms @ http://localhost:3000/_next/static/chunks/node_modules_next_dist_1e8vcs8._.js:776
[  683031ms] [LOG] [Fast Refresh] done in 1147ms @ http://localhost:3000/_next/static/chunks/node_modules_next_dist_1e8vcs8._.js:776
[  683099ms] [LOG] [Fast Refresh] done in 1147ms @ http://localhost:3000/_next/static/chunks/node_modules_next_dist_1e8vcs8._.js:776
[  683178ms] [LOG] [Fast Refresh] done in 1147ms @ http://localhost:3000/_next/static/chunks/node_modules_next_dist_1e8vcs8._.js:776
[  683236ms] [LOG] [Fast Refresh] done in 1147ms @ http://localhost:3000/_next/static/chunks/node_modules_next_dist_1e8vcs8._.js:776
[  683316ms] [LOG] [Fast Refresh] done in 1147ms @ http://localhost:3000/_next/static/chunks/node_modules_next_dist_1e8vcs8._.js:776
[  683402ms] [LOG] [Fast Refresh] done in 1147ms @ http://localhost:3000/_next/static/chunks/node_modules_next_dist_1e8vcs8._.js:776
[  683495ms] [LOG] [Fast Refresh] done in 1147ms @ http://localhost:3000/_next/static/chunks/node_modules_next_dist_1e8vcs8._.js:776
[  683572ms] [LOG] [Fast Refresh] done in 1147ms @ http://localhost:3000/_next/static/chunks/node_modules_next_dist_1e8vcs8._.js:776
[  683672ms] [LOG] [Fast Refresh] done in 1147ms @ http://localhost:3000/_next/static/chunks/node_modules_next_dist_1e8vcs8._.js:776
[  683758ms] [LOG] [Fast Refresh] done in 1147ms @ http://localhost:3000/_next/static/chunks/node_modules_next_dist_1e8vcs8._.js:776
[  683821ms] [LOG] [Fast Refresh] done in 1147ms @ http://localhost:3000/_next/static/chunks/node_modules_next_dist_1e8vcs8._.js:776
[  683958ms] [LOG] [Fast Refresh] done in 1147ms @ http://localhost:3000/_next/static/chunks/node_modules_next_dist_1e8vcs8._.js:776
[  684084ms] [LOG] [Fast Refresh] done in 1147ms @ http://localhost:3000/_next/static/chunks/node_modules_next_dist_1e8vcs8._.js:776
[  684165ms] [LOG] [Fast Refresh] done in 1147ms @ http://localhost:3000/_next/static/chunks/node_modules_next_dist_1e8vcs8._.js:776
[  684262ms] [LOG] [Fast Refresh] done in 1147ms @ http://localhost:3000/_next/static/chunks/node_modules_next_dist_1e8vcs8._.js:776
[  684356ms] [LOG] [Fast Refresh] done in 1147ms @ http://localhost:3000/_next/static/chunks/node_modules_next_dist_1e8vcs8._.js:776
[  684467ms] [LOG] [Fast Refresh] done in 1147ms @ http://localhost:3000/_next/static/chunks/node_modules_next_dist_1e8vcs8._.js:776
[  684574ms] [LOG] [Fast Refresh] done in 1147ms @ http://localhost:3000/_next/static/chunks/node_modules_next_dist_1e8vcs8._.js:776
[  684658ms] [LOG] [Fast Refresh] done in 1147ms @ http://localhost:3000/_next/static/chunks/node_modules_next_dist_1e8vcs8._.js:776
[  684771ms] [LOG] [Fast Refresh] done in 1147ms @ http://localhost:3000/_next/static/chunks/node_modules_next_dist_1e8vcs8._.js:776
[  684872ms] [LOG] [Fast Refresh] done in 1147ms @ http://localhost:3000/_next/static/chunks/node_modules_next_dist_1e8vcs8._.js:776
[  684971ms] [LOG] [Fast Refresh] done in 1147ms @ http://localhost:3000/_next/static/chunks/node_modules_next_dist_1e8vcs8._.js:776
[  685067ms] [LOG] [Fast Refresh] done in 1147ms @ http://localhost:3000/_next/static/chunks/node_modules_next_dist_1e8vcs8._.js:776
[  685169ms] [LOG] [Fast Refresh] done in 1147ms @ http://localhost:3000/_next/static/chunks/node_modules_next_dist_1e8vcs8._.js:776
[  685249ms] [LOG] [Fast Refresh] done in 1147ms @ http://localhost:3000/_next/static/chunks/node_modules_next_dist_1e8vcs8._.js:776
[  685368ms] [LOG] [Fast Refresh] done in 1147ms @ http://localhost:3000/_next/static/chunks/node_modules_next_dist_1e8vcs8._.js:776
[  685462ms] [LOG] [Fast Refresh] done in 1147ms @ http://localhost:3000/_next/static/chunks/node_modules_next_dist_1e8vcs8._.js:776
[  685532ms] [LOG] [Fast Refresh] done in 1147ms @ http://localhost:3000/_next/static/chunks/node_modules_next_dist_1e8vcs8._.js:776
[  685666ms] [LOG] [Fast Refresh] done in 1147ms @ http://localhost:3000/_next/static/chunks/node_modules_next_dist_1e8vcs8._.js:776
[  685770ms] [LOG] [Fast Refresh] done in 1147ms @ http://localhost:3000/_next/static/chunks/node_modules_next_dist_1e8vcs8._.js:776
[  685883ms] [LOG] [Fast Refresh] done in 1147ms @ http://localhost:3000/_next/static/chunks/node_modules_next_dist_1e8vcs8._.js:776
[  685964ms] [LOG] [Fast Refresh] done in 1147ms @ http://localhost:3000/_next/static/chunks/node_modules_next_dist_1e8vcs8._.js:776
[  686074ms] [LOG] [Fast Refresh] done in 1147ms @ http://localhost:3000/_next/static/chunks/node_modules_next_dist_1e8vcs8._.js:776
[  686164ms] [LOG] [Fast Refresh] done in 1147ms @ http://localhost:3000/_next/static/chunks/node_modules_next_dist_1e8vcs8._.js:776
[  686268ms] [LOG] [Fast Refresh] done in 1147ms @ http://localhost:3000/_next/static/chunks/node_modules_next_dist_1e8vcs8._.js:776
[  686403ms] [LOG] [Fast Refresh] done in 1147ms @ http://localhost:3000/_next/static/chunks/node_modules_next_dist_1e8vcs8._.js:776
[  686531ms] [LOG] [Fast Refresh] done in 1147ms @ http://localhost:3000/_next/static/chunks/node_modules_next_dist_1e8vcs8._.js:776
[  686660ms] [LOG] [Fast Refresh] done in 1147ms @ http://localhost:3000/_next/static/chunks/node_modules_next_dist_1e8vcs8._.js:776
[  686770ms] [LOG] [Fast Refresh] done in 1147ms @ http://localhost:3000/_next/static/chunks/node_modules_next_dist_1e8vcs8._.js:776
[  686830ms] [LOG] [Fast Refresh] done in 1147ms @ http://localhost:3000/_next/static/chunks/node_modules_next_dist_1e8vcs8._.js:776
[  686929ms] [LOG] [Fast Refresh] done in 1147ms @ http://localhost:3000/_next/static/chunks/node_modules_next_dist_1e8vcs8._.js:776
[  687017ms] [LOG] [Fast Refresh] done in 1147ms @ http://localhost:3000/_next/static/chunks/node_modules_next_dist_1e8vcs8._.js:776
[  687110ms] [LOG] [Fast Refresh] done in 1147ms @ http://localhost:3000/_next/static/chunks/node_modules_next_dist_1e8vcs8._.js:776
[  687204ms] [LOG] [Fast Refresh] done in 1147ms @ http://localhost:3000/_next/static/chunks/node_modules_next_dist_1e8vcs8._.js:776
[  687280ms] [LOG] [Fast Refresh] done in 1147ms @ http://localhost:3000/_next/static/chunks/node_modules_next_dist_1e8vcs8._.js:776
[  687381ms] [LOG] [Fast Refresh] done in 1147ms @ http://localhost:3000/_next/static/chunks/node_modules_next_dist_1e8vcs8._.js:776
[  687459ms] [LOG] [Fast Refresh] done in 1147ms @ http://localhost:3000/_next/static/chunks/node_modules_next_dist_1e8vcs8._.js:776
[  687553ms] [LOG] [Fast Refresh] done in 1147ms @ http://localhost:3000/_next/static/chunks/node_modules_next_dist_1e8vcs8._.js:776
[  687656ms] [LOG] [Fast Refresh] done in 1147ms @ http://localhost:3000/_next/static/chunks/node_modules_next_dist_1e8vcs8._.js:776
[  687728ms] [LOG] [Fast Refresh] done in 1147ms @ http://localhost:3000/_next/static/chunks/node_modules_next_dist_1e8vcs8._.js:776
[  687838ms] [LOG] [Fast Refresh] done in 1147ms @ http://localhost:3000/_next/static/chunks/node_modules_next_dist_1e8vcs8._.js:776
[  687908ms] [LOG] [Fast Refresh] done in 1147ms @ http://localhost:3000/_next/static/chunks/node_modules_next_dist_1e8vcs8._.js:776
[  688000ms] [LOG] [Fast Refresh] done in 1147ms @ http://localhost:3000/_next/static/chunks/node_modules_next_dist_1e8vcs8._.js:776
[  688086ms] [LOG] [Fast Refresh] done in 1147ms @ http://localhost:3000/_next/static/chunks/node_modules_next_dist_1e8vcs8._.js:776
[  688193ms] [LOG] [Fast Refresh] done in 1147ms @ http://localhost:3000/_next/static/chunks/node_modules_next_dist_1e8vcs8._.js:776
[  688292ms] [LOG] [Fast Refresh] done in 1147ms @ http://localhost:3000/_next/static/chunks/node_modules_next_dist_1e8vcs8._.js:776
[  688398ms] [LOG] [Fast Refresh] done in 1147ms @ http://localhost:3000/_next/static/chunks/node_modules_next_dist_1e8vcs8._.js:776
[  688514ms] [LOG] [Fast Refresh] done in 1147ms @ http://localhost:3000/_next/static/chunks/node_modules_next_dist_1e8vcs8._.js:776
[  688616ms] [LOG] [Fast Refresh] done in 1147ms @ http://localhost:3000/_next/static/chunks/node_modules_next_dist_1e8vcs8._.js:776
[  688730ms] [LOG] [Fast Refresh] done in 1147ms @ http://localhost:3000/_next/static/chunks/node_modules_next_dist_1e8vcs8._.js:776
[  688816ms] [LOG] [Fast Refresh] done in 1147ms @ http://localhost:3000/_next/static/chunks/node_modules_next_dist_1e8vcs8._.js:776
[  688917ms] [LOG] [Fast Refresh] done in 1147ms @ http://localhost:3000/_next/static/chunks/node_modules_next_dist_1e8vcs8._.js:776
[  689024ms] [LOG] [Fast Refresh] done in 1147ms @ http://localhost:3000/_next/static/chunks/node_modules_next_dist_1e8vcs8._.js:776
[  689120ms] [LOG] [Fast Refresh] done in 1147ms @ http://localhost:3000/_next/static/chunks/node_modules_next_dist_1e8vcs8._.js:776
[  689248ms] [LOG] [Fast Refresh] done in 1147ms @ http://localhost:3000/_next/static/chunks/node_modules_next_dist_1e8vcs8._.js:776
[  689338ms] [LOG] [Fast Refresh] done in 1147ms @ http://localhost:3000/_next/static/chunks/node_modules_next_dist_1e8vcs8._.js:776
[  689427ms] [LOG] [Fast Refresh] done in 1147ms @ http://localhost:3000/_next/static/chunks/node_modules_next_dist_1e8vcs8._.js:776
[  689556ms] [LOG] [Fast Refresh] done in 1147ms @ http://localhost:3000/_next/static/chunks/node_modules_next_dist_1e8vcs8._.js:776
[  689649ms] [LOG] [Fast Refresh] done in 1147ms @ http://localhost:3000/_next/static/chunks/node_modules_next_dist_1e8vcs8._.js:776
[  689806ms] [LOG] [Fast Refresh] done in 1147ms @ http://localhost:3000/_next/static/chunks/node_modules_next_dist_1e8vcs8._.js:776
[  689882ms] [LOG] [Fast Refresh] done in 1147ms @ http://localhost:3000/_next/static/chunks/node_modules_next_dist_1e8vcs8._.js:776
[  690004ms] [LOG] [Fast Refresh] done in 1147ms @ http://localhost:3000/_next/static/chunks/node_modules_next_dist_1e8vcs8._.js:776
[  690091ms] [LOG] [Fast Refresh] done in 1147ms @ http://localhost:3000/_next/static/chunks/node_modules_next_dist_1e8vcs8._.js:776
[  690165ms] [LOG] [Fast Refresh] done in 1147ms @ http://localhost:3000/_next/static/chunks/node_modules_next_dist_1e8vcs8._.js:776
[  690269ms] [LOG] [Fast Refresh] done in 1147ms @ http://localhost:3000/_next/static/chunks/node_modules_next_dist_1e8vcs8._.js:776
[  690344ms] [LOG] [Fast Refresh] done in 1147ms @ http://localhost:3000/_next/static/chunks/node_modules_next_dist_1e8vcs8._.js:776
[  690462ms] [LOG] [Fast Refresh] done in 1147ms @ http://localhost:3000/_next/static/chunks/node_modules_next_dist_1e8vcs8._.js:776
[  690559ms] [LOG] [Fast Refresh] done in 1147ms @ http://localhost:3000/_next/static/chunks/node_modules_next_dist_1e8vcs8._.js:776
[  690658ms] [LOG] [Fast Refresh] done in 1147ms @ http://localhost:3000/_next/static/chunks/node_modules_next_dist_1e8vcs8._.js:776
[  690757ms] [LOG] [Fast Refresh] done in 1147ms @ http://localhost:3000/_next/static/chunks/node_modules_next_dist_1e8vcs8._.js:776
[  690854ms] [LOG] [Fast Refresh] done in 1147ms @ http://localhost:3000/_next/static/chunks/node_modules_next_dist_1e8vcs8._.js:776
[  690966ms] [LOG] [Fast Refresh] done in 1147ms @ http://localhost:3000/_next/static/chunks/node_modules_next_dist_1e8vcs8._.js:776
[  691088ms] [LOG] [Fast Refresh] done in 1147ms @ http://localhost:3000/_next/static/chunks/node_modules_next_dist_1e8vcs8._.js:776
[  691218ms] [LOG] [Fast Refresh] done in 1147ms @ http://localhost:3000/_next/static/chunks/node_modules_next_dist_1e8vcs8._.js:776
[  691325ms] [LOG] [Fast Refresh] done in 1147ms @ http://localhost:3000/_next/static/chunks/node_modules_next_dist_1e8vcs8._.js:776
[  691493ms] [LOG] [Fast Refresh] done in 1147ms @ http://localhost:3000/_next/static/chunks/node_modules_next_dist_1e8vcs8._.js:776
[  691651ms] [LOG] [Fast Refresh] done in 1147ms @ http://localhost:3000/_next/static/chunks/node_modules_next_dist_1e8vcs8._.js:776
[  691763ms] [LOG] [Fast Refresh] done in 1147ms @ http://localhost:3000/_next/static/chunks/node_modules_next_dist_1e8vcs8._.js:776
[  691859ms] [LOG] [Fast Refresh] done in 1147ms @ http://localhost:3000/_next/static/chunks/node_modules_next_dist_1e8vcs8._.js:776
[  691950ms] [LOG] [Fast Refresh] done in 1147ms @ http://localhost:3000/_next/static/chunks/node_modules_next_dist_1e8vcs8._.js:776
[  692079ms] [LOG] [Fast Refresh] done in 1147ms @ http://localhost:3000/_next/static/chunks/node_modules_next_dist_1e8vcs8._.js:776
[  692156ms] [LOG] [Fast Refresh] done in 1147ms @ http://localhost:3000/_next/static/chunks/node_modules_next_dist_1e8vcs8._.js:776
[  692278ms] [LOG] [Fast Refresh] done in 1147ms @ http://localhost:3000/_next/static/chunks/node_modules_next_dist_1e8vcs8._.js:776
[  692372ms] [LOG] [Fast Refresh] done in 1147ms @ http://localhost:3000/_next/static/chunks/node_modules_next_dist_1e8vcs8._.js:776
[  692473ms] [LOG] [Fast Refresh] done in 1147ms @ http://localhost:3000/_next/static/chunks/node_modules_next_dist_1e8vcs8._.js:776
[  692594ms] [LOG] [Fast Refresh] done in 1147ms @ http://localhost:3000/_next/static/chunks/node_modules_next_dist_1e8vcs8._.js:776
[  692761ms] [LOG] [Fast Refresh] done in 1147ms @ http://localhost:3000/_next/static/chunks/node_modules_next_dist_1e8vcs8._.js:776
[  692842ms] [LOG] [Fast Refresh] done in 1147ms @ http://localhost:3000/_next/static/chunks/node_modules_next_dist_1e8vcs8._.js:776
[  692944ms] [LOG] [Fast Refresh] done in 1147ms @ http://localhost:3000/_next/static/chunks/node_modules_next_dist_1e8vcs8._.js:776
[  693064ms] [LOG] [Fast Refresh] done in 1147ms @ http://localhost:3000/_next/static/chunks/node_modules_next_dist_1e8vcs8._.js:776
[  693182ms] [LOG] [Fast Refresh] done in 1147ms @ http://localhost:3000/_next/static/chunks/node_modules_next_dist_1e8vcs8._.js:776
[  693290ms] [LOG] [Fast Refresh] done in 1147ms @ http://localhost:3000/_next/static/chunks/node_modules_next_dist_1e8vcs8._.js:776
[  693398ms] [LOG] [Fast Refresh] done in 1147ms @ http://localhost:3000/_next/static/chunks/node_modules_next_dist_1e8vcs8._.js:776
[  693514ms] [LOG] [Fast Refresh] done in 1147ms @ http://localhost:3000/_next/static/chunks/node_modules_next_dist_1e8vcs8._.js:776
[  693630ms] [LOG] [Fast Refresh] done in 1147ms @ http://localhost:3000/_next/static/chunks/node_modules_next_dist_1e8vcs8._.js:776
[  693732ms] [LOG] [Fast Refresh] done in 1147ms @ http://localhost:3000/_next/static/chunks/node_modules_next_dist_1e8vcs8._.js:776
[  693851ms] [LOG] [Fast Refresh] done in 1147ms @ http://localhost:3000/_next/static/chunks/node_modules_next_dist_1e8vcs8._.js:776
[  693933ms] [LOG] [Fast Refresh] done in 1147ms @ http://localhost:3000/_next/static/chunks/node_modules_next_dist_1e8vcs8._.js:776
[  694037ms] [LOG] [Fast Refresh] done in 1147ms @ http://localhost:3000/_next/static/chunks/node_modules_next_dist_1e8vcs8._.js:776
[  694131ms] [LOG] [Fast Refresh] done in 1147ms @ http://localhost:3000/_next/static/chunks/node_modules_next_dist_1e8vcs8._.js:776
[  694224ms] [LOG] [Fast Refresh] done in 1147ms @ http://localhost:3000/_next/static/chunks/node_modules_next_dist_1e8vcs8._.js:776
[  694315ms] [LOG] [Fast Refresh] done in 1147ms @ http://localhost:3000/_next/static/chunks/node_modules_next_dist_1e8vcs8._.js:776
[  694431ms] [LOG] [Fast Refresh] done in 1147ms @ http://localhost:3000/_next/static/chunks/node_modules_next_dist_1e8vcs8._.js:776
[  694536ms] [LOG] [Fast Refresh] done in 1147ms @ http://localhost:3000/_next/static/chunks/node_modules_next_dist_1e8vcs8._.js:776
[  694671ms] [LOG] [Fast Refresh] done in 1147ms @ http://localhost:3000/_next/static/chunks/node_modules_next_dist_1e8vcs8._.js:776
[  694800ms] [LOG] [Fast Refresh] done in 1147ms @ http://localhost:3000/_next/static/chunks/node_modules_next_dist_1e8vcs8._.js:776
[  694927ms] [LOG] [Fast Refresh] done in 1147ms @ http://localhost:3000/_next/static/chunks/node_modules_next_dist_1e8vcs8._.js:776
[  695012ms] [LOG] [Fast Refresh] done in 1147ms @ http://localhost:3000/_next/static/chunks/node_modules_next_dist_1e8vcs8._.js:776
[  695123ms] [LOG] [Fast Refresh] done in 1147ms @ http://localhost:3000/_next/static/chunks/node_modules_next_dist_1e8vcs8._.js:776
[  695262ms] [LOG] [Fast Refresh] done in 1147ms @ http://localhost:3000/_next/static/chunks/node_modules_next_dist_1e8vcs8._.js:776
[  695417ms] [LOG] [Fast Refresh] done in 1147ms @ http://localhost:3000/_next/static/chunks/node_modules_next_dist_1e8vcs8._.js:776
[  695529ms] [LOG] [Fast Refresh] done in 1147ms @ http://localhost:3000/_next/static/chunks/node_modules_next_dist_1e8vcs8._.js:776
[  695643ms] [LOG] [Fast Refresh] done in 1147ms @ http://localhost:3000/_next/static/chunks/node_modules_next_dist_1e8vcs8._.js:776
[  695752ms] [LOG] [Fast Refresh] done in 1147ms @ http://localhost:3000/_next/static/chunks/node_modules_next_dist_1e8vcs8._.js:776
[  695873ms] [LOG] [Fast Refresh] done in 1147ms @ http://localhost:3000/_next/static/chunks/node_modules_next_dist_1e8vcs8._.js:776
[  695990ms] [LOG] [Fast Refresh] done in 1147ms @ http://localhost:3000/_next/static/chunks/node_modules_next_dist_1e8vcs8._.js:776
[  696191ms] [LOG] [Fast Refresh] done in 1147ms @ http://localhost:3000/_next/static/chunks/node_modules_next_dist_1e8vcs8._.js:776
[  696309ms] [LOG] [Fast Refresh] done in 1147ms @ http://localhost:3000/_next/static/chunks/node_modules_next_dist_1e8vcs8._.js:776
[  696427ms] [LOG] [Fast Refresh] done in 1147ms @ http://localhost:3000/_next/static/chunks/node_modules_next_dist_1e8vcs8._.js:776
[  696524ms] [LOG] [Fast Refresh] done in 1147ms @ http://localhost:3000/_next/static/chunks/node_modules_next_dist_1e8vcs8._.js:776
[  696614ms] [LOG] [Fast Refresh] done in 1147ms @ http://localhost:3000/_next/static/chunks/node_modules_next_dist_1e8vcs8._.js:776
[  696677ms] [LOG] [Fast Refresh] done in 1147ms @ http://localhost:3000/_next/static/chunks/node_modules_next_dist_1e8vcs8._.js:776
[  696798ms] [LOG] [Fast Refresh] done in 1147ms @ http://localhost:3000/_next/static/chunks/node_modules_next_dist_1e8vcs8._.js:776
[  696936ms] [LOG] [Fast Refresh] done in 1147ms @ http://localhost:3000/_next/static/chunks/node_modules_next_dist_1e8vcs8._.js:776
[  697066ms] [LOG] [Fast Refresh] done in 1147ms @ http://localhost:3000/_next/static/chunks/node_modules_next_dist_1e8vcs8._.js:776
[  697163ms] [LOG] [Fast Refresh] done in 1147ms @ http://localhost:3000/_next/static/chunks/node_modules_next_dist_1e8vcs8._.js:776
[  697292ms] [LOG] [Fast Refresh] done in 1147ms @ http://localhost:3000/_next/static/chunks/node_modules_next_dist_1e8vcs8._.js:776
[  697431ms] [LOG] [Fast Refresh] done in 1147ms @ http://localhost:3000/_next/static/chunks/node_modules_next_dist_1e8vcs8._.js:776
[  697537ms] [LOG] [Fast Refresh] done in 1147ms @ http://localhost:3000/_next/static/chunks/node_modules_next_dist_1e8vcs8._.js:776
[  697648ms] [LOG] [Fast Refresh] done in 1147ms @ http://localhost:3000/_next/static/chunks/node_modules_next_dist_1e8vcs8._.js:776
[  697753ms] [LOG] [Fast Refresh] done in 1147ms @ http://localhost:3000/_next/static/chunks/node_modules_next_dist_1e8vcs8._.js:776
[  697891ms] [LOG] [Fast Refresh] done in 1147ms @ http://localhost:3000/_next/static/chunks/node_modules_next_dist_1e8vcs8._.js:776
[  698040ms] [LOG] [Fast Refresh] done in 1147ms @ http://localhost:3000/_next/static/chunks/node_modules_next_dist_1e8vcs8._.js:776
[  698142ms] [LOG] [Fast Refresh] done in 1147ms @ http://localhost:3000/_next/static/chunks/node_modules_next_dist_1e8vcs8._.js:776
[  698265ms] [LOG] [Fast Refresh] done in 1147ms @ http://localhost:3000/_next/static/chunks/node_modules_next_dist_1e8vcs8._.js:776
[  698392ms] [LOG] [Fast Refresh] done in 1147ms @ http://localhost:3000/_next/static/chunks/node_modules_next_dist_1e8vcs8._.js:776
[  698511ms] [LOG] [Fast Refresh] done in 1147ms @ http://localhost:3000/_next/static/chunks/node_modules_next_dist_1e8vcs8._.js:776
[  698637ms] [LOG] [Fast Refresh] done in 1147ms @ http://localhost:3000/_next/static/chunks/node_modules_next_dist_1e8vcs8._.js:776
[  698758ms] [LOG] [Fast Refresh] done in 1147ms @ http://localhost:3000/_next/static/chunks/node_modules_next_dist_1e8vcs8._.js:776
[  698889ms] [LOG] [Fast Refresh] done in 1147ms @ http://localhost:3000/_next/static/chunks/node_modules_next_dist_1e8vcs8._.js:776
[  698983ms] [LOG] [Fast Refresh] done in 1147ms @ http://localhost:3000/_next/static/chunks/node_modules_next_dist_1e8vcs8._.js:776
[  699070ms] [LOG] [Fast Refresh] done in 1147ms @ http://localhost:3000/_next/static/chunks/node_modules_next_dist_1e8vcs8._.js:776
[  699192ms] [LOG] [Fast Refresh] done in 1147ms @ http://localhost:3000/_next/static/chunks/node_modules_next_dist_1e8vcs8._.js:776
[  699262ms] [LOG] [Fast Refresh] done in 1147ms @ http://localhost:3000/_next/static/chunks/node_modules_next_dist_1e8vcs8._.js:776
[  699378ms] [LOG] [Fast Refresh] done in 1147ms @ http://localhost:3000/_next/static/chunks/node_modules_next_dist_1e8vcs8._.js:776
[  699451ms] [LOG] [Fast Refresh] done in 1147ms @ http://localhost:3000/_next/static/chunks/node_modules_next_dist_1e8vcs8._.js:776
[  699575ms] [LOG] [Fast Refresh] done in 1147ms @ http://localhost:3000/_next/static/chunks/node_modules_next_dist_1e8vcs8._.js:776
[  699725ms] [LOG] [Fast Refresh] done in 1147ms @ http://localhost:3000/_next/static/chunks/node_modules_next_dist_1e8vcs8._.js:776
[  699840ms] [LOG] [Fast Refresh] done in 1147ms @ http://localhost:3000/_next/static/chunks/node_modules_next_dist_1e8vcs8._.js:776
[  699955ms] [LOG] [Fast Refresh] done in 1147ms @ http://localhost:3000/_next/static/chunks/node_modules_next_dist_1e8vcs8._.js:776
[  700072ms] [LOG] [Fast Refresh] done in 1147ms @ http://localhost:3000/_next/static/chunks/node_modules_next_dist_1e8vcs8._.js:776
[  700224ms] [LOG] [Fast Refresh] done in 1147ms @ http://localhost:3000/_next/static/chunks/node_modules_next_dist_1e8vcs8._.js:776
[  700305ms] [LOG] [Fast Refresh] done in 1147ms @ http://localhost:3000/_next/static/chunks/node_modules_next_dist_1e8vcs8._.js:776
[  700403ms] [LOG] [Fast Refresh] done in 1147ms @ http://localhost:3000/_next/static/chunks/node_modules_next_dist_1e8vcs8._.js:776
[  700527ms] [LOG] [Fast Refresh] done in 1147ms @ http://localhost:3000/_next/static/chunks/node_modules_next_dist_1e8vcs8._.js:776
[  700653ms] [LOG] [Fast Refresh] done in 1147ms @ http://localhost:3000/_next/static/chunks/node_modules_next_dist_1e8vcs8._.js:776
[  700787ms] [LOG] [Fast Refresh] done in 1147ms @ http://localhost:3000/_next/static/chunks/node_modules_next_dist_1e8vcs8._.js:776
[  700864ms] [LOG] [Fast Refresh] done in 1147ms @ http://localhost:3000/_next/static/chunks/node_modules_next_dist_1e8vcs8._.js:776
[  700945ms] [LOG] [Fast Refresh] done in 1147ms @ http://localhost:3000/_next/static/chunks/node_modules_next_dist_1e8vcs8._.js:776
[  701023ms] [LOG] [Fast Refresh] done in 1147ms @ http://localhost:3000/_next/static/chunks/node_modules_next_dist_1e8vcs8._.js:776
[  701130ms] [LOG] [Fast Refresh] done in 1147ms @ http://localhost:3000/_next/static/chunks/node_modules_next_dist_1e8vcs8._.js:776
[  701239ms] [LOG] [Fast Refresh] done in 1147ms @ http://localhost:3000/_next/static/chunks/node_modules_next_dist_1e8vcs8._.js:776
[  701332ms] [LOG] [Fast Refresh] done in 1147ms @ http://localhost:3000/_next/static/chunks/node_modules_next_dist_1e8vcs8._.js:776
[  701443ms] [LOG] [Fast Refresh] done in 1147ms @ http://localhost:3000/_next/static/chunks/node_modules_next_dist_1e8vcs8._.js:776
[  701527ms] [LOG] [Fast Refresh] done in 1147ms @ http://localhost:3000/_next/static/chunks/node_modules_next_dist_1e8vcs8._.js:776
[  701615ms] [LOG] [Fast Refresh] done in 1147ms @ http://localhost:3000/_next/static/chunks/node_modules_next_dist_1e8vcs8._.js:776
[  701718ms] [LOG] [Fast Refresh] done in 1147ms @ http://localhost:3000/_next/static/chunks/node_modules_next_dist_1e8vcs8._.js:776
[  701860ms] [LOG] [Fast Refresh] done in 1147ms @ http://localhost:3000/_next/static/chunks/node_modules_next_dist_1e8vcs8._.js:776
[  701942ms] [LOG] [Fast Refresh] done in 1147ms @ http://localhost:3000/_next/static/chunks/node_modules_next_dist_1e8vcs8._.js:776
[  702037ms] [LOG] [Fast Refresh] done in 1147ms @ http://localhost:3000/_next/static/chunks/node_modules_next_dist_1e8vcs8._.js:776
[  702110ms] [LOG] [Fast Refresh] done in 1147ms @ http://localhost:3000/_next/static/chunks/node_modules_next_dist_1e8vcs8._.js:776
[  702226ms] [LOG] [Fast Refresh] done in 1147ms @ http://localhost:3000/_next/static/chunks/node_modules_next_dist_1e8vcs8._.js:776
[  702329ms] [LOG] [Fast Refresh] done in 1147ms @ http://localhost:3000/_next/static/chunks/node_modules_next_dist_1e8vcs8._.js:776
[  702440ms] [LOG] [Fast Refresh] done in 1147ms @ http://localhost:3000/_next/static/chunks/node_modules_next_dist_1e8vcs8._.js:776
[  702550ms] [LOG] [Fast Refresh] done in 1147ms @ http://localhost:3000/_next/static/chunks/node_modules_next_dist_1e8vcs8._.js:776
[  702629ms] [LOG] [Fast Refresh] done in 1147ms @ http://localhost:3000/_next/static/chunks/node_modules_next_dist_1e8vcs8._.js:776
[  702737ms] [LOG] [Fast Refresh] done in 1147ms @ http://localhost:3000/_next/static/chunks/node_modules_next_dist_1e8vcs8._.js:776
[  702795ms] [LOG] [Fast Refresh] done in 1147ms @ http://localhost:3000/_next/static/chunks/node_modules_next_dist_1e8vcs8._.js:776
[  702883ms] [LOG] [Fast Refresh] done in 1147ms @ http://localhost:3000/_next/static/chunks/node_modules_next_dist_1e8vcs8._.js:776
[  702991ms] [LOG] [Fast Refresh] done in 1147ms @ http://localhost:3000/_next/static/chunks/node_modules_next_dist_1e8vcs8._.js:776
[  703091ms] [LOG] [Fast Refresh] done in 1147ms @ http://localhost:3000/_next/static/chunks/node_modules_next_dist_1e8vcs8._.js:776
[  703202ms] [LOG] [Fast Refresh] done in 1147ms @ http://localhost:3000/_next/static/chunks/node_modules_next_dist_1e8vcs8._.js:776
[  703269ms] [LOG] [Fast Refresh] done in 1147ms @ http://localhost:3000/_next/static/chunks/node_modules_next_dist_1e8vcs8._.js:776
[  703377ms] [LOG] [Fast Refresh] done in 1147ms @ http://localhost:3000/_next/static/chunks/node_modules_next_dist_1e8vcs8._.js:776
[  703443ms] [LOG] [Fast Refresh] done in 1147ms @ http://localhost:3000/_next/static/chunks/node_modules_next_dist_1e8vcs8._.js:776
[  703532ms] [LOG] [Fast Refresh] done in 1147ms @ http://localhost:3000/_next/static/chunks/node_modules_next_dist_1e8vcs8._.js:776
[  703607ms] [LOG] [Fast Refresh] done in 1147ms @ http://localhost:3000/_next/static/chunks/node_modules_next_dist_1e8vcs8._.js:776
[  703692ms] [LOG] [Fast Refresh] done in 1147ms @ http://localhost:3000/_next/static/chunks/node_modules_next_dist_1e8vcs8._.js:776
[  703804ms] [LOG] [Fast Refresh] done in 1147ms @ http://localhost:3000/_next/static/chunks/node_modules_next_dist_1e8vcs8._.js:776
[  703864ms] [LOG] [Fast Refresh] done in 1147ms @ http://localhost:3000/_next/static/chunks/node_modules_next_dist_1e8vcs8._.js:776
[  703947ms] [LOG] [Fast Refresh] done in 1147ms @ http://localhost:3000/_next/static/chunks/node_modules_next_dist_1e8vcs8._.js:776
[  704021ms] [LOG] [Fast Refresh] done in 1147ms @ http://localhost:3000/_next/static/chunks/node_modules_next_dist_1e8vcs8._.js:776
[  704126ms] [LOG] [Fast Refresh] done in 1147ms @ http://localhost:3000/_next/static/chunks/node_modules_next_dist_1e8vcs8._.js:776
[  704200ms] [LOG] [Fast Refresh] done in 1147ms @ http://localhost:3000/_next/static/chunks/node_modules_next_dist_1e8vcs8._.js:776
[  704311ms] [LOG] [Fast Refresh] done in 1147ms @ http://localhost:3000/_next/static/chunks/node_modules_next_dist_1e8vcs8._.js:776
[  704417ms] [LOG] [Fast Refresh] done in 1147ms @ http://localhost:3000/_next/static/chunks/node_modules_next_dist_1e8vcs8._.js:776
[  704504ms] [LOG] [Fast Refresh] done in 1147ms @ http://localhost:3000/_next/static/chunks/node_modules_next_dist_1e8vcs8._.js:776
[  704606ms] [LOG] [Fast Refresh] done in 1147ms @ http://localhost:3000/_next/static/chunks/node_modules_next_dist_1e8vcs8._.js:776
[  704710ms] [LOG] [Fast Refresh] done in 1147ms @ http://localhost:3000/_next/static/chunks/node_modules_next_dist_1e8vcs8._.js:776
[  704793ms] [LOG] [Fast Refresh] done in 1147ms @ http://localhost:3000/_next/static/chunks/node_modules_next_dist_1e8vcs8._.js:776
[  704884ms] [LOG] [Fast Refresh] done in 1147ms @ http://localhost:3000/_next/static/chunks/node_modules_next_dist_1e8vcs8._.js:776
[  704990ms] [LOG] [Fast Refresh] done in 1147ms @ http://localhost:3000/_next/static/chunks/node_modules_next_dist_1e8vcs8._.js:776
[  705069ms] [LOG] [Fast Refresh] done in 1147ms @ http://localhost:3000/_next/static/chunks/node_modules_next_dist_1e8vcs8._.js:776
[  705170ms] [LOG] [Fast Refresh] done in 1147ms @ http://localhost:3000/_next/static/chunks/node_modules_next_dist_1e8vcs8._.js:776
[  705275ms] [LOG] [Fast Refresh] done in 1147ms @ http://localhost:3000/_next/static/chunks/node_modules_next_dist_1e8vcs8._.js:776
[  705353ms] [LOG] [Fast Refresh] done in 1147ms @ http://localhost:3000/_next/static/chunks/node_modules_next_dist_1e8vcs8._.js:776
[  705436ms] [LOG] [Fast Refresh] done in 1147ms @ http://localhost:3000/_next/static/chunks/node_modules_next_dist_1e8vcs8._.js:776
[  705546ms] [LOG] [Fast Refresh] done in 1147ms @ http://localhost:3000/_next/static/chunks/node_modules_next_dist_1e8vcs8._.js:776
[  705647ms] [LOG] [Fast Refresh] done in 1147ms @ http://localhost:3000/_next/static/chunks/node_modules_next_dist_1e8vcs8._.js:776
[  705742ms] [LOG] [Fast Refresh] done in 1147ms @ http://localhost:3000/_next/static/chunks/node_modules_next_dist_1e8vcs8._.js:776
[  705810ms] [LOG] [Fast Refresh] done in 1147ms @ http://localhost:3000/_next/static/chunks/node_modules_next_dist_1e8vcs8._.js:776
[  705937ms] [LOG] [Fast Refresh] done in 1147ms @ http://localhost:3000/_next/static/chunks/node_modules_next_dist_1e8vcs8._.js:776
[  706053ms] [LOG] [Fast Refresh] done in 1147ms @ http://localhost:3000/_next/static/chunks/node_modules_next_dist_1e8vcs8._.js:776
[  706155ms] [LOG] [Fast Refresh] done in 1147ms @ http://localhost:3000/_next/static/chunks/node_modules_next_dist_1e8vcs8._.js:776
[  706266ms] [LOG] [Fast Refresh] done in 1147ms @ http://localhost:3000/_next/static/chunks/node_modules_next_dist_1e8vcs8._.js:776
[  706374ms] [LOG] [Fast Refresh] done in 1147ms @ http://localhost:3000/_next/static/chunks/node_modules_next_dist_1e8vcs8._.js:776
[  706476ms] [LOG] [Fast Refresh] done in 1147ms @ http://localhost:3000/_next/static/chunks/node_modules_next_dist_1e8vcs8._.js:776
[  706547ms] [LOG] [Fast Refresh] done in 1147ms @ http://localhost:3000/_next/static/chunks/node_modules_next_dist_1e8vcs8._.js:776
[  706643ms] [LOG] [Fast Refresh] done in 1147ms @ http://localhost:3000/_next/static/chunks/node_modules_next_dist_1e8vcs8._.js:776
[  706743ms] [LOG] [Fast Refresh] done in 1147ms @ http://localhost:3000/_next/static/chunks/node_modules_next_dist_1e8vcs8._.js:776
[  706827ms] [LOG] [Fast Refresh] done in 1147ms @ http://localhost:3000/_next/static/chunks/node_modules_next_dist_1e8vcs8._.js:776
[  706919ms] [LOG] [Fast Refresh] done in 1147ms @ http://localhost:3000/_next/static/chunks/node_modules_next_dist_1e8vcs8._.js:776
[  707198ms] [LOG] [Fast Refresh] done in 1147ms @ http://localhost:3000/_next/static/chunks/node_modules_next_dist_1e8vcs8._.js:776
[  707300ms] [LOG] [Fast Refresh] done in 1147ms @ http://localhost:3000/_next/static/chunks/node_modules_next_dist_1e8vcs8._.js:776
[  707400ms] [LOG] [Fast Refresh] done in 1147ms @ http://localhost:3000/_next/static/chunks/node_modules_next_dist_1e8vcs8._.js:776
[  707490ms] [LOG] [Fast Refresh] done in 1147ms @ http://localhost:3000/_next/static/chunks/node_modules_next_dist_1e8vcs8._.js:776
[  707575ms] [LOG] [Fast Refresh] done in 1147ms @ http://localhost:3000/_next/static/chunks/node_modules_next_dist_1e8vcs8._.js:776
[  707696ms] [LOG] [Fast Refresh] done in 1147ms @ http://localhost:3000/_next/static/chunks/node_modules_next_dist_1e8vcs8._.js:776
[  707791ms] [LOG] [Fast Refresh] done in 1147ms @ http://localhost:3000/_next/static/chunks/node_modules_next_dist_1e8vcs8._.js:776
[  707917ms] [LOG] [Fast Refresh] done in 1147ms @ http://localhost:3000/_next/static/chunks/node_modules_next_dist_1e8vcs8._.js:776
[  708041ms] [LOG] [Fast Refresh] done in 1147ms @ http://localhost:3000/_next/static/chunks/node_modules_next_dist_1e8vcs8._.js:776
[  708160ms] [LOG] [Fast Refresh] done in 1147ms @ http://localhost:3000/_next/static/chunks/node_modules_next_dist_1e8vcs8._.js:776
[  708275ms] [LOG] [Fast Refresh] done in 1147ms @ http://localhost:3000/_next/static/chunks/node_modules_next_dist_1e8vcs8._.js:776
[  708382ms] [LOG] [Fast Refresh] done in 1147ms @ http://localhost:3000/_next/static/chunks/node_modules_next_dist_1e8vcs8._.js:776
[  708449ms] [LOG] [Fast Refresh] done in 1147ms @ http://localhost:3000/_next/static/chunks/node_modules_next_dist_1e8vcs8._.js:776
[  708523ms] [LOG] [Fast Refresh] done in 1147ms @ http://localhost:3000/_next/static/chunks/node_modules_next_dist_1e8vcs8._.js:776
[  708633ms] [LOG] [Fast Refresh] done in 1147ms @ http://localhost:3000/_next/static/chunks/node_modules_next_dist_1e8vcs8._.js:776
[  708710ms] [LOG] [Fast Refresh] done in 1147ms @ http://localhost:3000/_next/static/chunks/node_modules_next_dist_1e8vcs8._.js:776
[  708831ms] [LOG] [Fast Refresh] done in 1147ms @ http://localhost:3000/_next/static/chunks/node_modules_next_dist_1e8vcs8._.js:776
[  708904ms] [LOG] [Fast Refresh] done in 1147ms @ http://localhost:3000/_next/static/chunks/node_modules_next_dist_1e8vcs8._.js:776
[  709008ms] [LOG] [Fast Refresh] done in 1147ms @ http://localhost:3000/_next/static/chunks/node_modules_next_dist_1e8vcs8._.js:776
[  709109ms] [LOG] [Fast Refresh] done in 1147ms @ http://localhost:3000/_next/static/chunks/node_modules_next_dist_1e8vcs8._.js:776
[  709221ms] [LOG] [Fast Refresh] done in 1147ms @ http://localhost:3000/_next/static/chunks/node_modules_next_dist_1e8vcs8._.js:776
[  709323ms] [LOG] [Fast Refresh] done in 1147ms @ http://localhost:3000/_next/static/chunks/node_modules_next_dist_1e8vcs8._.js:776
[  709461ms] [LOG] [Fast Refresh] done in 1147ms @ http://localhost:3000/_next/static/chunks/node_modules_next_dist_1e8vcs8._.js:776
[  709553ms] [LOG] [Fast Refresh] done in 1147ms @ http://localhost:3000/_next/static/chunks/node_modules_next_dist_1e8vcs8._.js:776
[  709626ms] [LOG] [Fast Refresh] done in 1147ms @ http://localhost:3000/_next/static/chunks/node_modules_next_dist_1e8vcs8._.js:776
[  709719ms] [LOG] [Fast Refresh] done in 1147ms @ http://localhost:3000/_next/static/chunks/node_modules_next_dist_1e8vcs8._.js:776
[  709803ms] [LOG] [Fast Refresh] done in 1147ms @ http://localhost:3000/_next/static/chunks/node_modules_next_dist_1e8vcs8._.js:776
[  709923ms] [LOG] [Fast Refresh] done in 1147ms @ http://localhost:3000/_next/static/chunks/node_modules_next_dist_1e8vcs8._.js:776
[  710071ms] [LOG] [Fast Refresh] done in 1147ms @ http://localhost:3000/_next/static/chunks/node_modules_next_dist_1e8vcs8._.js:776
[  710348ms] [LOG] [Fast Refresh] rebuilding @ http://localhost:3000/_next/static/chunks/node_modules_next_dist_1e8vcs8._.js:776
[  711051ms] [LOG] [Fast Refresh] done in 775ms @ http://localhost:3000/_next/static/chunks/node_modules_next_dist_1e8vcs8._.js:776
[  711381ms] [LOG] [Fast Refresh] rebuilding @ http://localhost:3000/_next/static/chunks/node_modules_next_dist_1e8vcs8._.js:776
[  711502ms] [LOG] [Fast Refresh] done in 227ms @ http://localhost:3000/_next/static/chunks/node_modules_next_dist_1e8vcs8._.js:776
[  727496ms] [LOG] [Fast Refresh] rebuilding @ http://localhost:3000/_next/static/chunks/node_modules_next_dist_1e8vcs8._.js:776
[  729001ms] [LOG] [Fast Refresh] done in 1333ms @ http://localhost:3000/_next/static/chunks/node_modules_next_dist_1e8vcs8._.js:776
[  729107ms] [LOG] [Fast Refresh] done in 1333ms @ http://localhost:3000/_next/static/chunks/node_modules_next_dist_1e8vcs8._.js:776
[  729249ms] [LOG] [Fast Refresh] done in 1333ms @ http://localhost:3000/_next/static/chunks/node_modules_next_dist_1e8vcs8._.js:776
[  729334ms] [LOG] [Fast Refresh] done in 1333ms @ http://localhost:3000/_next/static/chunks/node_modules_next_dist_1e8vcs8._.js:776
[  729435ms] [LOG] [Fast Refresh] done in 1333ms @ http://localhost:3000/_next/static/chunks/node_modules_next_dist_1e8vcs8._.js:776
[  729538ms] [LOG] [Fast Refresh] done in 1333ms @ http://localhost:3000/_next/static/chunks/node_modules_next_dist_1e8vcs8._.js:776
[  729679ms] [LOG] [Fast Refresh] done in 1333ms @ http://localhost:3000/_next/static/chunks/node_modules_next_dist_1e8vcs8._.js:776
[  729784ms] [LOG] [Fast Refresh] done in 1333ms @ http://localhost:3000/_next/static/chunks/node_modules_next_dist_1e8vcs8._.js:776
[  729863ms] [LOG] [Fast Refresh] done in 1333ms @ http://localhost:3000/_next/static/chunks/node_modules_next_dist_1e8vcs8._.js:776
[  729944ms] [LOG] [Fast Refresh] done in 1333ms @ http://localhost:3000/_next/static/chunks/node_modules_next_dist_1e8vcs8._.js:776
[  730035ms] [LOG] [Fast Refresh] done in 1333ms @ http://localhost:3000/_next/static/chunks/node_modules_next_dist_1e8vcs8._.js:776
[  730200ms] [LOG] [Fast Refresh] done in 1333ms @ http://localhost:3000/_next/static/chunks/node_modules_next_dist_1e8vcs8._.js:776
[  730346ms] [LOG] [Fast Refresh] done in 1333ms @ http://localhost:3000/_next/static/chunks/node_modules_next_dist_1e8vcs8._.js:776
[  730453ms] [LOG] [Fast Refresh] done in 1333ms @ http://localhost:3000/_next/static/chunks/node_modules_next_dist_1e8vcs8._.js:776
[  730572ms] [LOG] [Fast Refresh] done in 1333ms @ http://localhost:3000/_next/static/chunks/node_modules_next_dist_1e8vcs8._.js:776
[  730660ms] [LOG] [Fast Refresh] done in 1333ms @ http://localhost:3000/_next/static/chunks/node_modules_next_dist_1e8vcs8._.js:776
[  730754ms] [LOG] [Fast Refresh] done in 1333ms @ http://localhost:3000/_next/static/chunks/node_modules_next_dist_1e8vcs8._.js:776
[  730947ms] [LOG] [Fast Refresh] done in 1333ms @ http://localhost:3000/_next/static/chunks/node_modules_next_dist_1e8vcs8._.js:776
[  731038ms] [LOG] [Fast Refresh] done in 1333ms @ http://localhost:3000/_next/static/chunks/node_modules_next_dist_1e8vcs8._.js:776
[  731134ms] [LOG] [Fast Refresh] done in 1333ms @ http://localhost:3000/_next/static/chunks/node_modules_next_dist_1e8vcs8._.js:776
[  731297ms] [LOG] [Fast Refresh] done in 1333ms @ http://localhost:3000/_next/static/chunks/node_modules_next_dist_1e8vcs8._.js:776
[  731427ms] [LOG] [Fast Refresh] done in 1333ms @ http://localhost:3000/_next/static/chunks/node_modules_next_dist_1e8vcs8._.js:776
[  731492ms] [LOG] [Fast Refresh] done in 1333ms @ http://localhost:3000/_next/static/chunks/node_modules_next_dist_1e8vcs8._.js:776
[  731637ms] [LOG] [Fast Refresh] done in 1333ms @ http://localhost:3000/_next/static/chunks/node_modules_next_dist_1e8vcs8._.js:776
[  731746ms] [LOG] [Fast Refresh] done in 1333ms @ http://localhost:3000/_next/static/chunks/node_modules_next_dist_1e8vcs8._.js:776
[  731877ms] [LOG] [Fast Refresh] done in 1333ms @ http://localhost:3000/_next/static/chunks/node_modules_next_dist_1e8vcs8._.js:776
[  732015ms] [LOG] [Fast Refresh] done in 1333ms @ http://localhost:3000/_next/static/chunks/node_modules_next_dist_1e8vcs8._.js:776
[  732121ms] [LOG] [Fast Refresh] done in 1333ms @ http://localhost:3000/_next/static/chunks/node_modules_next_dist_1e8vcs8._.js:776
[  732262ms] [LOG] [Fast Refresh] done in 1333ms @ http://localhost:3000/_next/static/chunks/node_modules_next_dist_1e8vcs8._.js:776
[  732408ms] [LOG] [Fast Refresh] done in 1333ms @ http://localhost:3000/_next/static/chunks/node_modules_next_dist_1e8vcs8._.js:776
[  732509ms] [LOG] [Fast Refresh] done in 1333ms @ http://localhost:3000/_next/static/chunks/node_modules_next_dist_1e8vcs8._.js:776
[  732636ms] [LOG] [Fast Refresh] done in 1333ms @ http://localhost:3000/_next/static/chunks/node_modules_next_dist_1e8vcs8._.js:776
[  732728ms] [LOG] [Fast Refresh] done in 1333ms @ http://localhost:3000/_next/static/chunks/node_modules_next_dist_1e8vcs8._.js:776
[  732862ms] [LOG] [Fast Refresh] done in 1333ms @ http://localhost:3000/_next/static/chunks/node_modules_next_dist_1e8vcs8._.js:776
[  732961ms] [LOG] [Fast Refresh] done in 1333ms @ http://localhost:3000/_next/static/chunks/node_modules_next_dist_1e8vcs8._.js:776
[  733098ms] [LOG] [Fast Refresh] done in 1333ms @ http://localhost:3000/_next/static/chunks/node_modules_next_dist_1e8vcs8._.js:776
[  733209ms] [LOG] [Fast Refresh] done in 1333ms @ http://localhost:3000/_next/static/chunks/node_modules_next_dist_1e8vcs8._.js:776
[  733278ms] [LOG] [Fast Refresh] done in 1333ms @ http://localhost:3000/_next/static/chunks/node_modules_next_dist_1e8vcs8._.js:776
[  733356ms] [LOG] [Fast Refresh] done in 1333ms @ http://localhost:3000/_next/static/chunks/node_modules_next_dist_1e8vcs8._.js:776
[  733473ms] [LOG] [Fast Refresh] done in 1333ms @ http://localhost:3000/_next/static/chunks/node_modules_next_dist_1e8vcs8._.js:776
[  733600ms] [LOG] [Fast Refresh] done in 1333ms @ http://localhost:3000/_next/static/chunks/node_modules_next_dist_1e8vcs8._.js:776
[  733672ms] [LOG] [Fast Refresh] done in 1333ms @ http://localhost:3000/_next/static/chunks/node_modules_next_dist_1e8vcs8._.js:776
[  733813ms] [LOG] [Fast Refresh] done in 1333ms @ http://localhost:3000/_next/static/chunks/node_modules_next_dist_1e8vcs8._.js:776
[  733930ms] [LOG] [Fast Refresh] done in 1333ms @ http://localhost:3000/_next/static/chunks/node_modules_next_dist_1e8vcs8._.js:776
[  733989ms] [LOG] [Fast Refresh] done in 1333ms @ http://localhost:3000/_next/static/chunks/node_modules_next_dist_1e8vcs8._.js:776
[  734118ms] [LOG] [Fast Refresh] done in 1333ms @ http://localhost:3000/_next/static/chunks/node_modules_next_dist_1e8vcs8._.js:776
[  734234ms] [LOG] [Fast Refresh] done in 1333ms @ http://localhost:3000/_next/static/chunks/node_modules_next_dist_1e8vcs8._.js:776
[  734342ms] [LOG] [Fast Refresh] done in 1333ms @ http://localhost:3000/_next/static/chunks/node_modules_next_dist_1e8vcs8._.js:776
[  734452ms] [LOG] [Fast Refresh] done in 1333ms @ http://localhost:3000/_next/static/chunks/node_modules_next_dist_1e8vcs8._.js:776
[  734591ms] [LOG] [Fast Refresh] done in 1333ms @ http://localhost:3000/_next/static/chunks/node_modules_next_dist_1e8vcs8._.js:776
[  734702ms] [LOG] [Fast Refresh] done in 1333ms @ http://localhost:3000/_next/static/chunks/node_modules_next_dist_1e8vcs8._.js:776
[  734848ms] [LOG] [Fast Refresh] done in 1333ms @ http://localhost:3000/_next/static/chunks/node_modules_next_dist_1e8vcs8._.js:776
[  734975ms] [LOG] [Fast Refresh] done in 1333ms @ http://localhost:3000/_next/static/chunks/node_modules_next_dist_1e8vcs8._.js:776
[  735072ms] [LOG] [Fast Refresh] done in 1333ms @ http://localhost:3000/_next/static/chunks/node_modules_next_dist_1e8vcs8._.js:776
[  735184ms] [LOG] [Fast Refresh] done in 1333ms @ http://localhost:3000/_next/static/chunks/node_modules_next_dist_1e8vcs8._.js:776
[  735265ms] [LOG] [Fast Refresh] done in 1333ms @ http://localhost:3000/_next/static/chunks/node_modules_next_dist_1e8vcs8._.js:776
[  735379ms] [LOG] [Fast Refresh] done in 1333ms @ http://localhost:3000/_next/static/chunks/node_modules_next_dist_1e8vcs8._.js:776
[  735489ms] [LOG] [Fast Refresh] done in 1333ms @ http://localhost:3000/_next/static/chunks/node_modules_next_dist_1e8vcs8._.js:776
[  735607ms] [LOG] [Fast Refresh] done in 1333ms @ http://localhost:3000/_next/static/chunks/node_modules_next_dist_1e8vcs8._.js:776
[  735729ms] [LOG] [Fast Refresh] done in 1333ms @ http://localhost:3000/_next/static/chunks/node_modules_next_dist_1e8vcs8._.js:776
[  735846ms] [LOG] [Fast Refresh] done in 1333ms @ http://localhost:3000/_next/static/chunks/node_modules_next_dist_1e8vcs8._.js:776
[  735935ms] [LOG] [Fast Refresh] done in 1333ms @ http://localhost:3000/_next/static/chunks/node_modules_next_dist_1e8vcs8._.js:776
[  736045ms] [LOG] [Fast Refresh] done in 1333ms @ http://localhost:3000/_next/static/chunks/node_modules_next_dist_1e8vcs8._.js:776
[  736150ms] [LOG] [Fast Refresh] done in 1333ms @ http://localhost:3000/_next/static/chunks/node_modules_next_dist_1e8vcs8._.js:776
[  736283ms] [LOG] [Fast Refresh] done in 1333ms @ http://localhost:3000/_next/static/chunks/node_modules_next_dist_1e8vcs8._.js:776
[  736351ms] [LOG] [Fast Refresh] done in 1333ms @ http://localhost:3000/_next/static/chunks/node_modules_next_dist_1e8vcs8._.js:776
[  736490ms] [LOG] [Fast Refresh] done in 1333ms @ http://localhost:3000/_next/static/chunks/node_modules_next_dist_1e8vcs8._.js:776
[  736635ms] [LOG] [Fast Refresh] done in 1333ms @ http://localhost:3000/_next/static/chunks/node_modules_next_dist_1e8vcs8._.js:776
[  736789ms] [LOG] [Fast Refresh] done in 1333ms @ http://localhost:3000/_next/static/chunks/node_modules_next_dist_1e8vcs8._.js:776
[  736925ms] [LOG] [Fast Refresh] done in 1333ms @ http://localhost:3000/_next/static/chunks/node_modules_next_dist_1e8vcs8._.js:776
[  737044ms] [LOG] [Fast Refresh] done in 1333ms @ http://localhost:3000/_next/static/chunks/node_modules_next_dist_1e8vcs8._.js:776
[  737210ms] [LOG] [Fast Refresh] done in 1333ms @ http://localhost:3000/_next/static/chunks/node_modules_next_dist_1e8vcs8._.js:776
[  737354ms] [LOG] [Fast Refresh] done in 1333ms @ http://localhost:3000/_next/static/chunks/node_modules_next_dist_1e8vcs8._.js:776
[  737479ms] [LOG] [Fast Refresh] done in 1333ms @ http://localhost:3000/_next/static/chunks/node_modules_next_dist_1e8vcs8._.js:776
[  737611ms] [LOG] [Fast Refresh] done in 1333ms @ http://localhost:3000/_next/static/chunks/node_modules_next_dist_1e8vcs8._.js:776
[  737702ms] [LOG] [Fast Refresh] done in 1333ms @ http://localhost:3000/_next/static/chunks/node_modules_next_dist_1e8vcs8._.js:776
[  737823ms] [LOG] [Fast Refresh] done in 1333ms @ http://localhost:3000/_next/static/chunks/node_modules_next_dist_1e8vcs8._.js:776
[  737913ms] [LOG] [Fast Refresh] done in 1333ms @ http://localhost:3000/_next/static/chunks/node_modules_next_dist_1e8vcs8._.js:776
[  738029ms] [LOG] [Fast Refresh] done in 1333ms @ http://localhost:3000/_next/static/chunks/node_modules_next_dist_1e8vcs8._.js:776
[  738152ms] [LOG] [Fast Refresh] done in 1333ms @ http://localhost:3000/_next/static/chunks/node_modules_next_dist_1e8vcs8._.js:776
[  738234ms] [LOG] [Fast Refresh] done in 1333ms @ http://localhost:3000/_next/static/chunks/node_modules_next_dist_1e8vcs8._.js:776
[  738346ms] [LOG] [Fast Refresh] done in 1333ms @ http://localhost:3000/_next/static/chunks/node_modules_next_dist_1e8vcs8._.js:776
[  738450ms] [LOG] [Fast Refresh] done in 1333ms @ http://localhost:3000/_next/static/chunks/node_modules_next_dist_1e8vcs8._.js:776
[  738585ms] [LOG] [Fast Refresh] done in 1333ms @ http://localhost:3000/_next/static/chunks/node_modules_next_dist_1e8vcs8._.js:776
[  738695ms] [LOG] [Fast Refresh] done in 1333ms @ http://localhost:3000/_next/static/chunks/node_modules_next_dist_1e8vcs8._.js:776
[  738810ms] [LOG] [Fast Refresh] done in 1333ms @ http://localhost:3000/_next/static/chunks/node_modules_next_dist_1e8vcs8._.js:776
[  738923ms] [LOG] [Fast Refresh] done in 1333ms @ http://localhost:3000/_next/static/chunks/node_modules_next_dist_1e8vcs8._.js:776
[  739017ms] [LOG] [Fast Refresh] done in 1333ms @ http://localhost:3000/_next/static/chunks/node_modules_next_dist_1e8vcs8._.js:776
[  739136ms] [LOG] [Fast Refresh] done in 1333ms @ http://localhost:3000/_next/static/chunks/node_modules_next_dist_1e8vcs8._.js:776
[  739227ms] [LOG] [Fast Refresh] done in 1333ms @ http://localhost:3000/_next/static/chunks/node_modules_next_dist_1e8vcs8._.js:776
[  739356ms] [LOG] [Fast Refresh] done in 1333ms @ http://localhost:3000/_next/static/chunks/node_modules_next_dist_1e8vcs8._.js:776
[  739502ms] [LOG] [Fast Refresh] done in 1333ms @ http://localhost:3000/_next/static/chunks/node_modules_next_dist_1e8vcs8._.js:776
[  739627ms] [LOG] [Fast Refresh] done in 1333ms @ http://localhost:3000/_next/static/chunks/node_modules_next_dist_1e8vcs8._.js:776
[  739767ms] [LOG] [Fast Refresh] done in 1333ms @ http://localhost:3000/_next/static/chunks/node_modules_next_dist_1e8vcs8._.js:776
[  739890ms] [LOG] [Fast Refresh] done in 1333ms @ http://localhost:3000/_next/static/chunks/node_modules_next_dist_1e8vcs8._.js:776
[  740060ms] [LOG] [Fast Refresh] done in 1333ms @ http://localhost:3000/_next/static/chunks/node_modules_next_dist_1e8vcs8._.js:776
[  740210ms] [LOG] [Fast Refresh] done in 1333ms @ http://localhost:3000/_next/static/chunks/node_modules_next_dist_1e8vcs8._.js:776
[  740297ms] [LOG] [Fast Refresh] done in 1333ms @ http://localhost:3000/_next/static/chunks/node_modules_next_dist_1e8vcs8._.js:776
[  740394ms] [LOG] [Fast Refresh] done in 1333ms @ http://localhost:3000/_next/static/chunks/node_modules_next_dist_1e8vcs8._.js:776
[  740490ms] [LOG] [Fast Refresh] done in 1333ms @ http://localhost:3000/_next/static/chunks/node_modules_next_dist_1e8vcs8._.js:776
[  740582ms] [LOG] [Fast Refresh] done in 1333ms @ http://localhost:3000/_next/static/chunks/node_modules_next_dist_1e8vcs8._.js:776
[  740690ms] [LOG] [Fast Refresh] done in 1333ms @ http://localhost:3000/_next/static/chunks/node_modules_next_dist_1e8vcs8._.js:776
[  740805ms] [LOG] [Fast Refresh] done in 1333ms @ http://localhost:3000/_next/static/chunks/node_modules_next_dist_1e8vcs8._.js:776
[  740882ms] [LOG] [Fast Refresh] done in 1333ms @ http://localhost:3000/_next/static/chunks/node_modules_next_dist_1e8vcs8._.js:776
[  740978ms] [LOG] [Fast Refresh] done in 1333ms @ http://localhost:3000/_next/static/chunks/node_modules_next_dist_1e8vcs8._.js:776
[  741101ms] [LOG] [Fast Refresh] done in 1333ms @ http://localhost:3000/_next/static/chunks/node_modules_next_dist_1e8vcs8._.js:776
[  741193ms] [LOG] [Fast Refresh] done in 1333ms @ http://localhost:3000/_next/static/chunks/node_modules_next_dist_1e8vcs8._.js:776
[  741277ms] [LOG] [Fast Refresh] done in 1333ms @ http://localhost:3000/_next/static/chunks/node_modules_next_dist_1e8vcs8._.js:776
[  741342ms] [LOG] [Fast Refresh] done in 1333ms @ http://localhost:3000/_next/static/chunks/node_modules_next_dist_1e8vcs8._.js:776
[  741432ms] [LOG] [Fast Refresh] done in 1333ms @ http://localhost:3000/_next/static/chunks/node_modules_next_dist_1e8vcs8._.js:776
[  741515ms] [LOG] [Fast Refresh] done in 1333ms @ http://localhost:3000/_next/static/chunks/node_modules_next_dist_1e8vcs8._.js:776
[  741606ms] [LOG] [Fast Refresh] done in 1333ms @ http://localhost:3000/_next/static/chunks/node_modules_next_dist_1e8vcs8._.js:776
[  741693ms] [LOG] [Fast Refresh] done in 1333ms @ http://localhost:3000/_next/static/chunks/node_modules_next_dist_1e8vcs8._.js:776
[  741783ms] [LOG] [Fast Refresh] done in 1333ms @ http://localhost:3000/_next/static/chunks/node_modules_next_dist_1e8vcs8._.js:776
[  741858ms] [LOG] [Fast Refresh] done in 1333ms @ http://localhost:3000/_next/static/chunks/node_modules_next_dist_1e8vcs8._.js:776
[  741947ms] [LOG] [Fast Refresh] done in 1333ms @ http://localhost:3000/_next/static/chunks/node_modules_next_dist_1e8vcs8._.js:776
[  742028ms] [LOG] [Fast Refresh] done in 1333ms @ http://localhost:3000/_next/static/chunks/node_modules_next_dist_1e8vcs8._.js:776
[  742140ms] [LOG] [Fast Refresh] done in 1333ms @ http://localhost:3000/_next/static/chunks/node_modules_next_dist_1e8vcs8._.js:776
[  742221ms] [LOG] [Fast Refresh] done in 1333ms @ http://localhost:3000/_next/static/chunks/node_modules_next_dist_1e8vcs8._.js:776
[  742305ms] [LOG] [Fast Refresh] done in 1333ms @ http://localhost:3000/_next/static/chunks/node_modules_next_dist_1e8vcs8._.js:776
[  742372ms] [LOG] [Fast Refresh] done in 1333ms @ http://localhost:3000/_next/static/chunks/node_modules_next_dist_1e8vcs8._.js:776
[  742432ms] [LOG] [Fast Refresh] done in 1333ms @ http://localhost:3000/_next/static/chunks/node_modules_next_dist_1e8vcs8._.js:776
[  742559ms] [LOG] [Fast Refresh] done in 1333ms @ http://localhost:3000/_next/static/chunks/node_modules_next_dist_1e8vcs8._.js:776
[  742647ms] [LOG] [Fast Refresh] done in 1333ms @ http://localhost:3000/_next/static/chunks/node_modules_next_dist_1e8vcs8._.js:776
[  742732ms] [LOG] [Fast Refresh] done in 1333ms @ http://localhost:3000/_next/static/chunks/node_modules_next_dist_1e8vcs8._.js:776
[  742839ms] [LOG] [Fast Refresh] done in 1333ms @ http://localhost:3000/_next/static/chunks/node_modules_next_dist_1e8vcs8._.js:776
[  742930ms] [LOG] [Fast Refresh] done in 1333ms @ http://localhost:3000/_next/static/chunks/node_modules_next_dist_1e8vcs8._.js:776
[  743044ms] [LOG] [Fast Refresh] done in 1333ms @ http://localhost:3000/_next/static/chunks/node_modules_next_dist_1e8vcs8._.js:776
[  743140ms] [LOG] [Fast Refresh] done in 1333ms @ http://localhost:3000/_next/static/chunks/node_modules_next_dist_1e8vcs8._.js:776
[  743202ms] [LOG] [Fast Refresh] done in 1333ms @ http://localhost:3000/_next/static/chunks/node_modules_next_dist_1e8vcs8._.js:776
[  743315ms] [LOG] [Fast Refresh] done in 1333ms @ http://localhost:3000/_next/static/chunks/node_modules_next_dist_1e8vcs8._.js:776
[  743385ms] [LOG] [Fast Refresh] done in 1333ms @ http://localhost:3000/_next/static/chunks/node_modules_next_dist_1e8vcs8._.js:776
[  743460ms] [LOG] [Fast Refresh] done in 1333ms @ http://localhost:3000/_next/static/chunks/node_modules_next_dist_1e8vcs8._.js:776
[  743554ms] [LOG] [Fast Refresh] done in 1333ms @ http://localhost:3000/_next/static/chunks/node_modules_next_dist_1e8vcs8._.js:776
[  743640ms] [LOG] [Fast Refresh] done in 1333ms @ http://localhost:3000/_next/static/chunks/node_modules_next_dist_1e8vcs8._.js:776
[  743721ms] [LOG] [Fast Refresh] done in 1333ms @ http://localhost:3000/_next/static/chunks/node_modules_next_dist_1e8vcs8._.js:776
[  743810ms] [LOG] [Fast Refresh] done in 1333ms @ http://localhost:3000/_next/static/chunks/node_modules_next_dist_1e8vcs8._.js:776
[  743900ms] [LOG] [Fast Refresh] done in 1333ms @ http://localhost:3000/_next/static/chunks/node_modules_next_dist_1e8vcs8._.js:776
[  743978ms] [LOG] [Fast Refresh] done in 1333ms @ http://localhost:3000/_next/static/chunks/node_modules_next_dist_1e8vcs8._.js:776
[  744051ms] [LOG] [Fast Refresh] done in 1333ms @ http://localhost:3000/_next/static/chunks/node_modules_next_dist_1e8vcs8._.js:776
[  744130ms] [LOG] [Fast Refresh] done in 1333ms @ http://localhost:3000/_next/static/chunks/node_modules_next_dist_1e8vcs8._.js:776
[  744225ms] [LOG] [Fast Refresh] done in 1333ms @ http://localhost:3000/_next/static/chunks/node_modules_next_dist_1e8vcs8._.js:776
[  744312ms] [LOG] [Fast Refresh] done in 1333ms @ http://localhost:3000/_next/static/chunks/node_modules_next_dist_1e8vcs8._.js:776
[  744400ms] [LOG] [Fast Refresh] done in 1333ms @ http://localhost:3000/_next/static/chunks/node_modules_next_dist_1e8vcs8._.js:776
[  744492ms] [LOG] [Fast Refresh] done in 1333ms @ http://localhost:3000/_next/static/chunks/node_modules_next_dist_1e8vcs8._.js:776
[  744565ms] [LOG] [Fast Refresh] done in 1333ms @ http://localhost:3000/_next/static/chunks/node_modules_next_dist_1e8vcs8._.js:776
[  744645ms] [LOG] [Fast Refresh] done in 1333ms @ http://localhost:3000/_next/static/chunks/node_modules_next_dist_1e8vcs8._.js:776
[  744736ms] [LOG] [Fast Refresh] done in 1333ms @ http://localhost:3000/_next/static/chunks/node_modules_next_dist_1e8vcs8._.js:776
[  744804ms] [LOG] [Fast Refresh] done in 1333ms @ http://localhost:3000/_next/static/chunks/node_modules_next_dist_1e8vcs8._.js:776
[  744881ms] [LOG] [Fast Refresh] done in 1333ms @ http://localhost:3000/_next/static/chunks/node_modules_next_dist_1e8vcs8._.js:776
[  744975ms] [LOG] [Fast Refresh] done in 1333ms @ http://localhost:3000/_next/static/chunks/node_modules_next_dist_1e8vcs8._.js:776
[  745053ms] [LOG] [Fast Refresh] done in 1333ms @ http://localhost:3000/_next/static/chunks/node_modules_next_dist_1e8vcs8._.js:776
[  745114ms] [LOG] [Fast Refresh] done in 1333ms @ http://localhost:3000/_next/static/chunks/node_modules_next_dist_1e8vcs8._.js:776
[  745225ms] [LOG] [Fast Refresh] done in 1333ms @ http://localhost:3000/_next/static/chunks/node_modules_next_dist_1e8vcs8._.js:776
[  745313ms] [LOG] [Fast Refresh] done in 1333ms @ http://localhost:3000/_next/static/chunks/node_modules_next_dist_1e8vcs8._.js:776
[  745390ms] [LOG] [Fast Refresh] done in 1333ms @ http://localhost:3000/_next/static/chunks/node_modules_next_dist_1e8vcs8._.js:776
[  745474ms] [LOG] [Fast Refresh] done in 1333ms @ http://localhost:3000/_next/static/chunks/node_modules_next_dist_1e8vcs8._.js:776
[  745575ms] [LOG] [Fast Refresh] done in 1333ms @ http://localhost:3000/_next/static/chunks/node_modules_next_dist_1e8vcs8._.js:776
[  745639ms] [LOG] [Fast Refresh] done in 1333ms @ http://localhost:3000/_next/static/chunks/node_modules_next_dist_1e8vcs8._.js:776
[  745760ms] [LOG] [Fast Refresh] done in 1333ms @ http://localhost:3000/_next/static/chunks/node_modules_next_dist_1e8vcs8._.js:776
[  745866ms] [LOG] [Fast Refresh] done in 1333ms @ http://localhost:3000/_next/static/chunks/node_modules_next_dist_1e8vcs8._.js:776
[  745964ms] [LOG] [Fast Refresh] done in 1333ms @ http://localhost:3000/_next/static/chunks/node_modules_next_dist_1e8vcs8._.js:776
[  746036ms] [LOG] [Fast Refresh] done in 1333ms @ http://localhost:3000/_next/static/chunks/node_modules_next_dist_1e8vcs8._.js:776
[  746111ms] [LOG] [Fast Refresh] done in 1333ms @ http://localhost:3000/_next/static/chunks/node_modules_next_dist_1e8vcs8._.js:776
[  746212ms] [LOG] [Fast Refresh] done in 1333ms @ http://localhost:3000/_next/static/chunks/node_modules_next_dist_1e8vcs8._.js:776
[  746310ms] [LOG] [Fast Refresh] done in 1333ms @ http://localhost:3000/_next/static/chunks/node_modules_next_dist_1e8vcs8._.js:776
[  746424ms] [LOG] [Fast Refresh] done in 1333ms @ http://localhost:3000/_next/static/chunks/node_modules_next_dist_1e8vcs8._.js:776
[  746545ms] [LOG] [Fast Refresh] done in 1333ms @ http://localhost:3000/_next/static/chunks/node_modules_next_dist_1e8vcs8._.js:776
[  746654ms] [LOG] [Fast Refresh] done in 1333ms @ http://localhost:3000/_next/static/chunks/node_modules_next_dist_1e8vcs8._.js:776
[  746733ms] [LOG] [Fast Refresh] done in 1333ms @ http://localhost:3000/_next/static/chunks/node_modules_next_dist_1e8vcs8._.js:776
[  746902ms] [LOG] [Fast Refresh] done in 1333ms @ http://localhost:3000/_next/static/chunks/node_modules_next_dist_1e8vcs8._.js:776
[  747057ms] [LOG] [Fast Refresh] done in 1333ms @ http://localhost:3000/_next/static/chunks/node_modules_next_dist_1e8vcs8._.js:776
[  747143ms] [LOG] [Fast Refresh] done in 1333ms @ http://localhost:3000/_next/static/chunks/node_modules_next_dist_1e8vcs8._.js:776
[  747260ms] [LOG] [Fast Refresh] done in 1333ms @ http://localhost:3000/_next/static/chunks/node_modules_next_dist_1e8vcs8._.js:776
[  747335ms] [LOG] [Fast Refresh] done in 1333ms @ http://localhost:3000/_next/static/chunks/node_modules_next_dist_1e8vcs8._.js:776
[  747444ms] [LOG] [Fast Refresh] done in 1333ms @ http://localhost:3000/_next/static/chunks/node_modules_next_dist_1e8vcs8._.js:776
[  747577ms] [LOG] [Fast Refresh] done in 1333ms @ http://localhost:3000/_next/static/chunks/node_modules_next_dist_1e8vcs8._.js:776
[  747697ms] [LOG] [Fast Refresh] done in 1333ms @ http://localhost:3000/_next/static/chunks/node_modules_next_dist_1e8vcs8._.js:776
[  747807ms] [LOG] [Fast Refresh] done in 1333ms @ http://localhost:3000/_next/static/chunks/node_modules_next_dist_1e8vcs8._.js:776
[  747886ms] [LOG] [Fast Refresh] done in 1333ms @ http://localhost:3000/_next/static/chunks/node_modules_next_dist_1e8vcs8._.js:776
[  747981ms] [LOG] [Fast Refresh] done in 1333ms @ http://localhost:3000/_next/static/chunks/node_modules_next_dist_1e8vcs8._.js:776
[  748079ms] [LOG] [Fast Refresh] done in 1333ms @ http://localhost:3000/_next/static/chunks/node_modules_next_dist_1e8vcs8._.js:776
[  748162ms] [LOG] [Fast Refresh] done in 1333ms @ http://localhost:3000/_next/static/chunks/node_modules_next_dist_1e8vcs8._.js:776
[  748255ms] [LOG] [Fast Refresh] done in 1333ms @ http://localhost:3000/_next/static/chunks/node_modules_next_dist_1e8vcs8._.js:776
[  748347ms] [LOG] [Fast Refresh] done in 1333ms @ http://localhost:3000/_next/static/chunks/node_modules_next_dist_1e8vcs8._.js:776
[  748444ms] [LOG] [Fast Refresh] done in 1333ms @ http://localhost:3000/_next/static/chunks/node_modules_next_dist_1e8vcs8._.js:776
[  748514ms] [LOG] [Fast Refresh] done in 1333ms @ http://localhost:3000/_next/static/chunks/node_modules_next_dist_1e8vcs8._.js:776
[  748598ms] [LOG] [Fast Refresh] done in 1333ms @ http://localhost:3000/_next/static/chunks/node_modules_next_dist_1e8vcs8._.js:776
[  748687ms] [LOG] [Fast Refresh] done in 1333ms @ http://localhost:3000/_next/static/chunks/node_modules_next_dist_1e8vcs8._.js:776
[  748796ms] [LOG] [Fast Refresh] done in 1333ms @ http://localhost:3000/_next/static/chunks/node_modules_next_dist_1e8vcs8._.js:776
[  748879ms] [LOG] [Fast Refresh] done in 1333ms @ http://localhost:3000/_next/static/chunks/node_modules_next_dist_1e8vcs8._.js:776
[  748968ms] [LOG] [Fast Refresh] done in 1333ms @ http://localhost:3000/_next/static/chunks/node_modules_next_dist_1e8vcs8._.js:776
[  749057ms] [LOG] [Fast Refresh] done in 1333ms @ http://localhost:3000/_next/static/chunks/node_modules_next_dist_1e8vcs8._.js:776
[  749172ms] [LOG] [Fast Refresh] done in 1333ms @ http://localhost:3000/_next/static/chunks/node_modules_next_dist_1e8vcs8._.js:776
[  749252ms] [LOG] [Fast Refresh] done in 1333ms @ http://localhost:3000/_next/static/chunks/node_modules_next_dist_1e8vcs8._.js:776
[  749351ms] [LOG] [Fast Refresh] done in 1333ms @ http://localhost:3000/_next/static/chunks/node_modules_next_dist_1e8vcs8._.js:776
[  749484ms] [LOG] [Fast Refresh] done in 1333ms @ http://localhost:3000/_next/static/chunks/node_modules_next_dist_1e8vcs8._.js:776
[  749577ms] [LOG] [Fast Refresh] done in 1333ms @ http://localhost:3000/_next/static/chunks/node_modules_next_dist_1e8vcs8._.js:776
[  749655ms] [LOG] [Fast Refresh] done in 1333ms @ http://localhost:3000/_next/static/chunks/node_modules_next_dist_1e8vcs8._.js:776
[  749762ms] [LOG] [Fast Refresh] done in 1333ms @ http://localhost:3000/_next/static/chunks/node_modules_next_dist_1e8vcs8._.js:776
[  749871ms] [LOG] [Fast Refresh] done in 1333ms @ http://localhost:3000/_next/static/chunks/node_modules_next_dist_1e8vcs8._.js:776
[  750017ms] [LOG] [Fast Refresh] done in 1333ms @ http://localhost:3000/_next/static/chunks/node_modules_next_dist_1e8vcs8._.js:776
[  750114ms] [LOG] [Fast Refresh] done in 1333ms @ http://localhost:3000/_next/static/chunks/node_modules_next_dist_1e8vcs8._.js:776
[  750187ms] [LOG] [Fast Refresh] done in 1333ms @ http://localhost:3000/_next/static/chunks/node_modules_next_dist_1e8vcs8._.js:776
[  750291ms] [LOG] [Fast Refresh] done in 1333ms @ http://localhost:3000/_next/static/chunks/node_modules_next_dist_1e8vcs8._.js:776
[  750447ms] [LOG] [Fast Refresh] done in 1333ms @ http://localhost:3000/_next/static/chunks/node_modules_next_dist_1e8vcs8._.js:776
[  750571ms] [LOG] [Fast Refresh] done in 1333ms @ http://localhost:3000/_next/static/chunks/node_modules_next_dist_1e8vcs8._.js:776
[  750636ms] [LOG] [Fast Refresh] done in 1333ms @ http://localhost:3000/_next/static/chunks/node_modules_next_dist_1e8vcs8._.js:776
[  750746ms] [LOG] [Fast Refresh] done in 1333ms @ http://localhost:3000/_next/static/chunks/node_modules_next_dist_1e8vcs8._.js:776
[  750812ms] [LOG] [Fast Refresh] done in 1333ms @ http://localhost:3000/_next/static/chunks/node_modules_next_dist_1e8vcs8._.js:776
[  750917ms] [LOG] [Fast Refresh] done in 1333ms @ http://localhost:3000/_next/static/chunks/node_modules_next_dist_1e8vcs8._.js:776
[  751015ms] [LOG] [Fast Refresh] done in 1333ms @ http://localhost:3000/_next/static/chunks/node_modules_next_dist_1e8vcs8._.js:776
[  751109ms] [LOG] [Fast Refresh] done in 1333ms @ http://localhost:3000/_next/static/chunks/node_modules_next_dist_1e8vcs8._.js:776
[  751204ms] [LOG] [Fast Refresh] done in 1333ms @ http://localhost:3000/_next/static/chunks/node_modules_next_dist_1e8vcs8._.js:776
[  751286ms] [LOG] [Fast Refresh] done in 1333ms @ http://localhost:3000/_next/static/chunks/node_modules_next_dist_1e8vcs8._.js:776
[  751432ms] [LOG] [Fast Refresh] done in 1333ms @ http://localhost:3000/_next/static/chunks/node_modules_next_dist_1e8vcs8._.js:776
[  751536ms] [LOG] [Fast Refresh] done in 1333ms @ http://localhost:3000/_next/static/chunks/node_modules_next_dist_1e8vcs8._.js:776
[  751602ms] [LOG] [Fast Refresh] done in 1333ms @ http://localhost:3000/_next/static/chunks/node_modules_next_dist_1e8vcs8._.js:776
[  751717ms] [LOG] [Fast Refresh] done in 1333ms @ http://localhost:3000/_next/static/chunks/node_modules_next_dist_1e8vcs8._.js:776
[  751824ms] [LOG] [Fast Refresh] done in 1333ms @ http://localhost:3000/_next/static/chunks/node_modules_next_dist_1e8vcs8._.js:776
[  751931ms] [LOG] [Fast Refresh] done in 1333ms @ http://localhost:3000/_next/static/chunks/node_modules_next_dist_1e8vcs8._.js:776
[  752069ms] [LOG] [Fast Refresh] done in 1333ms @ http://localhost:3000/_next/static/chunks/node_modules_next_dist_1e8vcs8._.js:776
[  752179ms] [LOG] [Fast Refresh] done in 1333ms @ http://localhost:3000/_next/static/chunks/node_modules_next_dist_1e8vcs8._.js:776
[  752318ms] [LOG] [Fast Refresh] done in 1333ms @ http://localhost:3000/_next/static/chunks/node_modules_next_dist_1e8vcs8._.js:776
[  752417ms] [LOG] [Fast Refresh] done in 1333ms @ http://localhost:3000/_next/static/chunks/node_modules_next_dist_1e8vcs8._.js:776
[  752534ms] [LOG] [Fast Refresh] done in 1333ms @ http://localhost:3000/_next/static/chunks/node_modules_next_dist_1e8vcs8._.js:776
[  752618ms] [LOG] [Fast Refresh] done in 1333ms @ http://localhost:3000/_next/static/chunks/node_modules_next_dist_1e8vcs8._.js:776
[  752754ms] [LOG] [Fast Refresh] done in 1333ms @ http://localhost:3000/_next/static/chunks/node_modules_next_dist_1e8vcs8._.js:776
[  752849ms] [LOG] [Fast Refresh] done in 1333ms @ http://localhost:3000/_next/static/chunks/node_modules_next_dist_1e8vcs8._.js:776
[  752926ms] [LOG] [Fast Refresh] done in 1333ms @ http://localhost:3000/_next/static/chunks/node_modules_next_dist_1e8vcs8._.js:776
[  752994ms] [LOG] [Fast Refresh] done in 1333ms @ http://localhost:3000/_next/static/chunks/node_modules_next_dist_1e8vcs8._.js:776
[  753135ms] [LOG] [Fast Refresh] done in 1333ms @ http://localhost:3000/_next/static/chunks/node_modules_next_dist_1e8vcs8._.js:776
[  753228ms] [LOG] [Fast Refresh] done in 1333ms @ http://localhost:3000/_next/static/chunks/node_modules_next_dist_1e8vcs8._.js:776
[  753329ms] [LOG] [Fast Refresh] done in 1333ms @ http://localhost:3000/_next/static/chunks/node_modules_next_dist_1e8vcs8._.js:776
[  753448ms] [LOG] [Fast Refresh] done in 1333ms @ http://localhost:3000/_next/static/chunks/node_modules_next_dist_1e8vcs8._.js:776
[  753544ms] [LOG] [Fast Refresh] done in 1333ms @ http://localhost:3000/_next/static/chunks/node_modules_next_dist_1e8vcs8._.js:776
[  753654ms] [LOG] [Fast Refresh] done in 1333ms @ http://localhost:3000/_next/static/chunks/node_modules_next_dist_1e8vcs8._.js:776
[  753739ms] [LOG] [Fast Refresh] done in 1333ms @ http://localhost:3000/_next/static/chunks/node_modules_next_dist_1e8vcs8._.js:776
[  753861ms] [LOG] [Fast Refresh] done in 1333ms @ http://localhost:3000/_next/static/chunks/node_modules_next_dist_1e8vcs8._.js:776
[  753964ms] [LOG] [Fast Refresh] done in 1333ms @ http://localhost:3000/_next/static/chunks/node_modules_next_dist_1e8vcs8._.js:776
[  754063ms] [LOG] [Fast Refresh] done in 1333ms @ http://localhost:3000/_next/static/chunks/node_modules_next_dist_1e8vcs8._.js:776
[  754162ms] [LOG] [Fast Refresh] done in 1333ms @ http://localhost:3000/_next/static/chunks/node_modules_next_dist_1e8vcs8._.js:776
[  754274ms] [LOG] [Fast Refresh] done in 1333ms @ http://localhost:3000/_next/static/chunks/node_modules_next_dist_1e8vcs8._.js:776
[  754373ms] [LOG] [Fast Refresh] done in 1333ms @ http://localhost:3000/_next/static/chunks/node_modules_next_dist_1e8vcs8._.js:776
[  754470ms] [LOG] [Fast Refresh] done in 1333ms @ http://localhost:3000/_next/static/chunks/node_modules_next_dist_1e8vcs8._.js:776
[  754568ms] [LOG] [Fast Refresh] done in 1333ms @ http://localhost:3000/_next/static/chunks/node_modules_next_dist_1e8vcs8._.js:776
[  754698ms] [LOG] [Fast Refresh] done in 1333ms @ http://localhost:3000/_next/static/chunks/node_modules_next_dist_1e8vcs8._.js:776
[  754791ms] [LOG] [Fast Refresh] done in 1333ms @ http://localhost:3000/_next/static/chunks/node_modules_next_dist_1e8vcs8._.js:776
[  754915ms] [LOG] [Fast Refresh] done in 1333ms @ http://localhost:3000/_next/static/chunks/node_modules_next_dist_1e8vcs8._.js:776
[  755015ms] [LOG] [Fast Refresh] done in 1333ms @ http://localhost:3000/_next/static/chunks/node_modules_next_dist_1e8vcs8._.js:776
[  755116ms] [LOG] [Fast Refresh] done in 1333ms @ http://localhost:3000/_next/static/chunks/node_modules_next_dist_1e8vcs8._.js:776
[  755221ms] [LOG] [Fast Refresh] done in 1333ms @ http://localhost:3000/_next/static/chunks/node_modules_next_dist_1e8vcs8._.js:776
[  755322ms] [LOG] [Fast Refresh] done in 1333ms @ http://localhost:3000/_next/static/chunks/node_modules_next_dist_1e8vcs8._.js:776
[  755409ms] [LOG] [Fast Refresh] done in 1333ms @ http://localhost:3000/_next/static/chunks/node_modules_next_dist_1e8vcs8._.js:776
[  755533ms] [LOG] [Fast Refresh] done in 1333ms @ http://localhost:3000/_next/static/chunks/node_modules_next_dist_1e8vcs8._.js:776
[  755621ms] [LOG] [Fast Refresh] done in 1333ms @ http://localhost:3000/_next/static/chunks/node_modules_next_dist_1e8vcs8._.js:776
[  755723ms] [LOG] [Fast Refresh] done in 1333ms @ http://localhost:3000/_next/static/chunks/node_modules_next_dist_1e8vcs8._.js:776
[  755824ms] [LOG] [Fast Refresh] done in 1333ms @ http://localhost:3000/_next/static/chunks/node_modules_next_dist_1e8vcs8._.js:776
[  755933ms] [LOG] [Fast Refresh] done in 1333ms @ http://localhost:3000/_next/static/chunks/node_modules_next_dist_1e8vcs8._.js:776
[  756076ms] [LOG] [Fast Refresh] done in 1333ms @ http://localhost:3000/_next/static/chunks/node_modules_next_dist_1e8vcs8._.js:776
[  756170ms] [LOG] [Fast Refresh] done in 1333ms @ http://localhost:3000/_next/static/chunks/node_modules_next_dist_1e8vcs8._.js:776
[  756296ms] [LOG] [Fast Refresh] done in 1333ms @ http://localhost:3000/_next/static/chunks/node_modules_next_dist_1e8vcs8._.js:776
[  756400ms] [LOG] [Fast Refresh] done in 1333ms @ http://localhost:3000/_next/static/chunks/node_modules_next_dist_1e8vcs8._.js:776
[  756524ms] [LOG] [Fast Refresh] done in 1333ms @ http://localhost:3000/_next/static/chunks/node_modules_next_dist_1e8vcs8._.js:776
[  756661ms] [LOG] [Fast Refresh] done in 1333ms @ http://localhost:3000/_next/static/chunks/node_modules_next_dist_1e8vcs8._.js:776
[  756775ms] [LOG] [Fast Refresh] done in 1333ms @ http://localhost:3000/_next/static/chunks/node_modules_next_dist_1e8vcs8._.js:776
[  756939ms] [LOG] [Fast Refresh] done in 1333ms @ http://localhost:3000/_next/static/chunks/node_modules_next_dist_1e8vcs8._.js:776
[  757078ms] [LOG] [Fast Refresh] done in 1333ms @ http://localhost:3000/_next/static/chunks/node_modules_next_dist_1e8vcs8._.js:776
[  757201ms] [LOG] [Fast Refresh] done in 1333ms @ http://localhost:3000/_next/static/chunks/node_modules_next_dist_1e8vcs8._.js:776
[  757305ms] [LOG] [Fast Refresh] done in 1333ms @ http://localhost:3000/_next/static/chunks/node_modules_next_dist_1e8vcs8._.js:776
[  757425ms] [LOG] [Fast Refresh] done in 1333ms @ http://localhost:3000/_next/static/chunks/node_modules_next_dist_1e8vcs8._.js:776
[  757551ms] [LOG] [Fast Refresh] done in 1333ms @ http://localhost:3000/_next/static/chunks/node_modules_next_dist_1e8vcs8._.js:776
[  757655ms] [LOG] [Fast Refresh] done in 1333ms @ http://localhost:3000/_next/static/chunks/node_modules_next_dist_1e8vcs8._.js:776
[  757765ms] [LOG] [Fast Refresh] done in 1333ms @ http://localhost:3000/_next/static/chunks/node_modules_next_dist_1e8vcs8._.js:776
[  757875ms] [LOG] [Fast Refresh] done in 1333ms @ http://localhost:3000/_next/static/chunks/node_modules_next_dist_1e8vcs8._.js:776
[  757986ms] [LOG] [Fast Refresh] done in 1333ms @ http://localhost:3000/_next/static/chunks/node_modules_next_dist_1e8vcs8._.js:776
[  758136ms] [LOG] [Fast Refresh] done in 1333ms @ http://localhost:3000/_next/static/chunks/node_modules_next_dist_1e8vcs8._.js:776
[  758231ms] [LOG] [Fast Refresh] done in 1333ms @ http://localhost:3000/_next/static/chunks/node_modules_next_dist_1e8vcs8._.js:776
[  758404ms] [LOG] [Fast Refresh] done in 1333ms @ http://localhost:3000/_next/static/chunks/node_modules_next_dist_1e8vcs8._.js:776
[  758490ms] [LOG] [Fast Refresh] done in 1333ms @ http://localhost:3000/_next/static/chunks/node_modules_next_dist_1e8vcs8._.js:776
[  758647ms] [LOG] [Fast Refresh] done in 1333ms @ http://localhost:3000/_next/static/chunks/node_modules_next_dist_1e8vcs8._.js:776
[  758821ms] [LOG] [Fast Refresh] done in 1333ms @ http://localhost:3000/_next/static/chunks/node_modules_next_dist_1e8vcs8._.js:776
[  758984ms] [LOG] [Fast Refresh] done in 1333ms @ http://localhost:3000/_next/static/chunks/node_modules_next_dist_1e8vcs8._.js:776
[  759083ms] [LOG] [Fast Refresh] done in 1333ms @ http://localhost:3000/_next/static/chunks/node_modules_next_dist_1e8vcs8._.js:776
[  759167ms] [LOG] [Fast Refresh] done in 1333ms @ http://localhost:3000/_next/static/chunks/node_modules_next_dist_1e8vcs8._.js:776
[  759276ms] [LOG] [Fast Refresh] done in 1333ms @ http://localhost:3000/_next/static/chunks/node_modules_next_dist_1e8vcs8._.js:776
[  759368ms] [LOG] [Fast Refresh] done in 1333ms @ http://localhost:3000/_next/static/chunks/node_modules_next_dist_1e8vcs8._.js:776
[  759464ms] [LOG] [Fast Refresh] done in 1333ms @ http://localhost:3000/_next/static/chunks/node_modules_next_dist_1e8vcs8._.js:776
[  759552ms] [LOG] [Fast Refresh] done in 1333ms @ http://localhost:3000/_next/static/chunks/node_modules_next_dist_1e8vcs8._.js:776
[  759740ms] [LOG] [Fast Refresh] done in 1333ms @ http://localhost:3000/_next/static/chunks/node_modules_next_dist_1e8vcs8._.js:776
[  759849ms] [LOG] [Fast Refresh] done in 1333ms @ http://localhost:3000/_next/static/chunks/node_modules_next_dist_1e8vcs8._.js:776
[  759925ms] [LOG] [Fast Refresh] done in 1333ms @ http://localhost:3000/_next/static/chunks/node_modules_next_dist_1e8vcs8._.js:776
[  760036ms] [LOG] [Fast Refresh] done in 1333ms @ http://localhost:3000/_next/static/chunks/node_modules_next_dist_1e8vcs8._.js:776
[  760155ms] [LOG] [Fast Refresh] done in 1333ms @ http://localhost:3000/_next/static/chunks/node_modules_next_dist_1e8vcs8._.js:776
[  760238ms] [LOG] [Fast Refresh] done in 1333ms @ http://localhost:3000/_next/static/chunks/node_modules_next_dist_1e8vcs8._.js:776
[  760358ms] [LOG] [Fast Refresh] done in 1333ms @ http://localhost:3000/_next/static/chunks/node_modules_next_dist_1e8vcs8._.js:776
[  760446ms] [LOG] [Fast Refresh] done in 1333ms @ http://localhost:3000/_next/static/chunks/node_modules_next_dist_1e8vcs8._.js:776
[  760524ms] [LOG] [Fast Refresh] done in 1333ms @ http://localhost:3000/_next/static/chunks/node_modules_next_dist_1e8vcs8._.js:776
[  760597ms] [LOG] [Fast Refresh] done in 1333ms @ http://localhost:3000/_next/static/chunks/node_modules_next_dist_1e8vcs8._.js:776
[  760726ms] [LOG] [Fast Refresh] done in 1333ms @ http://localhost:3000/_next/static/chunks/node_modules_next_dist_1e8vcs8._.js:776
[  760849ms] [LOG] [Fast Refresh] done in 1333ms @ http://localhost:3000/_next/static/chunks/node_modules_next_dist_1e8vcs8._.js:776
[  760990ms] [LOG] [Fast Refresh] done in 1333ms @ http://localhost:3000/_next/static/chunks/node_modules_next_dist_1e8vcs8._.js:776
[  761135ms] [LOG] [Fast Refresh] done in 1333ms @ http://localhost:3000/_next/static/chunks/node_modules_next_dist_1e8vcs8._.js:776
[  761256ms] [LOG] [Fast Refresh] done in 1333ms @ http://localhost:3000/_next/static/chunks/node_modules_next_dist_1e8vcs8._.js:776
[  761329ms] [LOG] [Fast Refresh] done in 1333ms @ http://localhost:3000/_next/static/chunks/node_modules_next_dist_1e8vcs8._.js:776
[  761434ms] [LOG] [Fast Refresh] done in 1333ms @ http://localhost:3000/_next/static/chunks/node_modules_next_dist_1e8vcs8._.js:776
[  761579ms] [LOG] [Fast Refresh] done in 1333ms @ http://localhost:3000/_next/static/chunks/node_modules_next_dist_1e8vcs8._.js:776
[  761677ms] [LOG] [Fast Refresh] done in 1333ms @ http://localhost:3000/_next/static/chunks/node_modules_next_dist_1e8vcs8._.js:776
[  761763ms] [LOG] [Fast Refresh] done in 1333ms @ http://localhost:3000/_next/static/chunks/node_modules_next_dist_1e8vcs8._.js:776
[  761845ms] [LOG] [Fast Refresh] done in 1333ms @ http://localhost:3000/_next/static/chunks/node_modules_next_dist_1e8vcs8._.js:776
[  761944ms] [LOG] [Fast Refresh] done in 1333ms @ http://localhost:3000/_next/static/chunks/node_modules_next_dist_1e8vcs8._.js:776
[  762047ms] [LOG] [Fast Refresh] done in 1333ms @ http://localhost:3000/_next/static/chunks/node_modules_next_dist_1e8vcs8._.js:776
[  762135ms] [LOG] [Fast Refresh] done in 1333ms @ http://localhost:3000/_next/static/chunks/node_modules_next_dist_1e8vcs8._.js:776
[  762227ms] [LOG] [Fast Refresh] done in 1333ms @ http://localhost:3000/_next/static/chunks/node_modules_next_dist_1e8vcs8._.js:776
[  762352ms] [LOG] [Fast Refresh] done in 1333ms @ http://localhost:3000/_next/static/chunks/node_modules_next_dist_1e8vcs8._.js:776
[  762455ms] [LOG] [Fast Refresh] done in 1333ms @ http://localhost:3000/_next/static/chunks/node_modules_next_dist_1e8vcs8._.js:776
[  762569ms] [LOG] [Fast Refresh] done in 1333ms @ http://localhost:3000/_next/static/chunks/node_modules_next_dist_1e8vcs8._.js:776
[  762651ms] [LOG] [Fast Refresh] done in 1333ms @ http://localhost:3000/_next/static/chunks/node_modules_next_dist_1e8vcs8._.js:776
[  762770ms] [LOG] [Fast Refresh] done in 1333ms @ http://localhost:3000/_next/static/chunks/node_modules_next_dist_1e8vcs8._.js:776
[  762856ms] [LOG] [Fast Refresh] done in 1333ms @ http://localhost:3000/_next/static/chunks/node_modules_next_dist_1e8vcs8._.js:776
[  762973ms] [LOG] [Fast Refresh] done in 1333ms @ http://localhost:3000/_next/static/chunks/node_modules_next_dist_1e8vcs8._.js:776
[  763167ms] [LOG] [Fast Refresh] done in 1333ms @ http://localhost:3000/_next/static/chunks/node_modules_next_dist_1e8vcs8._.js:776
[  763273ms] [LOG] [Fast Refresh] done in 1333ms @ http://localhost:3000/_next/static/chunks/node_modules_next_dist_1e8vcs8._.js:776
[  763392ms] [LOG] [Fast Refresh] done in 1333ms @ http://localhost:3000/_next/static/chunks/node_modules_next_dist_1e8vcs8._.js:776
[  763555ms] [LOG] [Fast Refresh] done in 1333ms @ http://localhost:3000/_next/static/chunks/node_modules_next_dist_1e8vcs8._.js:776
[  763675ms] [LOG] [Fast Refresh] done in 1333ms @ http://localhost:3000/_next/static/chunks/node_modules_next_dist_1e8vcs8._.js:776
[  763784ms] [LOG] [Fast Refresh] done in 1333ms @ http://localhost:3000/_next/static/chunks/node_modules_next_dist_1e8vcs8._.js:776
[  763898ms] [LOG] [Fast Refresh] done in 1333ms @ http://localhost:3000/_next/static/chunks/node_modules_next_dist_1e8vcs8._.js:776
[  764015ms] [LOG] [Fast Refresh] done in 1333ms @ http://localhost:3000/_next/static/chunks/node_modules_next_dist_1e8vcs8._.js:776
[  764129ms] [LOG] [Fast Refresh] done in 1333ms @ http://localhost:3000/_next/static/chunks/node_modules_next_dist_1e8vcs8._.js:776
[  764217ms] [LOG] [Fast Refresh] done in 1333ms @ http://localhost:3000/_next/static/chunks/node_modules_next_dist_1e8vcs8._.js:776
[  764319ms] [LOG] [Fast Refresh] done in 1333ms @ http://localhost:3000/_next/static/chunks/node_modules_next_dist_1e8vcs8._.js:776
[  764453ms] [LOG] [Fast Refresh] done in 1333ms @ http://localhost:3000/_next/static/chunks/node_modules_next_dist_1e8vcs8._.js:776
[  764582ms] [LOG] [Fast Refresh] done in 1333ms @ http://localhost:3000/_next/static/chunks/node_modules_next_dist_1e8vcs8._.js:776
[  764640ms] [LOG] [Fast Refresh] done in 1333ms @ http://localhost:3000/_next/static/chunks/node_modules_next_dist_1e8vcs8._.js:776
[  764756ms] [LOG] [Fast Refresh] done in 1333ms @ http://localhost:3000/_next/static/chunks/node_modules_next_dist_1e8vcs8._.js:776
[  764851ms] [LOG] [Fast Refresh] done in 1333ms @ http://localhost:3000/_next/static/chunks/node_modules_next_dist_1e8vcs8._.js:776
[  764935ms] [LOG] [Fast Refresh] done in 1333ms @ http://localhost:3000/_next/static/chunks/node_modules_next_dist_1e8vcs8._.js:776
[  765012ms] [LOG] [Fast Refresh] done in 1333ms @ http://localhost:3000/_next/static/chunks/node_modules_next_dist_1e8vcs8._.js:776
[  765123ms] [LOG] [Fast Refresh] done in 1333ms @ http://localhost:3000/_next/static/chunks/node_modules_next_dist_1e8vcs8._.js:776
[  765230ms] [LOG] [Fast Refresh] done in 1333ms @ http://localhost:3000/_next/static/chunks/node_modules_next_dist_1e8vcs8._.js:776
[  765328ms] [LOG] [Fast Refresh] done in 1333ms @ http://localhost:3000/_next/static/chunks/node_modules_next_dist_1e8vcs8._.js:776
[  765416ms] [LOG] [Fast Refresh] done in 1333ms @ http://localhost:3000/_next/static/chunks/node_modules_next_dist_1e8vcs8._.js:776
[  765518ms] [LOG] [Fast Refresh] done in 1333ms @ http://localhost:3000/_next/static/chunks/node_modules_next_dist_1e8vcs8._.js:776
[  765634ms] [LOG] [Fast Refresh] done in 1333ms @ http://localhost:3000/_next/static/chunks/node_modules_next_dist_1e8vcs8._.js:776
[  765751ms] [LOG] [Fast Refresh] done in 1333ms @ http://localhost:3000/_next/static/chunks/node_modules_next_dist_1e8vcs8._.js:776
[  765879ms] [LOG] [Fast Refresh] done in 1333ms @ http://localhost:3000/_next/static/chunks/node_modules_next_dist_1e8vcs8._.js:776
[  765998ms] [LOG] [Fast Refresh] done in 1333ms @ http://localhost:3000/_next/static/chunks/node_modules_next_dist_1e8vcs8._.js:776
[  766100ms] [LOG] [Fast Refresh] done in 1333ms @ http://localhost:3000/_next/static/chunks/node_modules_next_dist_1e8vcs8._.js:776
[  766187ms] [LOG] [Fast Refresh] done in 1333ms @ http://localhost:3000/_next/static/chunks/node_modules_next_dist_1e8vcs8._.js:776
[  766256ms] [LOG] [Fast Refresh] done in 1333ms @ http://localhost:3000/_next/static/chunks/node_modules_next_dist_1e8vcs8._.js:776
[  766360ms] [LOG] [Fast Refresh] done in 1333ms @ http://localhost:3000/_next/static/chunks/node_modules_next_dist_1e8vcs8._.js:776
[  766464ms] [LOG] [Fast Refresh] done in 1333ms @ http://localhost:3000/_next/static/chunks/node_modules_next_dist_1e8vcs8._.js:776
[  766557ms] [LOG] [Fast Refresh] done in 1333ms @ http://localhost:3000/_next/static/chunks/node_modules_next_dist_1e8vcs8._.js:776
[  766633ms] [LOG] [Fast Refresh] done in 1333ms @ http://localhost:3000/_next/static/chunks/node_modules_next_dist_1e8vcs8._.js:776
[  766734ms] [LOG] [Fast Refresh] done in 1333ms @ http://localhost:3000/_next/static/chunks/node_modules_next_dist_1e8vcs8._.js:776
[  766851ms] [LOG] [Fast Refresh] done in 1333ms @ http://localhost:3000/_next/static/chunks/node_modules_next_dist_1e8vcs8._.js:776
[  766922ms] [LOG] [Fast Refresh] done in 1333ms @ http://localhost:3000/_next/static/chunks/node_modules_next_dist_1e8vcs8._.js:776
[  767025ms] [LOG] [Fast Refresh] done in 1333ms @ http://localhost:3000/_next/static/chunks/node_modules_next_dist_1e8vcs8._.js:776
[  767151ms] [LOG] [Fast Refresh] done in 1333ms @ http://localhost:3000/_next/static/chunks/node_modules_next_dist_1e8vcs8._.js:776
[  767253ms] [LOG] [Fast Refresh] done in 1333ms @ http://localhost:3000/_next/static/chunks/node_modules_next_dist_1e8vcs8._.js:776
[  767391ms] [LOG] [Fast Refresh] done in 1333ms @ http://localhost:3000/_next/static/chunks/node_modules_next_dist_1e8vcs8._.js:776
[  767523ms] [LOG] [Fast Refresh] done in 1333ms @ http://localhost:3000/_next/static/chunks/node_modules_next_dist_1e8vcs8._.js:776
[  767626ms] [LOG] [Fast Refresh] done in 1333ms @ http://localhost:3000/_next/static/chunks/node_modules_next_dist_1e8vcs8._.js:776
[  767701ms] [LOG] [Fast Refresh] done in 1333ms @ http://localhost:3000/_next/static/chunks/node_modules_next_dist_1e8vcs8._.js:776
[  767799ms] [LOG] [Fast Refresh] done in 1333ms @ http://localhost:3000/_next/static/chunks/node_modules_next_dist_1e8vcs8._.js:776
[  767883ms] [LOG] [Fast Refresh] done in 1333ms @ http://localhost:3000/_next/static/chunks/node_modules_next_dist_1e8vcs8._.js:776
[  767955ms] [LOG] [Fast Refresh] done in 1333ms @ http://localhost:3000/_next/static/chunks/node_modules_next_dist_1e8vcs8._.js:776
[  768040ms] [LOG] [Fast Refresh] done in 1333ms @ http://localhost:3000/_next/static/chunks/node_modules_next_dist_1e8vcs8._.js:776
[  768145ms] [LOG] [Fast Refresh] done in 1333ms @ http://localhost:3000/_next/static/chunks/node_modules_next_dist_1e8vcs8._.js:776
[  768233ms] [LOG] [Fast Refresh] done in 1333ms @ http://localhost:3000/_next/static/chunks/node_modules_next_dist_1e8vcs8._.js:776
[  768341ms] [LOG] [Fast Refresh] done in 1333ms @ http://localhost:3000/_next/static/chunks/node_modules_next_dist_1e8vcs8._.js:776
[  768419ms] [LOG] [Fast Refresh] done in 1333ms @ http://localhost:3000/_next/static/chunks/node_modules_next_dist_1e8vcs8._.js:776
[  768524ms] [LOG] [Fast Refresh] done in 1333ms @ http://localhost:3000/_next/static/chunks/node_modules_next_dist_1e8vcs8._.js:776
[  768623ms] [LOG] [Fast Refresh] done in 1333ms @ http://localhost:3000/_next/static/chunks/node_modules_next_dist_1e8vcs8._.js:776
[  768700ms] [LOG] [Fast Refresh] done in 1333ms @ http://localhost:3000/_next/static/chunks/node_modules_next_dist_1e8vcs8._.js:776
[  768821ms] [LOG] [Fast Refresh] done in 1333ms @ http://localhost:3000/_next/static/chunks/node_modules_next_dist_1e8vcs8._.js:776
[  768895ms] [LOG] [Fast Refresh] done in 1333ms @ http://localhost:3000/_next/static/chunks/node_modules_next_dist_1e8vcs8._.js:776
[  769018ms] [LOG] [Fast Refresh] done in 1333ms @ http://localhost:3000/_next/static/chunks/node_modules_next_dist_1e8vcs8._.js:776
[  769091ms] [LOG] [Fast Refresh] done in 1333ms @ http://localhost:3000/_next/static/chunks/node_modules_next_dist_1e8vcs8._.js:776
[  769191ms] [LOG] [Fast Refresh] done in 1333ms @ http://localhost:3000/_next/static/chunks/node_modules_next_dist_1e8vcs8._.js:776
[  769321ms] [LOG] [Fast Refresh] done in 1333ms @ http://localhost:3000/_next/static/chunks/node_modules_next_dist_1e8vcs8._.js:776
[  769415ms] [LOG] [Fast Refresh] done in 1333ms @ http://localhost:3000/_next/static/chunks/node_modules_next_dist_1e8vcs8._.js:776
[  769503ms] [LOG] [Fast Refresh] done in 1333ms @ http://localhost:3000/_next/static/chunks/node_modules_next_dist_1e8vcs8._.js:776
[  769570ms] [LOG] [Fast Refresh] done in 1333ms @ http://localhost:3000/_next/static/chunks/node_modules_next_dist_1e8vcs8._.js:776
[  769917ms] [LOG] [Fast Refresh] done in 1333ms @ http://localhost:3000/_next/static/chunks/node_modules_next_dist_1e8vcs8._.js:776
[  770033ms] [LOG] [Fast Refresh] done in 1333ms @ http://localhost:3000/_next/static/chunks/node_modules_next_dist_1e8vcs8._.js:776
[  770133ms] [LOG] [Fast Refresh] done in 1333ms @ http://localhost:3000/_next/static/chunks/node_modules_next_dist_1e8vcs8._.js:776
[  770256ms] [LOG] [Fast Refresh] done in 1333ms @ http://localhost:3000/_next/static/chunks/node_modules_next_dist_1e8vcs8._.js:776
[  770380ms] [LOG] [Fast Refresh] done in 1333ms @ http://localhost:3000/_next/static/chunks/node_modules_next_dist_1e8vcs8._.js:776
[  770476ms] [LOG] [Fast Refresh] done in 1333ms @ http://localhost:3000/_next/static/chunks/node_modules_next_dist_1e8vcs8._.js:776
[  770553ms] [LOG] [Fast Refresh] done in 1333ms @ http://localhost:3000/_next/static/chunks/node_modules_next_dist_1e8vcs8._.js:776
[  770640ms] [LOG] [Fast Refresh] done in 1333ms @ http://localhost:3000/_next/static/chunks/node_modules_next_dist_1e8vcs8._.js:776
[  770738ms] [LOG] [Fast Refresh] done in 1333ms @ http://localhost:3000/_next/static/chunks/node_modules_next_dist_1e8vcs8._.js:776
[  770833ms] [LOG] [Fast Refresh] done in 1333ms @ http://localhost:3000/_next/static/chunks/node_modules_next_dist_1e8vcs8._.js:776
[  770927ms] [LOG] [Fast Refresh] done in 1333ms @ http://localhost:3000/_next/static/chunks/node_modules_next_dist_1e8vcs8._.js:776
[  771031ms] [LOG] [Fast Refresh] done in 1333ms @ http://localhost:3000/_next/static/chunks/node_modules_next_dist_1e8vcs8._.js:776
[  771113ms] [LOG] [Fast Refresh] done in 1333ms @ http://localhost:3000/_next/static/chunks/node_modules_next_dist_1e8vcs8._.js:776
[  771195ms] [LOG] [Fast Refresh] done in 1333ms @ http://localhost:3000/_next/static/chunks/node_modules_next_dist_1e8vcs8._.js:776
[  771347ms] [LOG] [Fast Refresh] done in 1333ms @ http://localhost:3000/_next/static/chunks/node_modules_next_dist_1e8vcs8._.js:776
[  771504ms] [LOG] [Fast Refresh] done in 1333ms @ http://localhost:3000/_next/static/chunks/node_modules_next_dist_1e8vcs8._.js:776
[  771649ms] [LOG] [Fast Refresh] done in 1333ms @ http://localhost:3000/_next/static/chunks/node_modules_next_dist_1e8vcs8._.js:776
[  771780ms] [LOG] [Fast Refresh] done in 1333ms @ http://localhost:3000/_next/static/chunks/node_modules_next_dist_1e8vcs8._.js:776
[  771949ms] [LOG] [Fast Refresh] done in 1333ms @ http://localhost:3000/_next/static/chunks/node_modules_next_dist_1e8vcs8._.js:776
[  772040ms] [LOG] [Fast Refresh] done in 1333ms @ http://localhost:3000/_next/static/chunks/node_modules_next_dist_1e8vcs8._.js:776
[  772136ms] [LOG] [Fast Refresh] done in 1333ms @ http://localhost:3000/_next/static/chunks/node_modules_next_dist_1e8vcs8._.js:776
[  772240ms] [LOG] [Fast Refresh] done in 1333ms @ http://localhost:3000/_next/static/chunks/node_modules_next_dist_1e8vcs8._.js:776
[  772356ms] [LOG] [Fast Refresh] done in 1333ms @ http://localhost:3000/_next/static/chunks/node_modules_next_dist_1e8vcs8._.js:776
[  772443ms] [LOG] [Fast Refresh] done in 1333ms @ http://localhost:3000/_next/static/chunks/node_modules_next_dist_1e8vcs8._.js:776
[  772560ms] [LOG] [Fast Refresh] done in 1333ms @ http://localhost:3000/_next/static/chunks/node_modules_next_dist_1e8vcs8._.js:776
[  772667ms] [LOG] [Fast Refresh] done in 1333ms @ http://localhost:3000/_next/static/chunks/node_modules_next_dist_1e8vcs8._.js:776
[  772771ms] [LOG] [Fast Refresh] done in 1333ms @ http://localhost:3000/_next/static/chunks/node_modules_next_dist_1e8vcs8._.js:776
[  772863ms] [LOG] [Fast Refresh] done in 1333ms @ http://localhost:3000/_next/static/chunks/node_modules_next_dist_1e8vcs8._.js:776
[  772963ms] [LOG] [Fast Refresh] done in 1333ms @ http://localhost:3000/_next/static/chunks/node_modules_next_dist_1e8vcs8._.js:776
[  773039ms] [LOG] [Fast Refresh] done in 1333ms @ http://localhost:3000/_next/static/chunks/node_modules_next_dist_1e8vcs8._.js:776
[  773150ms] [LOG] [Fast Refresh] done in 1333ms @ http://localhost:3000/_next/static/chunks/node_modules_next_dist_1e8vcs8._.js:776
[  773284ms] [LOG] [Fast Refresh] done in 1333ms @ http://localhost:3000/_next/static/chunks/node_modules_next_dist_1e8vcs8._.js:776
[  773430ms] [LOG] [Fast Refresh] done in 1333ms @ http://localhost:3000/_next/static/chunks/node_modules_next_dist_1e8vcs8._.js:776
[  773502ms] [LOG] [Fast Refresh] done in 1333ms @ http://localhost:3000/_next/static/chunks/node_modules_next_dist_1e8vcs8._.js:776
[  773606ms] [LOG] [Fast Refresh] done in 1333ms @ http://localhost:3000/_next/static/chunks/node_modules_next_dist_1e8vcs8._.js:776
[  773685ms] [LOG] [Fast Refresh] done in 1333ms @ http://localhost:3000/_next/static/chunks/node_modules_next_dist_1e8vcs8._.js:776
[  773736ms] [LOG] [Fast Refresh] done in 1333ms @ http://localhost:3000/_next/static/chunks/node_modules_next_dist_1e8vcs8._.js:776
[  773861ms] [LOG] [Fast Refresh] done in 1333ms @ http://localhost:3000/_next/static/chunks/node_modules_next_dist_1e8vcs8._.js:776
[  773984ms] [LOG] [Fast Refresh] done in 1333ms @ http://localhost:3000/_next/static/chunks/node_modules_next_dist_1e8vcs8._.js:776
[  774093ms] [LOG] [Fast Refresh] done in 1333ms @ http://localhost:3000/_next/static/chunks/node_modules_next_dist_1e8vcs8._.js:776
[  774231ms] [LOG] [Fast Refresh] done in 1333ms @ http://localhost:3000/_next/static/chunks/node_modules_next_dist_1e8vcs8._.js:776
[  774347ms] [LOG] [Fast Refresh] done in 1333ms @ http://localhost:3000/_next/static/chunks/node_modules_next_dist_1e8vcs8._.js:776
[  774459ms] [LOG] [Fast Refresh] done in 1333ms @ http://localhost:3000/_next/static/chunks/node_modules_next_dist_1e8vcs8._.js:776
[  774575ms] [LOG] [Fast Refresh] done in 1333ms @ http://localhost:3000/_next/static/chunks/node_modules_next_dist_1e8vcs8._.js:776
[  774688ms] [LOG] [Fast Refresh] done in 1333ms @ http://localhost:3000/_next/static/chunks/node_modules_next_dist_1e8vcs8._.js:776
[  774797ms] [LOG] [Fast Refresh] done in 1333ms @ http://localhost:3000/_next/static/chunks/node_modules_next_dist_1e8vcs8._.js:776
[  774952ms] [LOG] [Fast Refresh] done in 1333ms @ http://localhost:3000/_next/static/chunks/node_modules_next_dist_1e8vcs8._.js:776
[  775054ms] [LOG] [Fast Refresh] done in 1333ms @ http://localhost:3000/_next/static/chunks/node_modules_next_dist_1e8vcs8._.js:776
[  775170ms] [LOG] [Fast Refresh] done in 1333ms @ http://localhost:3000/_next/static/chunks/node_modules_next_dist_1e8vcs8._.js:776
[  775262ms] [LOG] [Fast Refresh] done in 1333ms @ http://localhost:3000/_next/static/chunks/node_modules_next_dist_1e8vcs8._.js:776
[  775368ms] [LOG] [Fast Refresh] done in 1333ms @ http://localhost:3000/_next/static/chunks/node_modules_next_dist_1e8vcs8._.js:776
[  775439ms] [LOG] [Fast Refresh] done in 1333ms @ http://localhost:3000/_next/static/chunks/node_modules_next_dist_1e8vcs8._.js:776
[  775528ms] [LOG] [Fast Refresh] done in 1333ms @ http://localhost:3000/_next/static/chunks/node_modules_next_dist_1e8vcs8._.js:776
[  775631ms] [LOG] [Fast Refresh] done in 1333ms @ http://localhost:3000/_next/static/chunks/node_modules_next_dist_1e8vcs8._.js:776
[  775737ms] [LOG] [Fast Refresh] done in 1333ms @ http://localhost:3000/_next/static/chunks/node_modules_next_dist_1e8vcs8._.js:776
[  775805ms] [LOG] [Fast Refresh] done in 1333ms @ http://localhost:3000/_next/static/chunks/node_modules_next_dist_1e8vcs8._.js:776
[  775898ms] [LOG] [Fast Refresh] done in 1333ms @ http://localhost:3000/_next/static/chunks/node_modules_next_dist_1e8vcs8._.js:776
[  776034ms] [LOG] [Fast Refresh] done in 1333ms @ http://localhost:3000/_next/static/chunks/node_modules_next_dist_1e8vcs8._.js:776
[  776211ms] [LOG] [Fast Refresh] done in 1333ms @ http://localhost:3000/_next/static/chunks/node_modules_next_dist_1e8vcs8._.js:776
[  776287ms] [LOG] [Fast Refresh] done in 1333ms @ http://localhost:3000/_next/static/chunks/node_modules_next_dist_1e8vcs8._.js:776
[  776419ms] [LOG] [Fast Refresh] done in 1333ms @ http://localhost:3000/_next/static/chunks/node_modules_next_dist_1e8vcs8._.js:776
[  776531ms] [LOG] [Fast Refresh] done in 1333ms @ http://localhost:3000/_next/static/chunks/node_modules_next_dist_1e8vcs8._.js:776
[  776643ms] [LOG] [Fast Refresh] done in 1333ms @ http://localhost:3000/_next/static/chunks/node_modules_next_dist_1e8vcs8._.js:776
[  776751ms] [LOG] [Fast Refresh] done in 1333ms @ http://localhost:3000/_next/static/chunks/node_modules_next_dist_1e8vcs8._.js:776
[  776859ms] [LOG] [Fast Refresh] done in 1333ms @ http://localhost:3000/_next/static/chunks/node_modules_next_dist_1e8vcs8._.js:776
[  776983ms] [LOG] [Fast Refresh] done in 1333ms @ http://localhost:3000/_next/static/chunks/node_modules_next_dist_1e8vcs8._.js:776
[  777057ms] [LOG] [Fast Refresh] done in 1333ms @ http://localhost:3000/_next/static/chunks/node_modules_next_dist_1e8vcs8._.js:776
[  777144ms] [LOG] [Fast Refresh] done in 1333ms @ http://localhost:3000/_next/static/chunks/node_modules_next_dist_1e8vcs8._.js:776
[  777256ms] [LOG] [Fast Refresh] done in 1333ms @ http://localhost:3000/_next/static/chunks/node_modules_next_dist_1e8vcs8._.js:776
[  777352ms] [LOG] [Fast Refresh] done in 1333ms @ http://localhost:3000/_next/static/chunks/node_modules_next_dist_1e8vcs8._.js:776
[  777499ms] [LOG] [Fast Refresh] done in 1333ms @ http://localhost:3000/_next/static/chunks/node_modules_next_dist_1e8vcs8._.js:776
[  777638ms] [LOG] [Fast Refresh] done in 1333ms @ http://localhost:3000/_next/static/chunks/node_modules_next_dist_1e8vcs8._.js:776
[  777746ms] [LOG] [Fast Refresh] done in 1333ms @ http://localhost:3000/_next/static/chunks/node_modules_next_dist_1e8vcs8._.js:776
[  777888ms] [LOG] [Fast Refresh] done in 1333ms @ http://localhost:3000/_next/static/chunks/node_modules_next_dist_1e8vcs8._.js:776
[  777997ms] [LOG] [Fast Refresh] done in 1333ms @ http://localhost:3000/_next/static/chunks/node_modules_next_dist_1e8vcs8._.js:776
[  778130ms] [LOG] [Fast Refresh] done in 1333ms @ http://localhost:3000/_next/static/chunks/node_modules_next_dist_1e8vcs8._.js:776
[  778230ms] [LOG] [Fast Refresh] done in 1333ms @ http://localhost:3000/_next/static/chunks/node_modules_next_dist_1e8vcs8._.js:776
[  778364ms] [LOG] [Fast Refresh] done in 1333ms @ http://localhost:3000/_next/static/chunks/node_modules_next_dist_1e8vcs8._.js:776
[  778465ms] [LOG] [Fast Refresh] done in 1333ms @ http://localhost:3000/_next/static/chunks/node_modules_next_dist_1e8vcs8._.js:776
[  778576ms] [LOG] [Fast Refresh] done in 1333ms @ http://localhost:3000/_next/static/chunks/node_modules_next_dist_1e8vcs8._.js:776
[  778669ms] [LOG] [Fast Refresh] done in 1333ms @ http://localhost:3000/_next/static/chunks/node_modules_next_dist_1e8vcs8._.js:776
[  778774ms] [LOG] [Fast Refresh] done in 1333ms @ http://localhost:3000/_next/static/chunks/node_modules_next_dist_1e8vcs8._.js:776
[  778857ms] [LOG] [Fast Refresh] done in 1333ms @ http://localhost:3000/_next/static/chunks/node_modules_next_dist_1e8vcs8._.js:776
[  778969ms] [LOG] [Fast Refresh] done in 1333ms @ http://localhost:3000/_next/static/chunks/node_modules_next_dist_1e8vcs8._.js:776
[  779061ms] [LOG] [Fast Refresh] done in 1333ms @ http://localhost:3000/_next/static/chunks/node_modules_next_dist_1e8vcs8._.js:776
[  779144ms] [LOG] [Fast Refresh] done in 1333ms @ http://localhost:3000/_next/static/chunks/node_modules_next_dist_1e8vcs8._.js:776
[  779217ms] [LOG] [Fast Refresh] done in 1333ms @ http://localhost:3000/_next/static/chunks/node_modules_next_dist_1e8vcs8._.js:776
[  779314ms] [LOG] [Fast Refresh] done in 1333ms @ http://localhost:3000/_next/static/chunks/node_modules_next_dist_1e8vcs8._.js:776
[  779474ms] [LOG] [Fast Refresh] done in 1333ms @ http://localhost:3000/_next/static/chunks/node_modules_next_dist_1e8vcs8._.js:776
[  779652ms] [LOG] [Fast Refresh] done in 1333ms @ http://localhost:3000/_next/static/chunks/node_modules_next_dist_1e8vcs8._.js:776
[  779748ms] [LOG] [Fast Refresh] done in 1333ms @ http://localhost:3000/_next/static/chunks/node_modules_next_dist_1e8vcs8._.js:776
[  779877ms] [LOG] [Fast Refresh] done in 1333ms @ http://localhost:3000/_next/static/chunks/node_modules_next_dist_1e8vcs8._.js:776
[  779990ms] [LOG] [Fast Refresh] done in 1333ms @ http://localhost:3000/_next/static/chunks/node_modules_next_dist_1e8vcs8._.js:776
[  780128ms] [LOG] [Fast Refresh] done in 1333ms @ http://localhost:3000/_next/static/chunks/node_modules_next_dist_1e8vcs8._.js:776
[  780216ms] [LOG] [Fast Refresh] done in 1333ms @ http://localhost:3000/_next/static/chunks/node_modules_next_dist_1e8vcs8._.js:776
[  780317ms] [LOG] [Fast Refresh] done in 1333ms @ http://localhost:3000/_next/static/chunks/node_modules_next_dist_1e8vcs8._.js:776
[  780443ms] [LOG] [Fast Refresh] done in 1333ms @ http://localhost:3000/_next/static/chunks/node_modules_next_dist_1e8vcs8._.js:776
[  780535ms] [LOG] [Fast Refresh] done in 1333ms @ http://localhost:3000/_next/static/chunks/node_modules_next_dist_1e8vcs8._.js:776
[  780632ms] [LOG] [Fast Refresh] done in 1333ms @ http://localhost:3000/_next/static/chunks/node_modules_next_dist_1e8vcs8._.js:776
[  780768ms] [LOG] [Fast Refresh] done in 1333ms @ http://localhost:3000/_next/static/chunks/node_modules_next_dist_1e8vcs8._.js:776
[  780873ms] [LOG] [Fast Refresh] done in 1333ms @ http://localhost:3000/_next/static/chunks/node_modules_next_dist_1e8vcs8._.js:776
[  780972ms] [LOG] [Fast Refresh] done in 1333ms @ http://localhost:3000/_next/static/chunks/node_modules_next_dist_1e8vcs8._.js:776
[  781091ms] [LOG] [Fast Refresh] done in 1333ms @ http://localhost:3000/_next/static/chunks/node_modules_next_dist_1e8vcs8._.js:776
[  781218ms] [LOG] [Fast Refresh] done in 1333ms @ http://localhost:3000/_next/static/chunks/node_modules_next_dist_1e8vcs8._.js:776
[  781338ms] [LOG] [Fast Refresh] done in 1333ms @ http://localhost:3000/_next/static/chunks/node_modules_next_dist_1e8vcs8._.js:776
[  781495ms] [LOG] [Fast Refresh] done in 1333ms @ http://localhost:3000/_next/static/chunks/node_modules_next_dist_1e8vcs8._.js:776
[  781594ms] [LOG] [Fast Refresh] done in 1333ms @ http://localhost:3000/_next/static/chunks/node_modules_next_dist_1e8vcs8._.js:776
[  781695ms] [LOG] [Fast Refresh] done in 1333ms @ http://localhost:3000/_next/static/chunks/node_modules_next_dist_1e8vcs8._.js:776
[  781775ms] [LOG] [Fast Refresh] done in 1333ms @ http://localhost:3000/_next/static/chunks/node_modules_next_dist_1e8vcs8._.js:776
[  781888ms] [LOG] [Fast Refresh] done in 1333ms @ http://localhost:3000/_next/static/chunks/node_modules_next_dist_1e8vcs8._.js:776
[  781980ms] [LOG] [Fast Refresh] done in 1333ms @ http://localhost:3000/_next/static/chunks/node_modules_next_dist_1e8vcs8._.js:776
[  782154ms] [LOG] [Fast Refresh] done in 1333ms @ http://localhost:3000/_next/static/chunks/node_modules_next_dist_1e8vcs8._.js:776
[  782307ms] [LOG] [Fast Refresh] done in 1333ms @ http://localhost:3000/_next/static/chunks/node_modules_next_dist_1e8vcs8._.js:776
[  782430ms] [LOG] [Fast Refresh] done in 1333ms @ http://localhost:3000/_next/static/chunks/node_modules_next_dist_1e8vcs8._.js:776
[  782544ms] [LOG] [Fast Refresh] done in 1333ms @ http://localhost:3000/_next/static/chunks/node_modules_next_dist_1e8vcs8._.js:776
[  782634ms] [LOG] [Fast Refresh] done in 1333ms @ http://localhost:3000/_next/static/chunks/node_modules_next_dist_1e8vcs8._.js:776
[  782757ms] [LOG] [Fast Refresh] done in 1333ms @ http://localhost:3000/_next/static/chunks/node_modules_next_dist_1e8vcs8._.js:776
[  782847ms] [LOG] [Fast Refresh] done in 1333ms @ http://localhost:3000/_next/static/chunks/node_modules_next_dist_1e8vcs8._.js:776
[  782915ms] [LOG] [Fast Refresh] done in 1333ms @ http://localhost:3000/_next/static/chunks/node_modules_next_dist_1e8vcs8._.js:776
[  783017ms] [LOG] [Fast Refresh] done in 1333ms @ http://localhost:3000/_next/static/chunks/node_modules_next_dist_1e8vcs8._.js:776
[  783083ms] [LOG] [Fast Refresh] done in 1333ms @ http://localhost:3000/_next/static/chunks/node_modules_next_dist_1e8vcs8._.js:776
[  783139ms] [LOG] [Fast Refresh] done in 1333ms @ http://localhost:3000/_next/static/chunks/node_modules_next_dist_1e8vcs8._.js:776
[  783236ms] [LOG] [Fast Refresh] done in 1333ms @ http://localhost:3000/_next/static/chunks/node_modules_next_dist_1e8vcs8._.js:776
[  783328ms] [LOG] [Fast Refresh] done in 1333ms @ http://localhost:3000/_next/static/chunks/node_modules_next_dist_1e8vcs8._.js:776
[  783424ms] [LOG] [Fast Refresh] done in 1333ms @ http://localhost:3000/_next/static/chunks/node_modules_next_dist_1e8vcs8._.js:776
[  783534ms] [LOG] [Fast Refresh] done in 1333ms @ http://localhost:3000/_next/static/chunks/node_modules_next_dist_1e8vcs8._.js:776
[  783649ms] [LOG] [Fast Refresh] done in 1333ms @ http://localhost:3000/_next/static/chunks/node_modules_next_dist_1e8vcs8._.js:776
[  783756ms] [LOG] [Fast Refresh] done in 1333ms @ http://localhost:3000/_next/static/chunks/node_modules_next_dist_1e8vcs8._.js:776
[  783876ms] [LOG] [Fast Refresh] done in 1333ms @ http://localhost:3000/_next/static/chunks/node_modules_next_dist_1e8vcs8._.js:776
[  784004ms] [LOG] [Fast Refresh] done in 1333ms @ http://localhost:3000/_next/static/chunks/node_modules_next_dist_1e8vcs8._.js:776
[  784153ms] [LOG] [Fast Refresh] done in 1333ms @ http://localhost:3000/_next/static/chunks/node_modules_next_dist_1e8vcs8._.js:776
[  784278ms] [LOG] [Fast Refresh] done in 1333ms @ http://localhost:3000/_next/static/chunks/node_modules_next_dist_1e8vcs8._.js:776
[  784391ms] [LOG] [Fast Refresh] done in 1333ms @ http://localhost:3000/_next/static/chunks/node_modules_next_dist_1e8vcs8._.js:776
[  784482ms] [LOG] [Fast Refresh] done in 1333ms @ http://localhost:3000/_next/static/chunks/node_modules_next_dist_1e8vcs8._.js:776
[  784596ms] [LOG] [Fast Refresh] done in 1333ms @ http://localhost:3000/_next/static/chunks/node_modules_next_dist_1e8vcs8._.js:776
[  784752ms] [LOG] [Fast Refresh] done in 1333ms @ http://localhost:3000/_next/static/chunks/node_modules_next_dist_1e8vcs8._.js:776
[  784873ms] [LOG] [Fast Refresh] done in 1333ms @ http://localhost:3000/_next/static/chunks/node_modules_next_dist_1e8vcs8._.js:776
[  785007ms] [LOG] [Fast Refresh] done in 1333ms @ http://localhost:3000/_next/static/chunks/node_modules_next_dist_1e8vcs8._.js:776
[  785132ms] [LOG] [Fast Refresh] done in 1333ms @ http://localhost:3000/_next/static/chunks/node_modules_next_dist_1e8vcs8._.js:776
[  785238ms] [LOG] [Fast Refresh] done in 1333ms @ http://localhost:3000/_next/static/chunks/node_modules_next_dist_1e8vcs8._.js:776
[  785368ms] [LOG] [Fast Refresh] done in 1333ms @ http://localhost:3000/_next/static/chunks/node_modules_next_dist_1e8vcs8._.js:776
[  785491ms] [LOG] [Fast Refresh] done in 1333ms @ http://localhost:3000/_next/static/chunks/node_modules_next_dist_1e8vcs8._.js:776
[  785636ms] [LOG] [Fast Refresh] done in 1333ms @ http://localhost:3000/_next/static/chunks/node_modules_next_dist_1e8vcs8._.js:776
[  785721ms] [LOG] [Fast Refresh] done in 1333ms @ http://localhost:3000/_next/static/chunks/node_modules_next_dist_1e8vcs8._.js:776
[  785816ms] [LOG] [Fast Refresh] done in 1333ms @ http://localhost:3000/_next/static/chunks/node_modules_next_dist_1e8vcs8._.js:776
[  785914ms] [LOG] [Fast Refresh] done in 1333ms @ http://localhost:3000/_next/static/chunks/node_modules_next_dist_1e8vcs8._.js:776
[  786004ms] [LOG] [Fast Refresh] done in 1333ms @ http://localhost:3000/_next/static/chunks/node_modules_next_dist_1e8vcs8._.js:776
[  786101ms] [LOG] [Fast Refresh] done in 1333ms @ http://localhost:3000/_next/static/chunks/node_modules_next_dist_1e8vcs8._.js:776
[  786183ms] [LOG] [Fast Refresh] done in 1333ms @ http://localhost:3000/_next/static/chunks/node_modules_next_dist_1e8vcs8._.js:776
[  786296ms] [LOG] [Fast Refresh] done in 1333ms @ http://localhost:3000/_next/static/chunks/node_modules_next_dist_1e8vcs8._.js:776
[  786387ms] [LOG] [Fast Refresh] done in 1333ms @ http://localhost:3000/_next/static/chunks/node_modules_next_dist_1e8vcs8._.js:776
[  786465ms] [LOG] [Fast Refresh] done in 1333ms @ http://localhost:3000/_next/static/chunks/node_modules_next_dist_1e8vcs8._.js:776
[  786576ms] [LOG] [Fast Refresh] done in 1333ms @ http://localhost:3000/_next/static/chunks/node_modules_next_dist_1e8vcs8._.js:776
[  786657ms] [LOG] [Fast Refresh] done in 1333ms @ http://localhost:3000/_next/static/chunks/node_modules_next_dist_1e8vcs8._.js:776
[  786729ms] [LOG] [Fast Refresh] done in 1333ms @ http://localhost:3000/_next/static/chunks/node_modules_next_dist_1e8vcs8._.js:776
[  786819ms] [LOG] [Fast Refresh] done in 1333ms @ http://localhost:3000/_next/static/chunks/node_modules_next_dist_1e8vcs8._.js:776
[  786913ms] [LOG] [Fast Refresh] done in 1333ms @ http://localhost:3000/_next/static/chunks/node_modules_next_dist_1e8vcs8._.js:776
[  786974ms] [LOG] [Fast Refresh] done in 1333ms @ http://localhost:3000/_next/static/chunks/node_modules_next_dist_1e8vcs8._.js:776
[  787081ms] [LOG] [Fast Refresh] done in 1333ms @ http://localhost:3000/_next/static/chunks/node_modules_next_dist_1e8vcs8._.js:776
[  787176ms] [LOG] [Fast Refresh] done in 1333ms @ http://localhost:3000/_next/static/chunks/node_modules_next_dist_1e8vcs8._.js:776
[  787263ms] [LOG] [Fast Refresh] done in 1333ms @ http://localhost:3000/_next/static/chunks/node_modules_next_dist_1e8vcs8._.js:776
[  787358ms] [LOG] [Fast Refresh] done in 1333ms @ http://localhost:3000/_next/static/chunks/node_modules_next_dist_1e8vcs8._.js:776
[  787442ms] [LOG] [Fast Refresh] done in 1333ms @ http://localhost:3000/_next/static/chunks/node_modules_next_dist_1e8vcs8._.js:776
[  787517ms] [LOG] [Fast Refresh] done in 1333ms @ http://localhost:3000/_next/static/chunks/node_modules_next_dist_1e8vcs8._.js:776
[  787608ms] [LOG] [Fast Refresh] done in 1333ms @ http://localhost:3000/_next/static/chunks/node_modules_next_dist_1e8vcs8._.js:776
[  787723ms] [LOG] [Fast Refresh] done in 1333ms @ http://localhost:3000/_next/static/chunks/node_modules_next_dist_1e8vcs8._.js:776
[  787819ms] [LOG] [Fast Refresh] done in 1333ms @ http://localhost:3000/_next/static/chunks/node_modules_next_dist_1e8vcs8._.js:776
[  787929ms] [LOG] [Fast Refresh] done in 1333ms @ http://localhost:3000/_next/static/chunks/node_modules_next_dist_1e8vcs8._.js:776
[  788039ms] [LOG] [Fast Refresh] done in 1333ms @ http://localhost:3000/_next/static/chunks/node_modules_next_dist_1e8vcs8._.js:776
[  788146ms] [LOG] [Fast Refresh] done in 1333ms @ http://localhost:3000/_next/static/chunks/node_modules_next_dist_1e8vcs8._.js:776
[  788256ms] [LOG] [Fast Refresh] done in 1333ms @ http://localhost:3000/_next/static/chunks/node_modules_next_dist_1e8vcs8._.js:776
[  788340ms] [LOG] [Fast Refresh] done in 1333ms @ http://localhost:3000/_next/static/chunks/node_modules_next_dist_1e8vcs8._.js:776
[  788413ms] [LOG] [Fast Refresh] done in 1333ms @ http://localhost:3000/_next/static/chunks/node_modules_next_dist_1e8vcs8._.js:776
[  788510ms] [LOG] [Fast Refresh] done in 1333ms @ http://localhost:3000/_next/static/chunks/node_modules_next_dist_1e8vcs8._.js:776
[  788610ms] [LOG] [Fast Refresh] done in 1333ms @ http://localhost:3000/_next/static/chunks/node_modules_next_dist_1e8vcs8._.js:776
[  788691ms] [LOG] [Fast Refresh] done in 1333ms @ http://localhost:3000/_next/static/chunks/node_modules_next_dist_1e8vcs8._.js:776
[  788787ms] [LOG] [Fast Refresh] done in 1333ms @ http://localhost:3000/_next/static/chunks/node_modules_next_dist_1e8vcs8._.js:776
[  788876ms] [LOG] [Fast Refresh] done in 1333ms @ http://localhost:3000/_next/static/chunks/node_modules_next_dist_1e8vcs8._.js:776
[  788984ms] [LOG] [Fast Refresh] done in 1333ms @ http://localhost:3000/_next/static/chunks/node_modules_next_dist_1e8vcs8._.js:776
[  789071ms] [LOG] [Fast Refresh] done in 1333ms @ http://localhost:3000/_next/static/chunks/node_modules_next_dist_1e8vcs8._.js:776
[  789151ms] [LOG] [Fast Refresh] done in 1333ms @ http://localhost:3000/_next/static/chunks/node_modules_next_dist_1e8vcs8._.js:776
[  789237ms] [LOG] [Fast Refresh] done in 1333ms @ http://localhost:3000/_next/static/chunks/node_modules_next_dist_1e8vcs8._.js:776
[  789362ms] [LOG] [Fast Refresh] done in 1333ms @ http://localhost:3000/_next/static/chunks/node_modules_next_dist_1e8vcs8._.js:776
[  789458ms] [LOG] [Fast Refresh] done in 1333ms @ http://localhost:3000/_next/static/chunks/node_modules_next_dist_1e8vcs8._.js:776
[  789558ms] [LOG] [Fast Refresh] done in 1333ms @ http://localhost:3000/_next/static/chunks/node_modules_next_dist_1e8vcs8._.js:776
[  789672ms] [LOG] [Fast Refresh] done in 1333ms @ http://localhost:3000/_next/static/chunks/node_modules_next_dist_1e8vcs8._.js:776
[  789769ms] [LOG] [Fast Refresh] done in 1333ms @ http://localhost:3000/_next/static/chunks/node_modules_next_dist_1e8vcs8._.js:776
[  789839ms] [LOG] [Fast Refresh] done in 1333ms @ http://localhost:3000/_next/static/chunks/node_modules_next_dist_1e8vcs8._.js:776
[  789925ms] [LOG] [Fast Refresh] done in 1333ms @ http://localhost:3000/_next/static/chunks/node_modules_next_dist_1e8vcs8._.js:776
[  790000ms] [LOG] [Fast Refresh] done in 1333ms @ http://localhost:3000/_next/static/chunks/node_modules_next_dist_1e8vcs8._.js:776
[  790087ms] [LOG] [Fast Refresh] done in 1333ms @ http://localhost:3000/_next/static/chunks/node_modules_next_dist_1e8vcs8._.js:776
[  790176ms] [LOG] [Fast Refresh] done in 1333ms @ http://localhost:3000/_next/static/chunks/node_modules_next_dist_1e8vcs8._.js:776
[  790242ms] [LOG] [Fast Refresh] done in 1333ms @ http://localhost:3000/_next/static/chunks/node_modules_next_dist_1e8vcs8._.js:776
[  790348ms] [LOG] [Fast Refresh] done in 1333ms @ http://localhost:3000/_next/static/chunks/node_modules_next_dist_1e8vcs8._.js:776
[  790467ms] [LOG] [Fast Refresh] done in 1333ms @ http://localhost:3000/_next/static/chunks/node_modules_next_dist_1e8vcs8._.js:776
[  790574ms] [LOG] [Fast Refresh] done in 1333ms @ http://localhost:3000/_next/static/chunks/node_modules_next_dist_1e8vcs8._.js:776
[  790659ms] [LOG] [Fast Refresh] done in 1333ms @ http://localhost:3000/_next/static/chunks/node_modules_next_dist_1e8vcs8._.js:776
[  790745ms] [LOG] [Fast Refresh] done in 1333ms @ http://localhost:3000/_next/static/chunks/node_modules_next_dist_1e8vcs8._.js:776
[  790868ms] [LOG] [Fast Refresh] done in 1333ms @ http://localhost:3000/_next/static/chunks/node_modules_next_dist_1e8vcs8._.js:776
[  790988ms] [LOG] [Fast Refresh] done in 1333ms @ http://localhost:3000/_next/static/chunks/node_modules_next_dist_1e8vcs8._.js:776
[  791097ms] [LOG] [Fast Refresh] done in 1333ms @ http://localhost:3000/_next/static/chunks/node_modules_next_dist_1e8vcs8._.js:776
[  791202ms] [LOG] [Fast Refresh] done in 1333ms @ http://localhost:3000/_next/static/chunks/node_modules_next_dist_1e8vcs8._.js:776
[  791318ms] [LOG] [Fast Refresh] done in 1333ms @ http://localhost:3000/_next/static/chunks/node_modules_next_dist_1e8vcs8._.js:776
[  791404ms] [LOG] [Fast Refresh] done in 1333ms @ http://localhost:3000/_next/static/chunks/node_modules_next_dist_1e8vcs8._.js:776
[  791472ms] [LOG] [Fast Refresh] done in 1333ms @ http://localhost:3000/_next/static/chunks/node_modules_next_dist_1e8vcs8._.js:776
[  791561ms] [LOG] [Fast Refresh] done in 1333ms @ http://localhost:3000/_next/static/chunks/node_modules_next_dist_1e8vcs8._.js:776
[  791697ms] [LOG] [Fast Refresh] done in 1333ms @ http://localhost:3000/_next/static/chunks/node_modules_next_dist_1e8vcs8._.js:776
[  791803ms] [LOG] [Fast Refresh] done in 1333ms @ http://localhost:3000/_next/static/chunks/node_modules_next_dist_1e8vcs8._.js:776
[  791881ms] [LOG] [Fast Refresh] done in 1333ms @ http://localhost:3000/_next/static/chunks/node_modules_next_dist_1e8vcs8._.js:776
[  791995ms] [LOG] [Fast Refresh] done in 1333ms @ http://localhost:3000/_next/static/chunks/node_modules_next_dist_1e8vcs8._.js:776
[  792097ms] [LOG] [Fast Refresh] done in 1333ms @ http://localhost:3000/_next/static/chunks/node_modules_next_dist_1e8vcs8._.js:776
[  792210ms] [LOG] [Fast Refresh] done in 1333ms @ http://localhost:3000/_next/static/chunks/node_modules_next_dist_1e8vcs8._.js:776
[  792308ms] [LOG] [Fast Refresh] done in 1333ms @ http://localhost:3000/_next/static/chunks/node_modules_next_dist_1e8vcs8._.js:776
[  792420ms] [LOG] [Fast Refresh] done in 1333ms @ http://localhost:3000/_next/static/chunks/node_modules_next_dist_1e8vcs8._.js:776
[  792523ms] [LOG] [Fast Refresh] done in 1333ms @ http://localhost:3000/_next/static/chunks/node_modules_next_dist_1e8vcs8._.js:776
[  792616ms] [LOG] [Fast Refresh] done in 1333ms @ http://localhost:3000/_next/static/chunks/node_modules_next_dist_1e8vcs8._.js:776
[  792730ms] [LOG] [Fast Refresh] done in 1333ms @ http://localhost:3000/_next/static/chunks/node_modules_next_dist_1e8vcs8._.js:776
[  792798ms] [LOG] [Fast Refresh] done in 1333ms @ http://localhost:3000/_next/static/chunks/node_modules_next_dist_1e8vcs8._.js:776
[  792925ms] [LOG] [Fast Refresh] done in 1333ms @ http://localhost:3000/_next/static/chunks/node_modules_next_dist_1e8vcs8._.js:776
[  793092ms] [LOG] [Fast Refresh] done in 1333ms @ http://localhost:3000/_next/static/chunks/node_modules_next_dist_1e8vcs8._.js:776
[  793333ms] [LOG] [Fast Refresh] rebuilding @ http://localhost:3000/_next/static/chunks/node_modules_next_dist_1e8vcs8._.js:776
[  795036ms] [LOG] [Fast Refresh] done in 1434ms @ http://localhost:3000/_next/static/chunks/node_modules_next_dist_1e8vcs8._.js:776
[ 1467986ms] [LOG] [Fast Refresh] rebuilding @ http://localhost:3000/_next/static/chunks/node_modules_next_dist_1e8vcs8._.js:776
[ 1470734ms] [LOG] [Fast Refresh] done in 2418ms @ http://localhost:3000/_next/static/chunks/node_modules_next_dist_1e8vcs8._.js:776
[ 1470797ms] [LOG] [Fast Refresh] done in 2418ms @ http://localhost:3000/_next/static/chunks/node_modules_next_dist_1e8vcs8._.js:776
[ 1470861ms] [LOG] [Fast Refresh] done in 2418ms @ http://localhost:3000/_next/static/chunks/node_modules_next_dist_1e8vcs8._.js:776
[ 1471014ms] [LOG] [Fast Refresh] done in 2418ms @ http://localhost:3000/_next/static/chunks/node_modules_next_dist_1e8vcs8._.js:776
[ 1471129ms] [LOG] [Fast Refresh] done in 2418ms @ http://localhost:3000/_next/static/chunks/node_modules_next_dist_1e8vcs8._.js:776
[ 1471247ms] [LOG] [Fast Refresh] done in 2418ms @ http://localhost:3000/_next/static/chunks/node_modules_next_dist_1e8vcs8._.js:776
[ 1471361ms] [LOG] [Fast Refresh] done in 2418ms @ http://localhost:3000/_next/static/chunks/node_modules_next_dist_1e8vcs8._.js:776
[ 1471464ms] [LOG] [Fast Refresh] done in 2418ms @ http://localhost:3000/_next/static/chunks/node_modules_next_dist_1e8vcs8._.js:776
[ 1471608ms] [LOG] [Fast Refresh] done in 2418ms @ http://localhost:3000/_next/static/chunks/node_modules_next_dist_1e8vcs8._.js:776
[ 1471697ms] [LOG] [Fast Refresh] done in 2418ms @ http://localhost:3000/_next/static/chunks/node_modules_next_dist_1e8vcs8._.js:776
[ 1471797ms] [LOG] [Fast Refresh] done in 2418ms @ http://localhost:3000/_next/static/chunks/node_modules_next_dist_1e8vcs8._.js:776
[ 1471889ms] [LOG] [Fast Refresh] done in 2418ms @ http://localhost:3000/_next/static/chunks/node_modules_next_dist_1e8vcs8._.js:776
[ 1471985ms] [LOG] [Fast Refresh] done in 2418ms @ http://localhost:3000/_next/static/chunks/node_modules_next_dist_1e8vcs8._.js:776
[ 1472057ms] [LOG] [Fast Refresh] done in 2418ms @ http://localhost:3000/_next/static/chunks/node_modules_next_dist_1e8vcs8._.js:776
[ 1472209ms] [LOG] [Fast Refresh] done in 2418ms @ http://localhost:3000/_next/static/chunks/node_modules_next_dist_1e8vcs8._.js:776
[ 1472336ms] [LOG] [Fast Refresh] done in 2418ms @ http://localhost:3000/_next/static/chunks/node_modules_next_dist_1e8vcs8._.js:776
[ 1472440ms] [LOG] [Fast Refresh] done in 2418ms @ http://localhost:3000/_next/static/chunks/node_modules_next_dist_1e8vcs8._.js:776
[ 1472526ms] [LOG] [Fast Refresh] done in 2418ms @ http://localhost:3000/_next/static/chunks/node_modules_next_dist_1e8vcs8._.js:776
[ 1472635ms] [LOG] [Fast Refresh] done in 2418ms @ http://localhost:3000/_next/static/chunks/node_modules_next_dist_1e8vcs8._.js:776
[ 1472727ms] [LOG] [Fast Refresh] done in 2418ms @ http://localhost:3000/_next/static/chunks/node_modules_next_dist_1e8vcs8._.js:776
[ 1472798ms] [LOG] [Fast Refresh] done in 2418ms @ http://localhost:3000/_next/static/chunks/node_modules_next_dist_1e8vcs8._.js:776
[ 1472895ms] [LOG] [Fast Refresh] done in 2418ms @ http://localhost:3000/_next/static/chunks/node_modules_next_dist_1e8vcs8._.js:776
[ 1472988ms] [LOG] [Fast Refresh] done in 2418ms @ http://localhost:3000/_next/static/chunks/node_modules_next_dist_1e8vcs8._.js:776
[ 1473085ms] [LOG] [Fast Refresh] done in 2418ms @ http://localhost:3000/_next/static/chunks/node_modules_next_dist_1e8vcs8._.js:776
[ 1473148ms] [LOG] [Fast Refresh] done in 2418ms @ http://localhost:3000/_next/static/chunks/node_modules_next_dist_1e8vcs8._.js:776
[ 1473229ms] [LOG] [Fast Refresh] done in 2418ms @ http://localhost:3000/_next/static/chunks/node_modules_next_dist_1e8vcs8._.js:776
[ 1473342ms] [LOG] [Fast Refresh] done in 2418ms @ http://localhost:3000/_next/static/chunks/node_modules_next_dist_1e8vcs8._.js:776
[ 1473418ms] [LOG] [Fast Refresh] done in 2418ms @ http://localhost:3000/_next/static/chunks/node_modules_next_dist_1e8vcs8._.js:776
[ 1473502ms] [LOG] [Fast Refresh] done in 2418ms @ http://localhost:3000/_next/static/chunks/node_modules_next_dist_1e8vcs8._.js:776
[ 1473616ms] [LOG] [Fast Refresh] done in 2418ms @ http://localhost:3000/_next/static/chunks/node_modules_next_dist_1e8vcs8._.js:776
[ 1473737ms] [LOG] [Fast Refresh] done in 2418ms @ http://localhost:3000/_next/static/chunks/node_modules_next_dist_1e8vcs8._.js:776
[ 1473841ms] [LOG] [Fast Refresh] done in 2418ms @ http://localhost:3000/_next/static/chunks/node_modules_next_dist_1e8vcs8._.js:776
[ 1473946ms] [LOG] [Fast Refresh] done in 2418ms @ http://localhost:3000/_next/static/chunks/node_modules_next_dist_1e8vcs8._.js:776
[ 1474053ms] [LOG] [Fast Refresh] done in 2418ms @ http://localhost:3000/_next/static/chunks/node_modules_next_dist_1e8vcs8._.js:776
[ 1474164ms] [LOG] [Fast Refresh] done in 2418ms @ http://localhost:3000/_next/static/chunks/node_modules_next_dist_1e8vcs8._.js:776
[ 1474251ms] [LOG] [Fast Refresh] done in 2418ms @ http://localhost:3000/_next/static/chunks/node_modules_next_dist_1e8vcs8._.js:776
[ 1474342ms] [LOG] [Fast Refresh] done in 2418ms @ http://localhost:3000/_next/static/chunks/node_modules_next_dist_1e8vcs8._.js:776
[ 1474484ms] [LOG] [Fast Refresh] done in 2418ms @ http://localhost:3000/_next/static/chunks/node_modules_next_dist_1e8vcs8._.js:776
[ 1474628ms] [LOG] [Fast Refresh] done in 2418ms @ http://localhost:3000/_next/static/chunks/node_modules_next_dist_1e8vcs8._.js:776
[ 1474743ms] [LOG] [Fast Refresh] done in 2418ms @ http://localhost:3000/_next/static/chunks/node_modules_next_dist_1e8vcs8._.js:776
[ 1474830ms] [LOG] [Fast Refresh] done in 2418ms @ http://localhost:3000/_next/static/chunks/node_modules_next_dist_1e8vcs8._.js:776
[ 1474949ms] [LOG] [Fast Refresh] done in 2418ms @ http://localhost:3000/_next/static/chunks/node_modules_next_dist_1e8vcs8._.js:776
[ 1475053ms] [LOG] [Fast Refresh] done in 2418ms @ http://localhost:3000/_next/static/chunks/node_modules_next_dist_1e8vcs8._.js:776
[ 1475150ms] [LOG] [Fast Refresh] done in 2418ms @ http://localhost:3000/_next/static/chunks/node_modules_next_dist_1e8vcs8._.js:776
[ 1475242ms] [LOG] [Fast Refresh] done in 2418ms @ http://localhost:3000/_next/static/chunks/node_modules_next_dist_1e8vcs8._.js:776
[ 1475317ms] [LOG] [Fast Refresh] done in 2418ms @ http://localhost:3000/_next/static/chunks/node_modules_next_dist_1e8vcs8._.js:776
[ 1475436ms] [LOG] [Fast Refresh] done in 2418ms @ http://localhost:3000/_next/static/chunks/node_modules_next_dist_1e8vcs8._.js:776
[ 1475494ms] [LOG] [Fast Refresh] done in 2418ms @ http://localhost:3000/_next/static/chunks/node_modules_next_dist_1e8vcs8._.js:776
[ 1475619ms] [LOG] [Fast Refresh] done in 2418ms @ http://localhost:3000/_next/static/chunks/node_modules_next_dist_1e8vcs8._.js:776
[ 1475732ms] [LOG] [Fast Refresh] done in 2418ms @ http://localhost:3000/_next/static/chunks/node_modules_next_dist_1e8vcs8._.js:776
[ 1475832ms] [LOG] [Fast Refresh] done in 2418ms @ http://localhost:3000/_next/static/chunks/node_modules_next_dist_1e8vcs8._.js:776
[ 1475947ms] [LOG] [Fast Refresh] done in 2418ms @ http://localhost:3000/_next/static/chunks/node_modules_next_dist_1e8vcs8._.js:776
[ 1476046ms] [LOG] [Fast Refresh] done in 2418ms @ http://localhost:3000/_next/static/chunks/node_modules_next_dist_1e8vcs8._.js:776
[ 1476140ms] [LOG] [Fast Refresh] done in 2418ms @ http://localhost:3000/_next/static/chunks/node_modules_next_dist_1e8vcs8._.js:776
[ 1476264ms] [LOG] [Fast Refresh] done in 2418ms @ http://localhost:3000/_next/static/chunks/node_modules_next_dist_1e8vcs8._.js:776
[ 1476438ms] [LOG] [Fast Refresh] done in 2418ms @ http://localhost:3000/_next/static/chunks/node_modules_next_dist_1e8vcs8._.js:776
[ 1476560ms] [LOG] [Fast Refresh] done in 2418ms @ http://localhost:3000/_next/static/chunks/node_modules_next_dist_1e8vcs8._.js:776
[ 1476641ms] [LOG] [Fast Refresh] done in 2418ms @ http://localhost:3000/_next/static/chunks/node_modules_next_dist_1e8vcs8._.js:776
[ 1476721ms] [LOG] [Fast Refresh] done in 2418ms @ http://localhost:3000/_next/static/chunks/node_modules_next_dist_1e8vcs8._.js:776
[ 1476846ms] [LOG] [Fast Refresh] done in 2418ms @ http://localhost:3000/_next/static/chunks/node_modules_next_dist_1e8vcs8._.js:776
[ 1476966ms] [LOG] [Fast Refresh] done in 2418ms @ http://localhost:3000/_next/static/chunks/node_modules_next_dist_1e8vcs8._.js:776
[ 1477066ms] [LOG] [Fast Refresh] done in 2418ms @ http://localhost:3000/_next/static/chunks/node_modules_next_dist_1e8vcs8._.js:776
[ 1477184ms] [LOG] [Fast Refresh] done in 2418ms @ http://localhost:3000/_next/static/chunks/node_modules_next_dist_1e8vcs8._.js:776
[ 1477284ms] [LOG] [Fast Refresh] done in 2418ms @ http://localhost:3000/_next/static/chunks/node_modules_next_dist_1e8vcs8._.js:776
[ 1477365ms] [LOG] [Fast Refresh] done in 2418ms @ http://localhost:3000/_next/static/chunks/node_modules_next_dist_1e8vcs8._.js:776
[ 1477475ms] [LOG] [Fast Refresh] done in 2418ms @ http://localhost:3000/_next/static/chunks/node_modules_next_dist_1e8vcs8._.js:776
[ 1477620ms] [LOG] [Fast Refresh] done in 2418ms @ http://localhost:3000/_next/static/chunks/node_modules_next_dist_1e8vcs8._.js:776
[ 1477727ms] [LOG] [Fast Refresh] done in 2418ms @ http://localhost:3000/_next/static/chunks/node_modules_next_dist_1e8vcs8._.js:776
[ 1477815ms] [LOG] [Fast Refresh] done in 2418ms @ http://localhost:3000/_next/static/chunks/node_modules_next_dist_1e8vcs8._.js:776
[ 1477908ms] [LOG] [Fast Refresh] done in 2418ms @ http://localhost:3000/_next/static/chunks/node_modules_next_dist_1e8vcs8._.js:776
[ 1478012ms] [LOG] [Fast Refresh] done in 2418ms @ http://localhost:3000/_next/static/chunks/node_modules_next_dist_1e8vcs8._.js:776
[ 1478091ms] [LOG] [Fast Refresh] done in 2418ms @ http://localhost:3000/_next/static/chunks/node_modules_next_dist_1e8vcs8._.js:776
[ 1478214ms] [LOG] [Fast Refresh] done in 2418ms @ http://localhost:3000/_next/static/chunks/node_modules_next_dist_1e8vcs8._.js:776
[ 1478319ms] [LOG] [Fast Refresh] done in 2418ms @ http://localhost:3000/_next/static/chunks/node_modules_next_dist_1e8vcs8._.js:776
[ 1478399ms] [LOG] [Fast Refresh] done in 2418ms @ http://localhost:3000/_next/static/chunks/node_modules_next_dist_1e8vcs8._.js:776
[ 1478513ms] [LOG] [Fast Refresh] done in 2418ms @ http://localhost:3000/_next/static/chunks/node_modules_next_dist_1e8vcs8._.js:776
[ 1478611ms] [LOG] [Fast Refresh] done in 2418ms @ http://localhost:3000/_next/static/chunks/node_modules_next_dist_1e8vcs8._.js:776
[ 1478683ms] [LOG] [Fast Refresh] done in 2418ms @ http://localhost:3000/_next/static/chunks/node_modules_next_dist_1e8vcs8._.js:776
[ 1478755ms] [LOG] [Fast Refresh] done in 2418ms @ http://localhost:3000/_next/static/chunks/node_modules_next_dist_1e8vcs8._.js:776
[ 1478851ms] [LOG] [Fast Refresh] done in 2418ms @ http://localhost:3000/_next/static/chunks/node_modules_next_dist_1e8vcs8._.js:776
[ 1478994ms] [LOG] [Fast Refresh] done in 2418ms @ http://localhost:3000/_next/static/chunks/node_modules_next_dist_1e8vcs8._.js:776
[ 1479068ms] [LOG] [Fast Refresh] done in 2418ms @ http://localhost:3000/_next/static/chunks/node_modules_next_dist_1e8vcs8._.js:776
[ 1479190ms] [LOG] [Fast Refresh] done in 2418ms @ http://localhost:3000/_next/static/chunks/node_modules_next_dist_1e8vcs8._.js:776
[ 1479294ms] [LOG] [Fast Refresh] done in 2418ms @ http://localhost:3000/_next/static/chunks/node_modules_next_dist_1e8vcs8._.js:776
[ 1479356ms] [LOG] [Fast Refresh] done in 2418ms @ http://localhost:3000/_next/static/chunks/node_modules_next_dist_1e8vcs8._.js:776
[ 1479427ms] [LOG] [Fast Refresh] done in 2418ms @ http://localhost:3000/_next/static/chunks/node_modules_next_dist_1e8vcs8._.js:776
[ 1479503ms] [LOG] [Fast Refresh] done in 2418ms @ http://localhost:3000/_next/static/chunks/node_modules_next_dist_1e8vcs8._.js:776
[ 1479627ms] [LOG] [Fast Refresh] done in 2418ms @ http://localhost:3000/_next/static/chunks/node_modules_next_dist_1e8vcs8._.js:776
[ 1479773ms] [LOG] [Fast Refresh] done in 2418ms @ http://localhost:3000/_next/static/chunks/node_modules_next_dist_1e8vcs8._.js:776
[ 1479837ms] [LOG] [Fast Refresh] done in 2418ms @ http://localhost:3000/_next/static/chunks/node_modules_next_dist_1e8vcs8._.js:776
[ 1479910ms] [LOG] [Fast Refresh] done in 2418ms @ http://localhost:3000/_next/static/chunks/node_modules_next_dist_1e8vcs8._.js:776
[ 1479979ms] [LOG] [Fast Refresh] done in 2418ms @ http://localhost:3000/_next/static/chunks/node_modules_next_dist_1e8vcs8._.js:776
[ 1480045ms] [LOG] [Fast Refresh] done in 2418ms @ http://localhost:3000/_next/static/chunks/node_modules_next_dist_1e8vcs8._.js:776
[ 1480126ms] [LOG] [Fast Refresh] done in 2418ms @ http://localhost:3000/_next/static/chunks/node_modules_next_dist_1e8vcs8._.js:776
[ 1480194ms] [LOG] [Fast Refresh] done in 2418ms @ http://localhost:3000/_next/static/chunks/node_modules_next_dist_1e8vcs8._.js:776
[ 1480270ms] [LOG] [Fast Refresh] done in 2418ms @ http://localhost:3000/_next/static/chunks/node_modules_next_dist_1e8vcs8._.js:776
[ 1480354ms] [LOG] [Fast Refresh] done in 2418ms @ http://localhost:3000/_next/static/chunks/node_modules_next_dist_1e8vcs8._.js:776
[ 1480434ms] [LOG] [Fast Refresh] done in 2418ms @ http://localhost:3000/_next/static/chunks/node_modules_next_dist_1e8vcs8._.js:776
[ 1480523ms] [LOG] [Fast Refresh] done in 2418ms @ http://localhost:3000/_next/static/chunks/node_modules_next_dist_1e8vcs8._.js:776
[ 1480592ms] [LOG] [Fast Refresh] done in 2418ms @ http://localhost:3000/_next/static/chunks/node_modules_next_dist_1e8vcs8._.js:776
[ 1480688ms] [LOG] [Fast Refresh] done in 2418ms @ http://localhost:3000/_next/static/chunks/node_modules_next_dist_1e8vcs8._.js:776
[ 1480761ms] [LOG] [Fast Refresh] done in 2418ms @ http://localhost:3000/_next/static/chunks/node_modules_next_dist_1e8vcs8._.js:776
[ 1480869ms] [LOG] [Fast Refresh] done in 2418ms @ http://localhost:3000/_next/static/chunks/node_modules_next_dist_1e8vcs8._.js:776
[ 1480978ms] [LOG] [Fast Refresh] done in 2418ms @ http://localhost:3000/_next/static/chunks/node_modules_next_dist_1e8vcs8._.js:776
[ 1481111ms] [LOG] [Fast Refresh] done in 2418ms @ http://localhost:3000/_next/static/chunks/node_modules_next_dist_1e8vcs8._.js:776
[ 1481218ms] [LOG] [Fast Refresh] done in 2418ms @ http://localhost:3000/_next/static/chunks/node_modules_next_dist_1e8vcs8._.js:776
[ 1481323ms] [LOG] [Fast Refresh] done in 2418ms @ http://localhost:3000/_next/static/chunks/node_modules_next_dist_1e8vcs8._.js:776
[ 1481396ms] [LOG] [Fast Refresh] done in 2418ms @ http://localhost:3000/_next/static/chunks/node_modules_next_dist_1e8vcs8._.js:776
[ 1481496ms] [LOG] [Fast Refresh] done in 2418ms @ http://localhost:3000/_next/static/chunks/node_modules_next_dist_1e8vcs8._.js:776
[ 1481597ms] [LOG] [Fast Refresh] done in 2418ms @ http://localhost:3000/_next/static/chunks/node_modules_next_dist_1e8vcs8._.js:776
[ 1481695ms] [LOG] [Fast Refresh] done in 2418ms @ http://localhost:3000/_next/static/chunks/node_modules_next_dist_1e8vcs8._.js:776
[ 1481783ms] [LOG] [Fast Refresh] done in 2418ms @ http://localhost:3000/_next/static/chunks/node_modules_next_dist_1e8vcs8._.js:776
[ 1481871ms] [LOG] [Fast Refresh] done in 2418ms @ http://localhost:3000/_next/static/chunks/node_modules_next_dist_1e8vcs8._.js:776
[ 1481941ms] [LOG] [Fast Refresh] done in 2418ms @ http://localhost:3000/_next/static/chunks/node_modules_next_dist_1e8vcs8._.js:776
[ 1482029ms] [LOG] [Fast Refresh] done in 2418ms @ http://localhost:3000/_next/static/chunks/node_modules_next_dist_1e8vcs8._.js:776
[ 1482125ms] [LOG] [Fast Refresh] done in 2418ms @ http://localhost:3000/_next/static/chunks/node_modules_next_dist_1e8vcs8._.js:776
[ 1482207ms] [LOG] [Fast Refresh] done in 2418ms @ http://localhost:3000/_next/static/chunks/node_modules_next_dist_1e8vcs8._.js:776
[ 1482282ms] [LOG] [Fast Refresh] done in 2418ms @ http://localhost:3000/_next/static/chunks/node_modules_next_dist_1e8vcs8._.js:776
[ 1482341ms] [LOG] [Fast Refresh] done in 2418ms @ http://localhost:3000/_next/static/chunks/node_modules_next_dist_1e8vcs8._.js:776
[ 1482428ms] [LOG] [Fast Refresh] done in 2418ms @ http://localhost:3000/_next/static/chunks/node_modules_next_dist_1e8vcs8._.js:776
[ 1482506ms] [LOG] [Fast Refresh] done in 2418ms @ http://localhost:3000/_next/static/chunks/node_modules_next_dist_1e8vcs8._.js:776
[ 1482571ms] [LOG] [Fast Refresh] done in 2418ms @ http://localhost:3000/_next/static/chunks/node_modules_next_dist_1e8vcs8._.js:776
[ 1482698ms] [LOG] [Fast Refresh] done in 2418ms @ http://localhost:3000/_next/static/chunks/node_modules_next_dist_1e8vcs8._.js:776
[ 1482817ms] [LOG] [Fast Refresh] done in 2418ms @ http://localhost:3000/_next/static/chunks/node_modules_next_dist_1e8vcs8._.js:776
[ 1482940ms] [LOG] [Fast Refresh] done in 2418ms @ http://localhost:3000/_next/static/chunks/node_modules_next_dist_1e8vcs8._.js:776
[ 1483020ms] [LOG] [Fast Refresh] done in 2418ms @ http://localhost:3000/_next/static/chunks/node_modules_next_dist_1e8vcs8._.js:776
[ 1483118ms] [LOG] [Fast Refresh] done in 2418ms @ http://localhost:3000/_next/static/chunks/node_modules_next_dist_1e8vcs8._.js:776
[ 1483215ms] [LOG] [Fast Refresh] done in 2418ms @ http://localhost:3000/_next/static/chunks/node_modules_next_dist_1e8vcs8._.js:776
[ 1483314ms] [LOG] [Fast Refresh] done in 2418ms @ http://localhost:3000/_next/static/chunks/node_modules_next_dist_1e8vcs8._.js:776
[ 1483429ms] [LOG] [Fast Refresh] done in 2418ms @ http://localhost:3000/_next/static/chunks/node_modules_next_dist_1e8vcs8._.js:776
[ 1483532ms] [LOG] [Fast Refresh] done in 2418ms @ http://localhost:3000/_next/static/chunks/node_modules_next_dist_1e8vcs8._.js:776
[ 1483624ms] [LOG] [Fast Refresh] done in 2418ms @ http://localhost:3000/_next/static/chunks/node_modules_next_dist_1e8vcs8._.js:776
[ 1483740ms] [LOG] [Fast Refresh] done in 2418ms @ http://localhost:3000/_next/static/chunks/node_modules_next_dist_1e8vcs8._.js:776
[ 1483832ms] [LOG] [Fast Refresh] done in 2418ms @ http://localhost:3000/_next/static/chunks/node_modules_next_dist_1e8vcs8._.js:776
[ 1483929ms] [LOG] [Fast Refresh] done in 2418ms @ http://localhost:3000/_next/static/chunks/node_modules_next_dist_1e8vcs8._.js:776
[ 1484003ms] [LOG] [Fast Refresh] done in 2418ms @ http://localhost:3000/_next/static/chunks/node_modules_next_dist_1e8vcs8._.js:776
[ 1484083ms] [LOG] [Fast Refresh] done in 2418ms @ http://localhost:3000/_next/static/chunks/node_modules_next_dist_1e8vcs8._.js:776
[ 1484181ms] [LOG] [Fast Refresh] done in 2418ms @ http://localhost:3000/_next/static/chunks/node_modules_next_dist_1e8vcs8._.js:776
[ 1484441ms] [LOG] [Fast Refresh] rebuilding @ http://localhost:3000/_next/static/chunks/node_modules_next_dist_1e8vcs8._.js:776
[ 1485039ms] [LOG] [Fast Refresh] done in 698ms @ http://localhost:3000/_next/static/chunks/node_modules_next_dist_1e8vcs8._.js:776
[ 1495832ms] [LOG] [Fast Refresh] rebuilding @ http://localhost:3000/_next/static/chunks/node_modules_next_dist_1e8vcs8._.js:776
[ 1496415ms] [LOG] [Fast Refresh] done in 690ms @ http://localhost:3000/_next/static/chunks/node_modules_next_dist_1e8vcs8._.js:776
[ 1505575ms] [LOG] [Fast Refresh] rebuilding @ http://localhost:3000/_next/static/chunks/node_modules_next_dist_1e8vcs8._.js:776
[ 1506853ms] [LOG] [Fast Refresh] done in 1085ms @ http://localhost:3000/_next/static/chunks/node_modules_next_dist_1e8vcs8._.js:776
[ 1506939ms] [LOG] [Fast Refresh] done in 1085ms @ http://localhost:3000/_next/static/chunks/node_modules_next_dist_1e8vcs8._.js:776
[ 1507157ms] [LOG] [Fast Refresh] done in 1085ms @ http://localhost:3000/_next/static/chunks/node_modules_next_dist_1e8vcs8._.js:776
[ 1507231ms] [LOG] [Fast Refresh] done in 1085ms @ http://localhost:3000/_next/static/chunks/node_modules_next_dist_1e8vcs8._.js:776
[ 1507358ms] [LOG] [Fast Refresh] done in 1085ms @ http://localhost:3000/_next/static/chunks/node_modules_next_dist_1e8vcs8._.js:776
[ 1507465ms] [LOG] [Fast Refresh] done in 1085ms @ http://localhost:3000/_next/static/chunks/node_modules_next_dist_1e8vcs8._.js:776
[ 1507609ms] [LOG] [Fast Refresh] done in 1085ms @ http://localhost:3000/_next/static/chunks/node_modules_next_dist_1e8vcs8._.js:776
[ 1507701ms] [LOG] [Fast Refresh] done in 1085ms @ http://localhost:3000/_next/static/chunks/node_modules_next_dist_1e8vcs8._.js:776
[ 1507798ms] [LOG] [Fast Refresh] done in 1085ms @ http://localhost:3000/_next/static/chunks/node_modules_next_dist_1e8vcs8._.js:776
[ 1507885ms] [LOG] [Fast Refresh] done in 1085ms @ http://localhost:3000/_next/static/chunks/node_modules_next_dist_1e8vcs8._.js:776
[ 1508009ms] [LOG] [Fast Refresh] done in 1085ms @ http://localhost:3000/_next/static/chunks/node_modules_next_dist_1e8vcs8._.js:776
[ 1508116ms] [LOG] [Fast Refresh] done in 1085ms @ http://localhost:3000/_next/static/chunks/node_modules_next_dist_1e8vcs8._.js:776
[ 1508228ms] [LOG] [Fast Refresh] done in 1085ms @ http://localhost:3000/_next/static/chunks/node_modules_next_dist_1e8vcs8._.js:776
[ 1508350ms] [LOG] [Fast Refresh] done in 1085ms @ http://localhost:3000/_next/static/chunks/node_modules_next_dist_1e8vcs8._.js:776
[ 1508462ms] [LOG] [Fast Refresh] done in 1085ms @ http://localhost:3000/_next/static/chunks/node_modules_next_dist_1e8vcs8._.js:776
[ 1508554ms] [LOG] [Fast Refresh] done in 1085ms @ http://localhost:3000/_next/static/chunks/node_modules_next_dist_1e8vcs8._.js:776
[ 1508653ms] [LOG] [Fast Refresh] done in 1085ms @ http://localhost:3000/_next/static/chunks/node_modules_next_dist_1e8vcs8._.js:776
[ 1508735ms] [LOG] [Fast Refresh] done in 1085ms @ http://localhost:3000/_next/static/chunks/node_modules_next_dist_1e8vcs8._.js:776
[ 1508843ms] [LOG] [Fast Refresh] done in 1085ms @ http://localhost:3000/_next/static/chunks/node_modules_next_dist_1e8vcs8._.js:776
[ 1508970ms] [LOG] [Fast Refresh] done in 1085ms @ http://localhost:3000/_next/static/chunks/node_modules_next_dist_1e8vcs8._.js:776
[ 1509081ms] [LOG] [Fast Refresh] done in 1085ms @ http://localhost:3000/_next/static/chunks/node_modules_next_dist_1e8vcs8._.js:776
[ 1509151ms] [LOG] [Fast Refresh] done in 1085ms @ http://localhost:3000/_next/static/chunks/node_modules_next_dist_1e8vcs8._.js:776
[ 1509249ms] [LOG] [Fast Refresh] done in 1085ms @ http://localhost:3000/_next/static/chunks/node_modules_next_dist_1e8vcs8._.js:776
[ 1509383ms] [LOG] [Fast Refresh] done in 1085ms @ http://localhost:3000/_next/static/chunks/node_modules_next_dist_1e8vcs8._.js:776
[ 1509490ms] [LOG] [Fast Refresh] done in 1085ms @ http://localhost:3000/_next/static/chunks/node_modules_next_dist_1e8vcs8._.js:776
[ 1509600ms] [LOG] [Fast Refresh] done in 1085ms @ http://localhost:3000/_next/static/chunks/node_modules_next_dist_1e8vcs8._.js:776
[ 1509713ms] [LOG] [Fast Refresh] done in 1085ms @ http://localhost:3000/_next/static/chunks/node_modules_next_dist_1e8vcs8._.js:776
[ 1509805ms] [LOG] [Fast Refresh] done in 1085ms @ http://localhost:3000/_next/static/chunks/node_modules_next_dist_1e8vcs8._.js:776
[ 1509907ms] [LOG] [Fast Refresh] done in 1085ms @ http://localhost:3000/_next/static/chunks/node_modules_next_dist_1e8vcs8._.js:776
[ 1510012ms] [LOG] [Fast Refresh] done in 1085ms @ http://localhost:3000/_next/static/chunks/node_modules_next_dist_1e8vcs8._.js:776
[ 1510111ms] [LOG] [Fast Refresh] done in 1085ms @ http://localhost:3000/_next/static/chunks/node_modules_next_dist_1e8vcs8._.js:776
[ 1510234ms] [LOG] [Fast Refresh] done in 1085ms @ http://localhost:3000/_next/static/chunks/node_modules_next_dist_1e8vcs8._.js:776
[ 1510332ms] [LOG] [Fast Refresh] done in 1085ms @ http://localhost:3000/_next/static/chunks/node_modules_next_dist_1e8vcs8._.js:776
[ 1510492ms] [LOG] [Fast Refresh] done in 1085ms @ http://localhost:3000/_next/static/chunks/node_modules_next_dist_1e8vcs8._.js:776
[ 1510623ms] [LOG] [Fast Refresh] done in 1085ms @ http://localhost:3000/_next/static/chunks/node_modules_next_dist_1e8vcs8._.js:776
[ 1510714ms] [LOG] [Fast Refresh] done in 1085ms @ http://localhost:3000/_next/static/chunks/node_modules_next_dist_1e8vcs8._.js:776
[ 1510858ms] [LOG] [Fast Refresh] done in 1085ms @ http://localhost:3000/_next/static/chunks/node_modules_next_dist_1e8vcs8._.js:776
[ 1510961ms] [LOG] [Fast Refresh] done in 1085ms @ http://localhost:3000/_next/static/chunks/node_modules_next_dist_1e8vcs8._.js:776
[ 1511099ms] [LOG] [Fast Refresh] done in 1085ms @ http://localhost:3000/_next/static/chunks/node_modules_next_dist_1e8vcs8._.js:776
[ 1511195ms] [LOG] [Fast Refresh] done in 1085ms @ http://localhost:3000/_next/static/chunks/node_modules_next_dist_1e8vcs8._.js:776
[ 1511324ms] [LOG] [Fast Refresh] done in 1085ms @ http://localhost:3000/_next/static/chunks/node_modules_next_dist_1e8vcs8._.js:776
[ 1511444ms] [LOG] [Fast Refresh] done in 1085ms @ http://localhost:3000/_next/static/chunks/node_modules_next_dist_1e8vcs8._.js:776
[ 1511546ms] [LOG] [Fast Refresh] done in 1085ms @ http://localhost:3000/_next/static/chunks/node_modules_next_dist_1e8vcs8._.js:776
[ 1511691ms] [LOG] [Fast Refresh] done in 1085ms @ http://localhost:3000/_next/static/chunks/node_modules_next_dist_1e8vcs8._.js:776
[ 1511803ms] [LOG] [Fast Refresh] done in 1085ms @ http://localhost:3000/_next/static/chunks/node_modules_next_dist_1e8vcs8._.js:776
[ 1511913ms] [LOG] [Fast Refresh] done in 1085ms @ http://localhost:3000/_next/static/chunks/node_modules_next_dist_1e8vcs8._.js:776
[ 1512022ms] [LOG] [Fast Refresh] done in 1085ms @ http://localhost:3000/_next/static/chunks/node_modules_next_dist_1e8vcs8._.js:776
[ 1512128ms] [LOG] [Fast Refresh] done in 1085ms @ http://localhost:3000/_next/static/chunks/node_modules_next_dist_1e8vcs8._.js:776
[ 1512214ms] [LOG] [Fast Refresh] done in 1085ms @ http://localhost:3000/_next/static/chunks/node_modules_next_dist_1e8vcs8._.js:776
[ 1512315ms] [LOG] [Fast Refresh] done in 1085ms @ http://localhost:3000/_next/static/chunks/node_modules_next_dist_1e8vcs8._.js:776
[ 1512402ms] [LOG] [Fast Refresh] done in 1085ms @ http://localhost:3000/_next/static/chunks/node_modules_next_dist_1e8vcs8._.js:776
[ 1512504ms] [LOG] [Fast Refresh] done in 1085ms @ http://localhost:3000/_next/static/chunks/node_modules_next_dist_1e8vcs8._.js:776
[ 1512618ms] [LOG] [Fast Refresh] done in 1085ms @ http://localhost:3000/_next/static/chunks/node_modules_next_dist_1e8vcs8._.js:776
[ 1512730ms] [LOG] [Fast Refresh] done in 1085ms @ http://localhost:3000/_next/static/chunks/node_modules_next_dist_1e8vcs8._.js:776
[ 1512889ms] [LOG] [Fast Refresh] done in 1085ms @ http://localhost:3000/_next/static/chunks/node_modules_next_dist_1e8vcs8._.js:776
[ 1512977ms] [LOG] [Fast Refresh] done in 1085ms @ http://localhost:3000/_next/static/chunks/node_modules_next_dist_1e8vcs8._.js:776
[ 1513095ms] [LOG] [Fast Refresh] done in 1085ms @ http://localhost:3000/_next/static/chunks/node_modules_next_dist_1e8vcs8._.js:776
[ 1513199ms] [LOG] [Fast Refresh] done in 1085ms @ http://localhost:3000/_next/static/chunks/node_modules_next_dist_1e8vcs8._.js:776
[ 1513302ms] [LOG] [Fast Refresh] done in 1085ms @ http://localhost:3000/_next/static/chunks/node_modules_next_dist_1e8vcs8._.js:776
[ 1513409ms] [LOG] [Fast Refresh] done in 1085ms @ http://localhost:3000/_next/static/chunks/node_modules_next_dist_1e8vcs8._.js:776
[ 1513536ms] [LOG] [Fast Refresh] done in 1085ms @ http://localhost:3000/_next/static/chunks/node_modules_next_dist_1e8vcs8._.js:776
[ 1513679ms] [LOG] [Fast Refresh] done in 1085ms @ http://localhost:3000/_next/static/chunks/node_modules_next_dist_1e8vcs8._.js:776
[ 1513797ms] [LOG] [Fast Refresh] done in 1085ms @ http://localhost:3000/_next/static/chunks/node_modules_next_dist_1e8vcs8._.js:776
[ 1513916ms] [LOG] [Fast Refresh] done in 1085ms @ http://localhost:3000/_next/static/chunks/node_modules_next_dist_1e8vcs8._.js:776
[ 1513988ms] [LOG] [Fast Refresh] done in 1085ms @ http://localhost:3000/_next/static/chunks/node_modules_next_dist_1e8vcs8._.js:776
[ 1514125ms] [LOG] [Fast Refresh] done in 1085ms @ http://localhost:3000/_next/static/chunks/node_modules_next_dist_1e8vcs8._.js:776
[ 1514229ms] [LOG] [Fast Refresh] done in 1085ms @ http://localhost:3000/_next/static/chunks/node_modules_next_dist_1e8vcs8._.js:776
[ 1514333ms] [LOG] [Fast Refresh] done in 1085ms @ http://localhost:3000/_next/static/chunks/node_modules_next_dist_1e8vcs8._.js:776
[ 1514412ms] [LOG] [Fast Refresh] done in 1085ms @ http://localhost:3000/_next/static/chunks/node_modules_next_dist_1e8vcs8._.js:776
[ 1514542ms] [LOG] [Fast Refresh] done in 1085ms @ http://localhost:3000/_next/static/chunks/node_modules_next_dist_1e8vcs8._.js:776
[ 1514625ms] [LOG] [Fast Refresh] done in 1085ms @ http://localhost:3000/_next/static/chunks/node_modules_next_dist_1e8vcs8._.js:776
[ 1514722ms] [LOG] [Fast Refresh] done in 1085ms @ http://localhost:3000/_next/static/chunks/node_modules_next_dist_1e8vcs8._.js:776
[ 1514857ms] [LOG] [Fast Refresh] done in 1085ms @ http://localhost:3000/_next/static/chunks/node_modules_next_dist_1e8vcs8._.js:776
[ 1514988ms] [LOG] [Fast Refresh] done in 1085ms @ http://localhost:3000/_next/static/chunks/node_modules_next_dist_1e8vcs8._.js:776
[ 1515097ms] [LOG] [Fast Refresh] done in 1085ms @ http://localhost:3000/_next/static/chunks/node_modules_next_dist_1e8vcs8._.js:776
[ 1515215ms] [LOG] [Fast Refresh] done in 1085ms @ http://localhost:3000/_next/static/chunks/node_modules_next_dist_1e8vcs8._.js:776
[ 1515322ms] [LOG] [Fast Refresh] done in 1085ms @ http://localhost:3000/_next/static/chunks/node_modules_next_dist_1e8vcs8._.js:776
[ 1515455ms] [LOG] [Fast Refresh] done in 1085ms @ http://localhost:3000/_next/static/chunks/node_modules_next_dist_1e8vcs8._.js:776
[ 1515534ms] [LOG] [Fast Refresh] done in 1085ms @ http://localhost:3000/_next/static/chunks/node_modules_next_dist_1e8vcs8._.js:776
[ 1515623ms] [LOG] [Fast Refresh] done in 1085ms @ http://localhost:3000/_next/static/chunks/node_modules_next_dist_1e8vcs8._.js:776
[ 1515721ms] [LOG] [Fast Refresh] done in 1085ms @ http://localhost:3000/_next/static/chunks/node_modules_next_dist_1e8vcs8._.js:776
[ 1515832ms] [LOG] [Fast Refresh] done in 1085ms @ http://localhost:3000/_next/static/chunks/node_modules_next_dist_1e8vcs8._.js:776
[ 1515944ms] [LOG] [Fast Refresh] done in 1085ms @ http://localhost:3000/_next/static/chunks/node_modules_next_dist_1e8vcs8._.js:776
[ 1516072ms] [LOG] [Fast Refresh] done in 1085ms @ http://localhost:3000/_next/static/chunks/node_modules_next_dist_1e8vcs8._.js:776
[ 1516188ms] [LOG] [Fast Refresh] done in 1085ms @ http://localhost:3000/_next/static/chunks/node_modules_next_dist_1e8vcs8._.js:776
[ 1516282ms] [LOG] [Fast Refresh] done in 1085ms @ http://localhost:3000/_next/static/chunks/node_modules_next_dist_1e8vcs8._.js:776
[ 1516371ms] [LOG] [Fast Refresh] done in 1085ms @ http://localhost:3000/_next/static/chunks/node_modules_next_dist_1e8vcs8._.js:776
[ 1516478ms] [LOG] [Fast Refresh] done in 1085ms @ http://localhost:3000/_next/static/chunks/node_modules_next_dist_1e8vcs8._.js:776
[ 1516593ms] [LOG] [Fast Refresh] done in 1085ms @ http://localhost:3000/_next/static/chunks/node_modules_next_dist_1e8vcs8._.js:776
[ 1516670ms] [LOG] [Fast Refresh] done in 1085ms @ http://localhost:3000/_next/static/chunks/node_modules_next_dist_1e8vcs8._.js:776
[ 1516806ms] [LOG] [Fast Refresh] done in 1085ms @ http://localhost:3000/_next/static/chunks/node_modules_next_dist_1e8vcs8._.js:776
[ 1516930ms] [LOG] [Fast Refresh] done in 1085ms @ http://localhost:3000/_next/static/chunks/node_modules_next_dist_1e8vcs8._.js:776
[ 1517033ms] [LOG] [Fast Refresh] done in 1085ms @ http://localhost:3000/_next/static/chunks/node_modules_next_dist_1e8vcs8._.js:776
[ 1517176ms] [LOG] [Fast Refresh] done in 1085ms @ http://localhost:3000/_next/static/chunks/node_modules_next_dist_1e8vcs8._.js:776
[ 1517275ms] [LOG] [Fast Refresh] done in 1085ms @ http://localhost:3000/_next/static/chunks/node_modules_next_dist_1e8vcs8._.js:776
[ 1517431ms] [LOG] [Fast Refresh] done in 1085ms @ http://localhost:3000/_next/static/chunks/node_modules_next_dist_1e8vcs8._.js:776
[ 1517521ms] [LOG] [Fast Refresh] done in 1085ms @ http://localhost:3000/_next/static/chunks/node_modules_next_dist_1e8vcs8._.js:776
[ 1517657ms] [LOG] [Fast Refresh] done in 1085ms @ http://localhost:3000/_next/static/chunks/node_modules_next_dist_1e8vcs8._.js:776
[ 1517743ms] [LOG] [Fast Refresh] done in 1085ms @ http://localhost:3000/_next/static/chunks/node_modules_next_dist_1e8vcs8._.js:776
[ 1517860ms] [LOG] [Fast Refresh] done in 1085ms @ http://localhost:3000/_next/static/chunks/node_modules_next_dist_1e8vcs8._.js:776
[ 1517975ms] [LOG] [Fast Refresh] done in 1085ms @ http://localhost:3000/_next/static/chunks/node_modules_next_dist_1e8vcs8._.js:776
[ 1518076ms] [LOG] [Fast Refresh] done in 1085ms @ http://localhost:3000/_next/static/chunks/node_modules_next_dist_1e8vcs8._.js:776
[ 1518203ms] [LOG] [Fast Refresh] done in 1085ms @ http://localhost:3000/_next/static/chunks/node_modules_next_dist_1e8vcs8._.js:776
[ 1518311ms] [LOG] [Fast Refresh] done in 1085ms @ http://localhost:3000/_next/static/chunks/node_modules_next_dist_1e8vcs8._.js:776
[ 1518415ms] [LOG] [Fast Refresh] done in 1085ms @ http://localhost:3000/_next/static/chunks/node_modules_next_dist_1e8vcs8._.js:776
[ 1518493ms] [LOG] [Fast Refresh] done in 1085ms @ http://localhost:3000/_next/static/chunks/node_modules_next_dist_1e8vcs8._.js:776
[ 1518591ms] [LOG] [Fast Refresh] done in 1085ms @ http://localhost:3000/_next/static/chunks/node_modules_next_dist_1e8vcs8._.js:776
[ 1518682ms] [LOG] [Fast Refresh] done in 1085ms @ http://localhost:3000/_next/static/chunks/node_modules_next_dist_1e8vcs8._.js:776
[ 1518763ms] [LOG] [Fast Refresh] done in 1085ms @ http://localhost:3000/_next/static/chunks/node_modules_next_dist_1e8vcs8._.js:776
[ 1518818ms] [LOG] [Fast Refresh] done in 1085ms @ http://localhost:3000/_next/static/chunks/node_modules_next_dist_1e8vcs8._.js:776
[ 1518930ms] [LOG] [Fast Refresh] done in 1085ms @ http://localhost:3000/_next/static/chunks/node_modules_next_dist_1e8vcs8._.js:776
[ 1519017ms] [LOG] [Fast Refresh] done in 1085ms @ http://localhost:3000/_next/static/chunks/node_modules_next_dist_1e8vcs8._.js:776
[ 1519121ms] [LOG] [Fast Refresh] done in 1085ms @ http://localhost:3000/_next/static/chunks/node_modules_next_dist_1e8vcs8._.js:776
[ 1519203ms] [LOG] [Fast Refresh] done in 1085ms @ http://localhost:3000/_next/static/chunks/node_modules_next_dist_1e8vcs8._.js:776
[ 1519277ms] [LOG] [Fast Refresh] done in 1085ms @ http://localhost:3000/_next/static/chunks/node_modules_next_dist_1e8vcs8._.js:776
[ 1519365ms] [LOG] [Fast Refresh] done in 1085ms @ http://localhost:3000/_next/static/chunks/node_modules_next_dist_1e8vcs8._.js:776
[ 1519455ms] [LOG] [Fast Refresh] done in 1085ms @ http://localhost:3000/_next/static/chunks/node_modules_next_dist_1e8vcs8._.js:776
[ 1519523ms] [LOG] [Fast Refresh] done in 1085ms @ http://localhost:3000/_next/static/chunks/node_modules_next_dist_1e8vcs8._.js:776
[ 1519631ms] [LOG] [Fast Refresh] done in 1085ms @ http://localhost:3000/_next/static/chunks/node_modules_next_dist_1e8vcs8._.js:776
[ 1519726ms] [LOG] [Fast Refresh] done in 1085ms @ http://localhost:3000/_next/static/chunks/node_modules_next_dist_1e8vcs8._.js:776
[ 1519794ms] [LOG] [Fast Refresh] done in 1085ms @ http://localhost:3000/_next/static/chunks/node_modules_next_dist_1e8vcs8._.js:776
[ 1519886ms] [LOG] [Fast Refresh] done in 1085ms @ http://localhost:3000/_next/static/chunks/node_modules_next_dist_1e8vcs8._.js:776
[ 1520001ms] [LOG] [Fast Refresh] done in 1085ms @ http://localhost:3000/_next/static/chunks/node_modules_next_dist_1e8vcs8._.js:776
[ 1520087ms] [LOG] [Fast Refresh] done in 1085ms @ http://localhost:3000/_next/static/chunks/node_modules_next_dist_1e8vcs8._.js:776
[ 1520179ms] [LOG] [Fast Refresh] done in 1085ms @ http://localhost:3000/_next/static/chunks/node_modules_next_dist_1e8vcs8._.js:776
[ 1520268ms] [LOG] [Fast Refresh] done in 1085ms @ http://localhost:3000/_next/static/chunks/node_modules_next_dist_1e8vcs8._.js:776
[ 1520355ms] [LOG] [Fast Refresh] done in 1085ms @ http://localhost:3000/_next/static/chunks/node_modules_next_dist_1e8vcs8._.js:776
[ 1520428ms] [LOG] [Fast Refresh] done in 1085ms @ http://localhost:3000/_next/static/chunks/node_modules_next_dist_1e8vcs8._.js:776
[ 1520501ms] [LOG] [Fast Refresh] done in 1085ms @ http://localhost:3000/_next/static/chunks/node_modules_next_dist_1e8vcs8._.js:776
[ 1520592ms] [LOG] [Fast Refresh] done in 1085ms @ http://localhost:3000/_next/static/chunks/node_modules_next_dist_1e8vcs8._.js:776
[ 1520674ms] [LOG] [Fast Refresh] done in 1085ms @ http://localhost:3000/_next/static/chunks/node_modules_next_dist_1e8vcs8._.js:776
[ 1520796ms] [LOG] [Fast Refresh] done in 1085ms @ http://localhost:3000/_next/static/chunks/node_modules_next_dist_1e8vcs8._.js:776
[ 1520892ms] [LOG] [Fast Refresh] done in 1085ms @ http://localhost:3000/_next/static/chunks/node_modules_next_dist_1e8vcs8._.js:776
[ 1520952ms] [LOG] [Fast Refresh] done in 1085ms @ http://localhost:3000/_next/static/chunks/node_modules_next_dist_1e8vcs8._.js:776
[ 1521047ms] [LOG] [Fast Refresh] done in 1085ms @ http://localhost:3000/_next/static/chunks/node_modules_next_dist_1e8vcs8._.js:776
[ 1521125ms] [LOG] [Fast Refresh] done in 1085ms @ http://localhost:3000/_next/static/chunks/node_modules_next_dist_1e8vcs8._.js:776
[ 1521192ms] [LOG] [Fast Refresh] done in 1085ms @ http://localhost:3000/_next/static/chunks/node_modules_next_dist_1e8vcs8._.js:776
[ 1521307ms] [LOG] [Fast Refresh] done in 1085ms @ http://localhost:3000/_next/static/chunks/node_modules_next_dist_1e8vcs8._.js:776
[ 1521391ms] [LOG] [Fast Refresh] done in 1085ms @ http://localhost:3000/_next/static/chunks/node_modules_next_dist_1e8vcs8._.js:776
[ 1521532ms] [LOG] [Fast Refresh] done in 1085ms @ http://localhost:3000/_next/static/chunks/node_modules_next_dist_1e8vcs8._.js:776
[ 1521657ms] [LOG] [Fast Refresh] done in 1085ms @ http://localhost:3000/_next/static/chunks/node_modules_next_dist_1e8vcs8._.js:776
[ 1521808ms] [LOG] [Fast Refresh] done in 1085ms @ http://localhost:3000/_next/static/chunks/node_modules_next_dist_1e8vcs8._.js:776
[ 1521955ms] [LOG] [Fast Refresh] done in 1085ms @ http://localhost:3000/_next/static/chunks/node_modules_next_dist_1e8vcs8._.js:776
[ 1522091ms] [LOG] [Fast Refresh] done in 1085ms @ http://localhost:3000/_next/static/chunks/node_modules_next_dist_1e8vcs8._.js:776
[ 1522176ms] [LOG] [Fast Refresh] done in 1085ms @ http://localhost:3000/_next/static/chunks/node_modules_next_dist_1e8vcs8._.js:776
[ 1522304ms] [LOG] [Fast Refresh] done in 1085ms @ http://localhost:3000/_next/static/chunks/node_modules_next_dist_1e8vcs8._.js:776
[ 1522382ms] [LOG] [Fast Refresh] done in 1085ms @ http://localhost:3000/_next/static/chunks/node_modules_next_dist_1e8vcs8._.js:776
[ 1522472ms] [LOG] [Fast Refresh] done in 1085ms @ http://localhost:3000/_next/static/chunks/node_modules_next_dist_1e8vcs8._.js:776
[ 1522530ms] [LOG] [Fast Refresh] done in 1085ms @ http://localhost:3000/_next/static/chunks/node_modules_next_dist_1e8vcs8._.js:776
[ 1522622ms] [LOG] [Fast Refresh] done in 1085ms @ http://localhost:3000/_next/static/chunks/node_modules_next_dist_1e8vcs8._.js:776
[ 1522717ms] [LOG] [Fast Refresh] done in 1085ms @ http://localhost:3000/_next/static/chunks/node_modules_next_dist_1e8vcs8._.js:776
[ 1522819ms] [LOG] [Fast Refresh] done in 1085ms @ http://localhost:3000/_next/static/chunks/node_modules_next_dist_1e8vcs8._.js:776
[ 1522973ms] [LOG] [Fast Refresh] done in 1085ms @ http://localhost:3000/_next/static/chunks/node_modules_next_dist_1e8vcs8._.js:776
[ 1523096ms] [LOG] [Fast Refresh] done in 1085ms @ http://localhost:3000/_next/static/chunks/node_modules_next_dist_1e8vcs8._.js:776
[ 1523194ms] [LOG] [Fast Refresh] done in 1085ms @ http://localhost:3000/_next/static/chunks/node_modules_next_dist_1e8vcs8._.js:776
[ 1523321ms] [LOG] [Fast Refresh] done in 1085ms @ http://localhost:3000/_next/static/chunks/node_modules_next_dist_1e8vcs8._.js:776
[ 1523436ms] [LOG] [Fast Refresh] done in 1085ms @ http://localhost:3000/_next/static/chunks/node_modules_next_dist_1e8vcs8._.js:776
[ 1523546ms] [LOG] [Fast Refresh] done in 1085ms @ http://localhost:3000/_next/static/chunks/node_modules_next_dist_1e8vcs8._.js:776
[ 1523657ms] [LOG] [Fast Refresh] done in 1085ms @ http://localhost:3000/_next/static/chunks/node_modules_next_dist_1e8vcs8._.js:776
[ 1523734ms] [LOG] [Fast Refresh] done in 1085ms @ http://localhost:3000/_next/static/chunks/node_modules_next_dist_1e8vcs8._.js:776
[ 1523831ms] [LOG] [Fast Refresh] done in 1085ms @ http://localhost:3000/_next/static/chunks/node_modules_next_dist_1e8vcs8._.js:776
[ 1523929ms] [LOG] [Fast Refresh] done in 1085ms @ http://localhost:3000/_next/static/chunks/node_modules_next_dist_1e8vcs8._.js:776
[ 1524048ms] [LOG] [Fast Refresh] done in 1085ms @ http://localhost:3000/_next/static/chunks/node_modules_next_dist_1e8vcs8._.js:776
[ 1524181ms] [LOG] [Fast Refresh] done in 1085ms @ http://localhost:3000/_next/static/chunks/node_modules_next_dist_1e8vcs8._.js:776
[ 1524422ms] [LOG] [Fast Refresh] rebuilding @ http://localhost:3000/_next/static/chunks/node_modules_next_dist_1e8vcs8._.js:776
[ 1524966ms] [LOG] [Fast Refresh] done in 634ms @ http://localhost:3000/_next/static/chunks/node_modules_next_dist_1e8vcs8._.js:776
[ 1543625ms] [LOG] [Fast Refresh] rebuilding @ http://localhost:3000/_next/static/chunks/node_modules_next_dist_1e8vcs8._.js:776
[ 1545039ms] [LOG] [Fast Refresh] done in 1521ms @ http://localhost:3000/_next/static/chunks/node_modules_next_dist_1e8vcs8._.js:776
[ 1568739ms] [LOG] [Fast Refresh] rebuilding @ http://localhost:3000/_next/static/chunks/node_modules_next_dist_1e8vcs8._.js:776
[ 1570352ms] [LOG] [Fast Refresh] done in 1480ms @ http://localhost:3000/_next/static/chunks/node_modules_next_dist_1e8vcs8._.js:776
[ 1580172ms] [LOG] [Fast Refresh] rebuilding @ http://localhost:3000/_next/static/chunks/node_modules_next_dist_1e8vcs8._.js:776
[ 1581545ms] [LOG] [Fast Refresh] done in 1375ms @ http://localhost:3000/_next/static/chunks/node_modules_next_dist_1e8vcs8._.js:776
[ 1581859ms] [LOG] [Fast Refresh] done in 1375ms @ http://localhost:3000/_next/static/chunks/node_modules_next_dist_1e8vcs8._.js:776
[ 1581963ms] [LOG] [Fast Refresh] done in 1375ms @ http://localhost:3000/_next/static/chunks/node_modules_next_dist_1e8vcs8._.js:776
[ 1582109ms] [LOG] [Fast Refresh] done in 1375ms @ http://localhost:3000/_next/static/chunks/node_modules_next_dist_1e8vcs8._.js:776
[ 1582190ms] [LOG] [Fast Refresh] done in 1375ms @ http://localhost:3000/_next/static/chunks/node_modules_next_dist_1e8vcs8._.js:776
[ 1582313ms] [LOG] [Fast Refresh] done in 1375ms @ http://localhost:3000/_next/static/chunks/node_modules_next_dist_1e8vcs8._.js:776
[ 1582431ms] [LOG] [Fast Refresh] done in 1375ms @ http://localhost:3000/_next/static/chunks/node_modules_next_dist_1e8vcs8._.js:776
[ 1582555ms] [LOG] [Fast Refresh] done in 1375ms @ http://localhost:3000/_next/static/chunks/node_modules_next_dist_1e8vcs8._.js:776
[ 1582701ms] [LOG] [Fast Refresh] done in 1375ms @ http://localhost:3000/_next/static/chunks/node_modules_next_dist_1e8vcs8._.js:776
[ 1582827ms] [LOG] [Fast Refresh] done in 1375ms @ http://localhost:3000/_next/static/chunks/node_modules_next_dist_1e8vcs8._.js:776
[ 1582938ms] [LOG] [Fast Refresh] done in 1375ms @ http://localhost:3000/_next/static/chunks/node_modules_next_dist_1e8vcs8._.js:776
[ 1583092ms] [LOG] [Fast Refresh] done in 1375ms @ http://localhost:3000/_next/static/chunks/node_modules_next_dist_1e8vcs8._.js:776
[ 1583186ms] [LOG] [Fast Refresh] done in 1375ms @ http://localhost:3000/_next/static/chunks/node_modules_next_dist_1e8vcs8._.js:776
[ 1583298ms] [LOG] [Fast Refresh] done in 1375ms @ http://localhost:3000/_next/static/chunks/node_modules_next_dist_1e8vcs8._.js:776
[ 1583400ms] [LOG] [Fast Refresh] done in 1375ms @ http://localhost:3000/_next/static/chunks/node_modules_next_dist_1e8vcs8._.js:776
[ 1583531ms] [LOG] [Fast Refresh] done in 1375ms @ http://localhost:3000/_next/static/chunks/node_modules_next_dist_1e8vcs8._.js:776
[ 1583610ms] [LOG] [Fast Refresh] done in 1375ms @ http://localhost:3000/_next/static/chunks/node_modules_next_dist_1e8vcs8._.js:776
[ 1583757ms] [LOG] [Fast Refresh] done in 1375ms @ http://localhost:3000/_next/static/chunks/node_modules_next_dist_1e8vcs8._.js:776
[ 1583862ms] [LOG] [Fast Refresh] done in 1375ms @ http://localhost:3000/_next/static/chunks/node_modules_next_dist_1e8vcs8._.js:776
[ 1583989ms] [LOG] [Fast Refresh] done in 1375ms @ http://localhost:3000/_next/static/chunks/node_modules_next_dist_1e8vcs8._.js:776
[ 1584087ms] [LOG] [Fast Refresh] done in 1375ms @ http://localhost:3000/_next/static/chunks/node_modules_next_dist_1e8vcs8._.js:776
[ 1584207ms] [LOG] [Fast Refresh] done in 1375ms @ http://localhost:3000/_next/static/chunks/node_modules_next_dist_1e8vcs8._.js:776
[ 1584306ms] [LOG] [Fast Refresh] done in 1375ms @ http://localhost:3000/_next/static/chunks/node_modules_next_dist_1e8vcs8._.js:776
[ 1584402ms] [LOG] [Fast Refresh] done in 1375ms @ http://localhost:3000/_next/static/chunks/node_modules_next_dist_1e8vcs8._.js:776
[ 1584490ms] [LOG] [Fast Refresh] done in 1375ms @ http://localhost:3000/_next/static/chunks/node_modules_next_dist_1e8vcs8._.js:776
[ 1584582ms] [LOG] [Fast Refresh] done in 1375ms @ http://localhost:3000/_next/static/chunks/node_modules_next_dist_1e8vcs8._.js:776
[ 1584668ms] [LOG] [Fast Refresh] done in 1375ms @ http://localhost:3000/_next/static/chunks/node_modules_next_dist_1e8vcs8._.js:776
[ 1584756ms] [LOG] [Fast Refresh] done in 1375ms @ http://localhost:3000/_next/static/chunks/node_modules_next_dist_1e8vcs8._.js:776
[ 1584844ms] [LOG] [Fast Refresh] done in 1375ms @ http://localhost:3000/_next/static/chunks/node_modules_next_dist_1e8vcs8._.js:776
[ 1584928ms] [LOG] [Fast Refresh] done in 1375ms @ http://localhost:3000/_next/static/chunks/node_modules_next_dist_1e8vcs8._.js:776
[ 1585030ms] [LOG] [Fast Refresh] done in 1375ms @ http://localhost:3000/_next/static/chunks/node_modules_next_dist_1e8vcs8._.js:776
[ 1585129ms] [LOG] [Fast Refresh] done in 1375ms @ http://localhost:3000/_next/static/chunks/node_modules_next_dist_1e8vcs8._.js:776
[ 1585283ms] [LOG] [Fast Refresh] done in 1375ms @ http://localhost:3000/_next/static/chunks/node_modules_next_dist_1e8vcs8._.js:776
[ 1585377ms] [LOG] [Fast Refresh] done in 1375ms @ http://localhost:3000/_next/static/chunks/node_modules_next_dist_1e8vcs8._.js:776
[ 1585497ms] [LOG] [Fast Refresh] done in 1375ms @ http://localhost:3000/_next/static/chunks/node_modules_next_dist_1e8vcs8._.js:776
[ 1585591ms] [LOG] [Fast Refresh] done in 1375ms @ http://localhost:3000/_next/static/chunks/node_modules_next_dist_1e8vcs8._.js:776
[ 1585690ms] [LOG] [Fast Refresh] done in 1375ms @ http://localhost:3000/_next/static/chunks/node_modules_next_dist_1e8vcs8._.js:776
[ 1585806ms] [LOG] [Fast Refresh] done in 1375ms @ http://localhost:3000/_next/static/chunks/node_modules_next_dist_1e8vcs8._.js:776
[ 1585931ms] [LOG] [Fast Refresh] done in 1375ms @ http://localhost:3000/_next/static/chunks/node_modules_next_dist_1e8vcs8._.js:776
[ 1586017ms] [LOG] [Fast Refresh] done in 1375ms @ http://localhost:3000/_next/static/chunks/node_modules_next_dist_1e8vcs8._.js:776
[ 1586144ms] [LOG] [Fast Refresh] done in 1375ms @ http://localhost:3000/_next/static/chunks/node_modules_next_dist_1e8vcs8._.js:776
[ 1586213ms] [LOG] [Fast Refresh] done in 1375ms @ http://localhost:3000/_next/static/chunks/node_modules_next_dist_1e8vcs8._.js:776
[ 1586379ms] [LOG] [Fast Refresh] done in 1375ms @ http://localhost:3000/_next/static/chunks/node_modules_next_dist_1e8vcs8._.js:776
[ 1586495ms] [LOG] [Fast Refresh] done in 1375ms @ http://localhost:3000/_next/static/chunks/node_modules_next_dist_1e8vcs8._.js:776
[ 1586596ms] [LOG] [Fast Refresh] done in 1375ms @ http://localhost:3000/_next/static/chunks/node_modules_next_dist_1e8vcs8._.js:776
[ 1586695ms] [LOG] [Fast Refresh] done in 1375ms @ http://localhost:3000/_next/static/chunks/node_modules_next_dist_1e8vcs8._.js:776
[ 1586801ms] [LOG] [Fast Refresh] done in 1375ms @ http://localhost:3000/_next/static/chunks/node_modules_next_dist_1e8vcs8._.js:776
[ 1586898ms] [LOG] [Fast Refresh] done in 1375ms @ http://localhost:3000/_next/static/chunks/node_modules_next_dist_1e8vcs8._.js:776
[ 1586982ms] [LOG] [Fast Refresh] done in 1375ms @ http://localhost:3000/_next/static/chunks/node_modules_next_dist_1e8vcs8._.js:776
[ 1587104ms] [LOG] [Fast Refresh] done in 1375ms @ http://localhost:3000/_next/static/chunks/node_modules_next_dist_1e8vcs8._.js:776
[ 1587220ms] [LOG] [Fast Refresh] done in 1375ms @ http://localhost:3000/_next/static/chunks/node_modules_next_dist_1e8vcs8._.js:776
[ 1587297ms] [LOG] [Fast Refresh] done in 1375ms @ http://localhost:3000/_next/static/chunks/node_modules_next_dist_1e8vcs8._.js:776
[ 1587392ms] [LOG] [Fast Refresh] done in 1375ms @ http://localhost:3000/_next/static/chunks/node_modules_next_dist_1e8vcs8._.js:776
[ 1587507ms] [LOG] [Fast Refresh] done in 1375ms @ http://localhost:3000/_next/static/chunks/node_modules_next_dist_1e8vcs8._.js:776
[ 1587590ms] [LOG] [Fast Refresh] done in 1375ms @ http://localhost:3000/_next/static/chunks/node_modules_next_dist_1e8vcs8._.js:776
[ 1587694ms] [LOG] [Fast Refresh] done in 1375ms @ http://localhost:3000/_next/static/chunks/node_modules_next_dist_1e8vcs8._.js:776
[ 1587816ms] [LOG] [Fast Refresh] done in 1375ms @ http://localhost:3000/_next/static/chunks/node_modules_next_dist_1e8vcs8._.js:776
[ 1587923ms] [LOG] [Fast Refresh] done in 1375ms @ http://localhost:3000/_next/static/chunks/node_modules_next_dist_1e8vcs8._.js:776
[ 1588029ms] [LOG] [Fast Refresh] done in 1375ms @ http://localhost:3000/_next/static/chunks/node_modules_next_dist_1e8vcs8._.js:776
[ 1588140ms] [LOG] [Fast Refresh] done in 1375ms @ http://localhost:3000/_next/static/chunks/node_modules_next_dist_1e8vcs8._.js:776
[ 1588265ms] [LOG] [Fast Refresh] done in 1375ms @ http://localhost:3000/_next/static/chunks/node_modules_next_dist_1e8vcs8._.js:776
[ 1588409ms] [LOG] [Fast Refresh] done in 1375ms @ http://localhost:3000/_next/static/chunks/node_modules_next_dist_1e8vcs8._.js:776
[ 1588527ms] [LOG] [Fast Refresh] done in 1375ms @ http://localhost:3000/_next/static/chunks/node_modules_next_dist_1e8vcs8._.js:776
[ 1588720ms] [LOG] [Fast Refresh] done in 1375ms @ http://localhost:3000/_next/static/chunks/node_modules_next_dist_1e8vcs8._.js:776
[ 1588894ms] [LOG] [Fast Refresh] done in 1375ms @ http://localhost:3000/_next/static/chunks/node_modules_next_dist_1e8vcs8._.js:776
[ 1588964ms] [LOG] [Fast Refresh] done in 1375ms @ http://localhost:3000/_next/static/chunks/node_modules_next_dist_1e8vcs8._.js:776
[ 1589081ms] [LOG] [Fast Refresh] done in 1375ms @ http://localhost:3000/_next/static/chunks/node_modules_next_dist_1e8vcs8._.js:776
[ 1589197ms] [LOG] [Fast Refresh] done in 1375ms @ http://localhost:3000/_next/static/chunks/node_modules_next_dist_1e8vcs8._.js:776
[ 1589317ms] [LOG] [Fast Refresh] done in 1375ms @ http://localhost:3000/_next/static/chunks/node_modules_next_dist_1e8vcs8._.js:776
[ 1589428ms] [LOG] [Fast Refresh] done in 1375ms @ http://localhost:3000/_next/static/chunks/node_modules_next_dist_1e8vcs8._.js:776
[ 1589536ms] [LOG] [Fast Refresh] done in 1375ms @ http://localhost:3000/_next/static/chunks/node_modules_next_dist_1e8vcs8._.js:776
[ 1589647ms] [LOG] [Fast Refresh] done in 1375ms @ http://localhost:3000/_next/static/chunks/node_modules_next_dist_1e8vcs8._.js:776
[ 1589769ms] [LOG] [Fast Refresh] done in 1375ms @ http://localhost:3000/_next/static/chunks/node_modules_next_dist_1e8vcs8._.js:776
[ 1589866ms] [LOG] [Fast Refresh] done in 1375ms @ http://localhost:3000/_next/static/chunks/node_modules_next_dist_1e8vcs8._.js:776
[ 1590005ms] [LOG] [Fast Refresh] done in 1375ms @ http://localhost:3000/_next/static/chunks/node_modules_next_dist_1e8vcs8._.js:776
[ 1590096ms] [LOG] [Fast Refresh] done in 1375ms @ http://localhost:3000/_next/static/chunks/node_modules_next_dist_1e8vcs8._.js:776
[ 1590213ms] [LOG] [Fast Refresh] done in 1375ms @ http://localhost:3000/_next/static/chunks/node_modules_next_dist_1e8vcs8._.js:776
[ 1590299ms] [LOG] [Fast Refresh] done in 1375ms @ http://localhost:3000/_next/static/chunks/node_modules_next_dist_1e8vcs8._.js:776
[ 1590403ms] [LOG] [Fast Refresh] done in 1375ms @ http://localhost:3000/_next/static/chunks/node_modules_next_dist_1e8vcs8._.js:776
[ 1590474ms] [LOG] [Fast Refresh] done in 1375ms @ http://localhost:3000/_next/static/chunks/node_modules_next_dist_1e8vcs8._.js:776
[ 1590581ms] [LOG] [Fast Refresh] done in 1375ms @ http://localhost:3000/_next/static/chunks/node_modules_next_dist_1e8vcs8._.js:776
[ 1590711ms] [LOG] [Fast Refresh] done in 1375ms @ http://localhost:3000/_next/static/chunks/node_modules_next_dist_1e8vcs8._.js:776
[ 1590808ms] [LOG] [Fast Refresh] done in 1375ms @ http://localhost:3000/_next/static/chunks/node_modules_next_dist_1e8vcs8._.js:776
[ 1590953ms] [LOG] [Fast Refresh] done in 1375ms @ http://localhost:3000/_next/static/chunks/node_modules_next_dist_1e8vcs8._.js:776
[ 1591085ms] [LOG] [Fast Refresh] done in 1375ms @ http://localhost:3000/_next/static/chunks/node_modules_next_dist_1e8vcs8._.js:776
[ 1591199ms] [LOG] [Fast Refresh] done in 1375ms @ http://localhost:3000/_next/static/chunks/node_modules_next_dist_1e8vcs8._.js:776
[ 1591317ms] [LOG] [Fast Refresh] done in 1375ms @ http://localhost:3000/_next/static/chunks/node_modules_next_dist_1e8vcs8._.js:776
[ 1591379ms] [LOG] [Fast Refresh] done in 1375ms @ http://localhost:3000/_next/static/chunks/node_modules_next_dist_1e8vcs8._.js:776
[ 1591487ms] [LOG] [Fast Refresh] done in 1375ms @ http://localhost:3000/_next/static/chunks/node_modules_next_dist_1e8vcs8._.js:776
[ 1591599ms] [LOG] [Fast Refresh] done in 1375ms @ http://localhost:3000/_next/static/chunks/node_modules_next_dist_1e8vcs8._.js:776
[ 1591713ms] [LOG] [Fast Refresh] done in 1375ms @ http://localhost:3000/_next/static/chunks/node_modules_next_dist_1e8vcs8._.js:776
[ 1591843ms] [LOG] [Fast Refresh] done in 1375ms @ http://localhost:3000/_next/static/chunks/node_modules_next_dist_1e8vcs8._.js:776
[ 1591970ms] [LOG] [Fast Refresh] done in 1375ms @ http://localhost:3000/_next/static/chunks/node_modules_next_dist_1e8vcs8._.js:776
[ 1592079ms] [LOG] [Fast Refresh] done in 1375ms @ http://localhost:3000/_next/static/chunks/node_modules_next_dist_1e8vcs8._.js:776
[ 1592184ms] [LOG] [Fast Refresh] done in 1375ms @ http://localhost:3000/_next/static/chunks/node_modules_next_dist_1e8vcs8._.js:776
[ 1592286ms] [LOG] [Fast Refresh] done in 1375ms @ http://localhost:3000/_next/static/chunks/node_modules_next_dist_1e8vcs8._.js:776
[ 1592407ms] [LOG] [Fast Refresh] done in 1375ms @ http://localhost:3000/_next/static/chunks/node_modules_next_dist_1e8vcs8._.js:776
[ 1592489ms] [LOG] [Fast Refresh] done in 1375ms @ http://localhost:3000/_next/static/chunks/node_modules_next_dist_1e8vcs8._.js:776
[ 1592593ms] [LOG] [Fast Refresh] done in 1375ms @ http://localhost:3000/_next/static/chunks/node_modules_next_dist_1e8vcs8._.js:776
[ 1592701ms] [LOG] [Fast Refresh] done in 1375ms @ http://localhost:3000/_next/static/chunks/node_modules_next_dist_1e8vcs8._.js:776
[ 1592807ms] [LOG] [Fast Refresh] done in 1375ms @ http://localhost:3000/_next/static/chunks/node_modules_next_dist_1e8vcs8._.js:776
[ 1592904ms] [LOG] [Fast Refresh] done in 1375ms @ http://localhost:3000/_next/static/chunks/node_modules_next_dist_1e8vcs8._.js:776
[ 1592986ms] [LOG] [Fast Refresh] done in 1375ms @ http://localhost:3000/_next/static/chunks/node_modules_next_dist_1e8vcs8._.js:776
[ 1593104ms] [LOG] [Fast Refresh] done in 1375ms @ http://localhost:3000/_next/static/chunks/node_modules_next_dist_1e8vcs8._.js:776
[ 1593237ms] [LOG] [Fast Refresh] done in 1375ms @ http://localhost:3000/_next/static/chunks/node_modules_next_dist_1e8vcs8._.js:776
[ 1593321ms] [LOG] [Fast Refresh] done in 1375ms @ http://localhost:3000/_next/static/chunks/node_modules_next_dist_1e8vcs8._.js:776
[ 1593413ms] [LOG] [Fast Refresh] done in 1375ms @ http://localhost:3000/_next/static/chunks/node_modules_next_dist_1e8vcs8._.js:776
[ 1593505ms] [LOG] [Fast Refresh] done in 1375ms @ http://localhost:3000/_next/static/chunks/node_modules_next_dist_1e8vcs8._.js:776
[ 1593572ms] [LOG] [Fast Refresh] done in 1375ms @ http://localhost:3000/_next/static/chunks/node_modules_next_dist_1e8vcs8._.js:776
[ 1593651ms] [LOG] [Fast Refresh] done in 1375ms @ http://localhost:3000/_next/static/chunks/node_modules_next_dist_1e8vcs8._.js:776
[ 1593742ms] [LOG] [Fast Refresh] done in 1375ms @ http://localhost:3000/_next/static/chunks/node_modules_next_dist_1e8vcs8._.js:776
[ 1593821ms] [LOG] [Fast Refresh] done in 1375ms @ http://localhost:3000/_next/static/chunks/node_modules_next_dist_1e8vcs8._.js:776
[ 1593921ms] [LOG] [Fast Refresh] done in 1375ms @ http://localhost:3000/_next/static/chunks/node_modules_next_dist_1e8vcs8._.js:776
[ 1594048ms] [LOG] [Fast Refresh] done in 1375ms @ http://localhost:3000/_next/static/chunks/node_modules_next_dist_1e8vcs8._.js:776
[ 1594166ms] [LOG] [Fast Refresh] done in 1375ms @ http://localhost:3000/_next/static/chunks/node_modules_next_dist_1e8vcs8._.js:776
[ 1594245ms] [LOG] [Fast Refresh] done in 1375ms @ http://localhost:3000/_next/static/chunks/node_modules_next_dist_1e8vcs8._.js:776
[ 1594363ms] [LOG] [Fast Refresh] done in 1375ms @ http://localhost:3000/_next/static/chunks/node_modules_next_dist_1e8vcs8._.js:776
[ 1594487ms] [LOG] [Fast Refresh] done in 1375ms @ http://localhost:3000/_next/static/chunks/node_modules_next_dist_1e8vcs8._.js:776
[ 1594574ms] [LOG] [Fast Refresh] done in 1375ms @ http://localhost:3000/_next/static/chunks/node_modules_next_dist_1e8vcs8._.js:776
[ 1594709ms] [LOG] [Fast Refresh] done in 1375ms @ http://localhost:3000/_next/static/chunks/node_modules_next_dist_1e8vcs8._.js:776
[ 1594789ms] [LOG] [Fast Refresh] done in 1375ms @ http://localhost:3000/_next/static/chunks/node_modules_next_dist_1e8vcs8._.js:776
[ 1594902ms] [LOG] [Fast Refresh] done in 1375ms @ http://localhost:3000/_next/static/chunks/node_modules_next_dist_1e8vcs8._.js:776
[ 1595007ms] [LOG] [Fast Refresh] done in 1375ms @ http://localhost:3000/_next/static/chunks/node_modules_next_dist_1e8vcs8._.js:776
[ 1595126ms] [LOG] [Fast Refresh] done in 1375ms @ http://localhost:3000/_next/static/chunks/node_modules_next_dist_1e8vcs8._.js:776
[ 1595218ms] [LOG] [Fast Refresh] done in 1375ms @ http://localhost:3000/_next/static/chunks/node_modules_next_dist_1e8vcs8._.js:776
[ 1595318ms] [LOG] [Fast Refresh] done in 1375ms @ http://localhost:3000/_next/static/chunks/node_modules_next_dist_1e8vcs8._.js:776
[ 1595405ms] [LOG] [Fast Refresh] done in 1375ms @ http://localhost:3000/_next/static/chunks/node_modules_next_dist_1e8vcs8._.js:776
[ 1595509ms] [LOG] [Fast Refresh] done in 1375ms @ http://localhost:3000/_next/static/chunks/node_modules_next_dist_1e8vcs8._.js:776
[ 1595598ms] [LOG] [Fast Refresh] done in 1375ms @ http://localhost:3000/_next/static/chunks/node_modules_next_dist_1e8vcs8._.js:776
[ 1595690ms] [LOG] [Fast Refresh] done in 1375ms @ http://localhost:3000/_next/static/chunks/node_modules_next_dist_1e8vcs8._.js:776
[ 1595814ms] [LOG] [Fast Refresh] done in 1375ms @ http://localhost:3000/_next/static/chunks/node_modules_next_dist_1e8vcs8._.js:776
[ 1595948ms] [LOG] [Fast Refresh] done in 1375ms @ http://localhost:3000/_next/static/chunks/node_modules_next_dist_1e8vcs8._.js:776
[ 1596056ms] [LOG] [Fast Refresh] done in 1375ms @ http://localhost:3000/_next/static/chunks/node_modules_next_dist_1e8vcs8._.js:776
[ 1596155ms] [LOG] [Fast Refresh] done in 1375ms @ http://localhost:3000/_next/static/chunks/node_modules_next_dist_1e8vcs8._.js:776
[ 1596241ms] [LOG] [Fast Refresh] done in 1375ms @ http://localhost:3000/_next/static/chunks/node_modules_next_dist_1e8vcs8._.js:776
[ 1596335ms] [LOG] [Fast Refresh] done in 1375ms @ http://localhost:3000/_next/static/chunks/node_modules_next_dist_1e8vcs8._.js:776
[ 1596462ms] [LOG] [Fast Refresh] done in 1375ms @ http://localhost:3000/_next/static/chunks/node_modules_next_dist_1e8vcs8._.js:776
[ 1596575ms] [LOG] [Fast Refresh] done in 1375ms @ http://localhost:3000/_next/static/chunks/node_modules_next_dist_1e8vcs8._.js:776
[ 1596664ms] [LOG] [Fast Refresh] done in 1375ms @ http://localhost:3000/_next/static/chunks/node_modules_next_dist_1e8vcs8._.js:776
[ 1596752ms] [LOG] [Fast Refresh] done in 1375ms @ http://localhost:3000/_next/static/chunks/node_modules_next_dist_1e8vcs8._.js:776
[ 1596822ms] [LOG] [Fast Refresh] done in 1375ms @ http://localhost:3000/_next/static/chunks/node_modules_next_dist_1e8vcs8._.js:776
[ 1596921ms] [LOG] [Fast Refresh] done in 1375ms @ http://localhost:3000/_next/static/chunks/node_modules_next_dist_1e8vcs8._.js:776
[ 1596989ms] [LOG] [Fast Refresh] done in 1375ms @ http://localhost:3000/_next/static/chunks/node_modules_next_dist_1e8vcs8._.js:776
[ 1597118ms] [LOG] [Fast Refresh] done in 1375ms @ http://localhost:3000/_next/static/chunks/node_modules_next_dist_1e8vcs8._.js:776
[ 1597235ms] [LOG] [Fast Refresh] done in 1375ms @ http://localhost:3000/_next/static/chunks/node_modules_next_dist_1e8vcs8._.js:776
[ 1597339ms] [LOG] [Fast Refresh] done in 1375ms @ http://localhost:3000/_next/static/chunks/node_modules_next_dist_1e8vcs8._.js:776
[ 1597455ms] [LOG] [Fast Refresh] done in 1375ms @ http://localhost:3000/_next/static/chunks/node_modules_next_dist_1e8vcs8._.js:776
[ 1597571ms] [LOG] [Fast Refresh] done in 1375ms @ http://localhost:3000/_next/static/chunks/node_modules_next_dist_1e8vcs8._.js:776
[ 1597657ms] [LOG] [Fast Refresh] done in 1375ms @ http://localhost:3000/_next/static/chunks/node_modules_next_dist_1e8vcs8._.js:776
[ 1597736ms] [LOG] [Fast Refresh] done in 1375ms @ http://localhost:3000/_next/static/chunks/node_modules_next_dist_1e8vcs8._.js:776
[ 1597859ms] [LOG] [Fast Refresh] done in 1375ms @ http://localhost:3000/_next/static/chunks/node_modules_next_dist_1e8vcs8._.js:776
[ 1598131ms] [LOG] [Fast Refresh] rebuilding @ http://localhost:3000/_next/static/chunks/node_modules_next_dist_1e8vcs8._.js:776
[ 1598655ms] [LOG] [Fast Refresh] done in 598ms @ http://localhost:3000/_next/static/chunks/node_modules_next_dist_1e8vcs8._.js:776
[ 1610932ms] [LOG] [Fast Refresh] rebuilding @ http://localhost:3000/_next/static/chunks/node_modules_next_dist_1e8vcs8._.js:776
[ 1612005ms] [LOG] [Fast Refresh] done in 933ms @ http://localhost:3000/_next/static/chunks/node_modules_next_dist_1e8vcs8._.js:776
[ 1612077ms] [LOG] [Fast Refresh] done in 933ms @ http://localhost:3000/_next/static/chunks/node_modules_next_dist_1e8vcs8._.js:776
[ 1612237ms] [LOG] [Fast Refresh] done in 933ms @ http://localhost:3000/_next/static/chunks/node_modules_next_dist_1e8vcs8._.js:776
[ 1612322ms] [LOG] [Fast Refresh] done in 933ms @ http://localhost:3000/_next/static/chunks/node_modules_next_dist_1e8vcs8._.js:776
[ 1612383ms] [LOG] [Fast Refresh] done in 933ms @ http://localhost:3000/_next/static/chunks/node_modules_next_dist_1e8vcs8._.js:776
[ 1612467ms] [LOG] [Fast Refresh] done in 933ms @ http://localhost:3000/_next/static/chunks/node_modules_next_dist_1e8vcs8._.js:776
[ 1612571ms] [LOG] [Fast Refresh] done in 933ms @ http://localhost:3000/_next/static/chunks/node_modules_next_dist_1e8vcs8._.js:776
[ 1612699ms] [LOG] [Fast Refresh] done in 933ms @ http://localhost:3000/_next/static/chunks/node_modules_next_dist_1e8vcs8._.js:776
[ 1612796ms] [LOG] [Fast Refresh] done in 933ms @ http://localhost:3000/_next/static/chunks/node_modules_next_dist_1e8vcs8._.js:776
[ 1612871ms] [LOG] [Fast Refresh] done in 933ms @ http://localhost:3000/_next/static/chunks/node_modules_next_dist_1e8vcs8._.js:776
[ 1612967ms] [LOG] [Fast Refresh] done in 933ms @ http://localhost:3000/_next/static/chunks/node_modules_next_dist_1e8vcs8._.js:776
[ 1613077ms] [LOG] [Fast Refresh] done in 933ms @ http://localhost:3000/_next/static/chunks/node_modules_next_dist_1e8vcs8._.js:776
[ 1613177ms] [LOG] [Fast Refresh] done in 933ms @ http://localhost:3000/_next/static/chunks/node_modules_next_dist_1e8vcs8._.js:776
[ 1613247ms] [LOG] [Fast Refresh] done in 933ms @ http://localhost:3000/_next/static/chunks/node_modules_next_dist_1e8vcs8._.js:776
[ 1613380ms] [LOG] [Fast Refresh] done in 933ms @ http://localhost:3000/_next/static/chunks/node_modules_next_dist_1e8vcs8._.js:776
[ 1613479ms] [LOG] [Fast Refresh] done in 933ms @ http://localhost:3000/_next/static/chunks/node_modules_next_dist_1e8vcs8._.js:776
[ 1613635ms] [LOG] [Fast Refresh] done in 933ms @ http://localhost:3000/_next/static/chunks/node_modules_next_dist_1e8vcs8._.js:776
[ 1613721ms] [LOG] [Fast Refresh] done in 933ms @ http://localhost:3000/_next/static/chunks/node_modules_next_dist_1e8vcs8._.js:776
[ 1613865ms] [LOG] [Fast Refresh] done in 933ms @ http://localhost:3000/_next/static/chunks/node_modules_next_dist_1e8vcs8._.js:776
[ 1613979ms] [LOG] [Fast Refresh] done in 933ms @ http://localhost:3000/_next/static/chunks/node_modules_next_dist_1e8vcs8._.js:776
[ 1614040ms] [LOG] [Fast Refresh] done in 933ms @ http://localhost:3000/_next/static/chunks/node_modules_next_dist_1e8vcs8._.js:776
[ 1614137ms] [LOG] [Fast Refresh] done in 933ms @ http://localhost:3000/_next/static/chunks/node_modules_next_dist_1e8vcs8._.js:776
[ 1614248ms] [LOG] [Fast Refresh] done in 933ms @ http://localhost:3000/_next/static/chunks/node_modules_next_dist_1e8vcs8._.js:776
[ 1614354ms] [LOG] [Fast Refresh] done in 933ms @ http://localhost:3000/_next/static/chunks/node_modules_next_dist_1e8vcs8._.js:776
[ 1614439ms] [LOG] [Fast Refresh] done in 933ms @ http://localhost:3000/_next/static/chunks/node_modules_next_dist_1e8vcs8._.js:776
[ 1614533ms] [LOG] [Fast Refresh] done in 933ms @ http://localhost:3000/_next/static/chunks/node_modules_next_dist_1e8vcs8._.js:776
[ 1614639ms] [LOG] [Fast Refresh] done in 933ms @ http://localhost:3000/_next/static/chunks/node_modules_next_dist_1e8vcs8._.js:776
[ 1614730ms] [LOG] [Fast Refresh] done in 933ms @ http://localhost:3000/_next/static/chunks/node_modules_next_dist_1e8vcs8._.js:776
[ 1614842ms] [LOG] [Fast Refresh] done in 933ms @ http://localhost:3000/_next/static/chunks/node_modules_next_dist_1e8vcs8._.js:776
[ 1614940ms] [LOG] [Fast Refresh] done in 933ms @ http://localhost:3000/_next/static/chunks/node_modules_next_dist_1e8vcs8._.js:776
[ 1615063ms] [LOG] [Fast Refresh] done in 933ms @ http://localhost:3000/_next/static/chunks/node_modules_next_dist_1e8vcs8._.js:776
[ 1615160ms] [LOG] [Fast Refresh] done in 933ms @ http://localhost:3000/_next/static/chunks/node_modules_next_dist_1e8vcs8._.js:776
[ 1615310ms] [LOG] [Fast Refresh] done in 933ms @ http://localhost:3000/_next/static/chunks/node_modules_next_dist_1e8vcs8._.js:776
[ 1615410ms] [LOG] [Fast Refresh] done in 933ms @ http://localhost:3000/_next/static/chunks/node_modules_next_dist_1e8vcs8._.js:776
[ 1615538ms] [LOG] [Fast Refresh] done in 933ms @ http://localhost:3000/_next/static/chunks/node_modules_next_dist_1e8vcs8._.js:776
[ 1615626ms] [LOG] [Fast Refresh] done in 933ms @ http://localhost:3000/_next/static/chunks/node_modules_next_dist_1e8vcs8._.js:776
[ 1615762ms] [LOG] [Fast Refresh] done in 933ms @ http://localhost:3000/_next/static/chunks/node_modules_next_dist_1e8vcs8._.js:776
[ 1615863ms] [LOG] [Fast Refresh] done in 933ms @ http://localhost:3000/_next/static/chunks/node_modules_next_dist_1e8vcs8._.js:776
[ 1615977ms] [LOG] [Fast Refresh] done in 933ms @ http://localhost:3000/_next/static/chunks/node_modules_next_dist_1e8vcs8._.js:776
[ 1616087ms] [LOG] [Fast Refresh] done in 933ms @ http://localhost:3000/_next/static/chunks/node_modules_next_dist_1e8vcs8._.js:776
[ 1616194ms] [LOG] [Fast Refresh] done in 933ms @ http://localhost:3000/_next/static/chunks/node_modules_next_dist_1e8vcs8._.js:776
[ 1616319ms] [LOG] [Fast Refresh] done in 933ms @ http://localhost:3000/_next/static/chunks/node_modules_next_dist_1e8vcs8._.js:776
[ 1616432ms] [LOG] [Fast Refresh] done in 933ms @ http://localhost:3000/_next/static/chunks/node_modules_next_dist_1e8vcs8._.js:776
[ 1616546ms] [LOG] [Fast Refresh] done in 933ms @ http://localhost:3000/_next/static/chunks/node_modules_next_dist_1e8vcs8._.js:776
[ 1616683ms] [LOG] [Fast Refresh] done in 933ms @ http://localhost:3000/_next/static/chunks/node_modules_next_dist_1e8vcs8._.js:776
[ 1616806ms] [LOG] [Fast Refresh] done in 933ms @ http://localhost:3000/_next/static/chunks/node_modules_next_dist_1e8vcs8._.js:776
[ 1616907ms] [LOG] [Fast Refresh] done in 933ms @ http://localhost:3000/_next/static/chunks/node_modules_next_dist_1e8vcs8._.js:776
[ 1617034ms] [LOG] [Fast Refresh] done in 933ms @ http://localhost:3000/_next/static/chunks/node_modules_next_dist_1e8vcs8._.js:776
[ 1617147ms] [LOG] [Fast Refresh] done in 933ms @ http://localhost:3000/_next/static/chunks/node_modules_next_dist_1e8vcs8._.js:776
[ 1617228ms] [LOG] [Fast Refresh] done in 933ms @ http://localhost:3000/_next/static/chunks/node_modules_next_dist_1e8vcs8._.js:776
[ 1617332ms] [LOG] [Fast Refresh] done in 933ms @ http://localhost:3000/_next/static/chunks/node_modules_next_dist_1e8vcs8._.js:776
[ 1617416ms] [LOG] [Fast Refresh] done in 933ms @ http://localhost:3000/_next/static/chunks/node_modules_next_dist_1e8vcs8._.js:776
[ 1617523ms] [LOG] [Fast Refresh] done in 933ms @ http://localhost:3000/_next/static/chunks/node_modules_next_dist_1e8vcs8._.js:776
[ 1617651ms] [LOG] [Fast Refresh] done in 933ms @ http://localhost:3000/_next/static/chunks/node_modules_next_dist_1e8vcs8._.js:776
[ 1617785ms] [LOG] [Fast Refresh] done in 933ms @ http://localhost:3000/_next/static/chunks/node_modules_next_dist_1e8vcs8._.js:776
[ 1617908ms] [LOG] [Fast Refresh] done in 933ms @ http://localhost:3000/_next/static/chunks/node_modules_next_dist_1e8vcs8._.js:776
[ 1618058ms] [LOG] [Fast Refresh] done in 933ms @ http://localhost:3000/_next/static/chunks/node_modules_next_dist_1e8vcs8._.js:776
[ 1618189ms] [LOG] [Fast Refresh] done in 933ms @ http://localhost:3000/_next/static/chunks/node_modules_next_dist_1e8vcs8._.js:776
[ 1618315ms] [LOG] [Fast Refresh] done in 933ms @ http://localhost:3000/_next/static/chunks/node_modules_next_dist_1e8vcs8._.js:776
[ 1618422ms] [LOG] [Fast Refresh] done in 933ms @ http://localhost:3000/_next/static/chunks/node_modules_next_dist_1e8vcs8._.js:776
[ 1618531ms] [LOG] [Fast Refresh] done in 933ms @ http://localhost:3000/_next/static/chunks/node_modules_next_dist_1e8vcs8._.js:776
[ 1618637ms] [LOG] [Fast Refresh] done in 933ms @ http://localhost:3000/_next/static/chunks/node_modules_next_dist_1e8vcs8._.js:776
[ 1618732ms] [LOG] [Fast Refresh] done in 933ms @ http://localhost:3000/_next/static/chunks/node_modules_next_dist_1e8vcs8._.js:776
[ 1618803ms] [LOG] [Fast Refresh] done in 933ms @ http://localhost:3000/_next/static/chunks/node_modules_next_dist_1e8vcs8._.js:776
[ 1618912ms] [LOG] [Fast Refresh] done in 933ms @ http://localhost:3000/_next/static/chunks/node_modules_next_dist_1e8vcs8._.js:776
[ 1619029ms] [LOG] [Fast Refresh] done in 933ms @ http://localhost:3000/_next/static/chunks/node_modules_next_dist_1e8vcs8._.js:776
[ 1619123ms] [LOG] [Fast Refresh] done in 933ms @ http://localhost:3000/_next/static/chunks/node_modules_next_dist_1e8vcs8._.js:776
[ 1619255ms] [LOG] [Fast Refresh] done in 933ms @ http://localhost:3000/_next/static/chunks/node_modules_next_dist_1e8vcs8._.js:776
[ 1619352ms] [LOG] [Fast Refresh] done in 933ms @ http://localhost:3000/_next/static/chunks/node_modules_next_dist_1e8vcs8._.js:776
[ 1619530ms] [LOG] [Fast Refresh] done in 933ms @ http://localhost:3000/_next/static/chunks/node_modules_next_dist_1e8vcs8._.js:776
[ 1619649ms] [LOG] [Fast Refresh] done in 933ms @ http://localhost:3000/_next/static/chunks/node_modules_next_dist_1e8vcs8._.js:776
[ 1619792ms] [LOG] [Fast Refresh] done in 933ms @ http://localhost:3000/_next/static/chunks/node_modules_next_dist_1e8vcs8._.js:776
[ 1619909ms] [LOG] [Fast Refresh] done in 933ms @ http://localhost:3000/_next/static/chunks/node_modules_next_dist_1e8vcs8._.js:776
[ 1619985ms] [LOG] [Fast Refresh] done in 933ms @ http://localhost:3000/_next/static/chunks/node_modules_next_dist_1e8vcs8._.js:776
[ 1620101ms] [LOG] [Fast Refresh] done in 933ms @ http://localhost:3000/_next/static/chunks/node_modules_next_dist_1e8vcs8._.js:776
[ 1620208ms] [LOG] [Fast Refresh] done in 933ms @ http://localhost:3000/_next/static/chunks/node_modules_next_dist_1e8vcs8._.js:776
[ 1620352ms] [LOG] [Fast Refresh] done in 933ms @ http://localhost:3000/_next/static/chunks/node_modules_next_dist_1e8vcs8._.js:776
[ 1620467ms] [LOG] [Fast Refresh] done in 933ms @ http://localhost:3000/_next/static/chunks/node_modules_next_dist_1e8vcs8._.js:776
[ 1620566ms] [LOG] [Fast Refresh] done in 933ms @ http://localhost:3000/_next/static/chunks/node_modules_next_dist_1e8vcs8._.js:776
[ 1620695ms] [LOG] [Fast Refresh] done in 933ms @ http://localhost:3000/_next/static/chunks/node_modules_next_dist_1e8vcs8._.js:776
[ 1620789ms] [LOG] [Fast Refresh] done in 933ms @ http://localhost:3000/_next/static/chunks/node_modules_next_dist_1e8vcs8._.js:776
[ 1620913ms] [LOG] [Fast Refresh] done in 933ms @ http://localhost:3000/_next/static/chunks/node_modules_next_dist_1e8vcs8._.js:776
[ 1621031ms] [LOG] [Fast Refresh] done in 933ms @ http://localhost:3000/_next/static/chunks/node_modules_next_dist_1e8vcs8._.js:776
[ 1621094ms] [LOG] [Fast Refresh] done in 933ms @ http://localhost:3000/_next/static/chunks/node_modules_next_dist_1e8vcs8._.js:776
[ 1621254ms] [LOG] [Fast Refresh] done in 933ms @ http://localhost:3000/_next/static/chunks/node_modules_next_dist_1e8vcs8._.js:776
[ 1621370ms] [LOG] [Fast Refresh] done in 933ms @ http://localhost:3000/_next/static/chunks/node_modules_next_dist_1e8vcs8._.js:776
[ 1621486ms] [LOG] [Fast Refresh] done in 933ms @ http://localhost:3000/_next/static/chunks/node_modules_next_dist_1e8vcs8._.js:776
[ 1621604ms] [LOG] [Fast Refresh] done in 933ms @ http://localhost:3000/_next/static/chunks/node_modules_next_dist_1e8vcs8._.js:776
[ 1621705ms] [LOG] [Fast Refresh] done in 933ms @ http://localhost:3000/_next/static/chunks/node_modules_next_dist_1e8vcs8._.js:776
[ 1621821ms] [LOG] [Fast Refresh] done in 933ms @ http://localhost:3000/_next/static/chunks/node_modules_next_dist_1e8vcs8._.js:776
[ 1621917ms] [LOG] [Fast Refresh] done in 933ms @ http://localhost:3000/_next/static/chunks/node_modules_next_dist_1e8vcs8._.js:776
[ 1622017ms] [LOG] [Fast Refresh] done in 933ms @ http://localhost:3000/_next/static/chunks/node_modules_next_dist_1e8vcs8._.js:776
[ 1622112ms] [LOG] [Fast Refresh] done in 933ms @ http://localhost:3000/_next/static/chunks/node_modules_next_dist_1e8vcs8._.js:776
[ 1622249ms] [LOG] [Fast Refresh] done in 933ms @ http://localhost:3000/_next/static/chunks/node_modules_next_dist_1e8vcs8._.js:776
[ 1622377ms] [LOG] [Fast Refresh] done in 933ms @ http://localhost:3000/_next/static/chunks/node_modules_next_dist_1e8vcs8._.js:776
[ 1622471ms] [LOG] [Fast Refresh] done in 933ms @ http://localhost:3000/_next/static/chunks/node_modules_next_dist_1e8vcs8._.js:776
[ 1622596ms] [LOG] [Fast Refresh] done in 933ms @ http://localhost:3000/_next/static/chunks/node_modules_next_dist_1e8vcs8._.js:776
[ 1622670ms] [LOG] [Fast Refresh] done in 933ms @ http://localhost:3000/_next/static/chunks/node_modules_next_dist_1e8vcs8._.js:776
[ 1622733ms] [LOG] [Fast Refresh] done in 933ms @ http://localhost:3000/_next/static/chunks/node_modules_next_dist_1e8vcs8._.js:776
[ 1622823ms] [LOG] [Fast Refresh] done in 933ms @ http://localhost:3000/_next/static/chunks/node_modules_next_dist_1e8vcs8._.js:776
[ 1622940ms] [LOG] [Fast Refresh] done in 933ms @ http://localhost:3000/_next/static/chunks/node_modules_next_dist_1e8vcs8._.js:776
[ 1623013ms] [LOG] [Fast Refresh] done in 933ms @ http://localhost:3000/_next/static/chunks/node_modules_next_dist_1e8vcs8._.js:776
[ 1623125ms] [LOG] [Fast Refresh] done in 933ms @ http://localhost:3000/_next/static/chunks/node_modules_next_dist_1e8vcs8._.js:776
[ 1623236ms] [LOG] [Fast Refresh] done in 933ms @ http://localhost:3000/_next/static/chunks/node_modules_next_dist_1e8vcs8._.js:776
[ 1623340ms] [LOG] [Fast Refresh] done in 933ms @ http://localhost:3000/_next/static/chunks/node_modules_next_dist_1e8vcs8._.js:776
[ 1623442ms] [LOG] [Fast Refresh] done in 933ms @ http://localhost:3000/_next/static/chunks/node_modules_next_dist_1e8vcs8._.js:776
[ 1623531ms] [LOG] [Fast Refresh] done in 933ms @ http://localhost:3000/_next/static/chunks/node_modules_next_dist_1e8vcs8._.js:776
[ 1623648ms] [LOG] [Fast Refresh] done in 933ms @ http://localhost:3000/_next/static/chunks/node_modules_next_dist_1e8vcs8._.js:776
[ 1623808ms] [LOG] [Fast Refresh] done in 933ms @ http://localhost:3000/_next/static/chunks/node_modules_next_dist_1e8vcs8._.js:776
[ 1623945ms] [LOG] [Fast Refresh] done in 933ms @ http://localhost:3000/_next/static/chunks/node_modules_next_dist_1e8vcs8._.js:776
[ 1624060ms] [LOG] [Fast Refresh] done in 933ms @ http://localhost:3000/_next/static/chunks/node_modules_next_dist_1e8vcs8._.js:776
[ 1624152ms] [LOG] [Fast Refresh] done in 933ms @ http://localhost:3000/_next/static/chunks/node_modules_next_dist_1e8vcs8._.js:776
[ 1624228ms] [LOG] [Fast Refresh] done in 933ms @ http://localhost:3000/_next/static/chunks/node_modules_next_dist_1e8vcs8._.js:776
[ 1624519ms] [LOG] [Fast Refresh] done in 933ms @ http://localhost:3000/_next/static/chunks/node_modules_next_dist_1e8vcs8._.js:776
[ 1624610ms] [LOG] [Fast Refresh] done in 933ms @ http://localhost:3000/_next/static/chunks/node_modules_next_dist_1e8vcs8._.js:776
[ 1624724ms] [LOG] [Fast Refresh] done in 933ms @ http://localhost:3000/_next/static/chunks/node_modules_next_dist_1e8vcs8._.js:776
[ 1624803ms] [LOG] [Fast Refresh] done in 933ms @ http://localhost:3000/_next/static/chunks/node_modules_next_dist_1e8vcs8._.js:776
[ 1624907ms] [LOG] [Fast Refresh] done in 933ms @ http://localhost:3000/_next/static/chunks/node_modules_next_dist_1e8vcs8._.js:776
[ 1625026ms] [LOG] [Fast Refresh] done in 933ms @ http://localhost:3000/_next/static/chunks/node_modules_next_dist_1e8vcs8._.js:776
[ 1625130ms] [LOG] [Fast Refresh] done in 933ms @ http://localhost:3000/_next/static/chunks/node_modules_next_dist_1e8vcs8._.js:776
[ 1625218ms] [LOG] [Fast Refresh] done in 933ms @ http://localhost:3000/_next/static/chunks/node_modules_next_dist_1e8vcs8._.js:776
[ 1625284ms] [LOG] [Fast Refresh] done in 933ms @ http://localhost:3000/_next/static/chunks/node_modules_next_dist_1e8vcs8._.js:776
[ 1625412ms] [LOG] [Fast Refresh] done in 933ms @ http://localhost:3000/_next/static/chunks/node_modules_next_dist_1e8vcs8._.js:776
[ 1625519ms] [LOG] [Fast Refresh] done in 933ms @ http://localhost:3000/_next/static/chunks/node_modules_next_dist_1e8vcs8._.js:776
[ 1625644ms] [LOG] [Fast Refresh] done in 933ms @ http://localhost:3000/_next/static/chunks/node_modules_next_dist_1e8vcs8._.js:776
[ 1625753ms] [LOG] [Fast Refresh] done in 933ms @ http://localhost:3000/_next/static/chunks/node_modules_next_dist_1e8vcs8._.js:776
[ 1625857ms] [LOG] [Fast Refresh] done in 933ms @ http://localhost:3000/_next/static/chunks/node_modules_next_dist_1e8vcs8._.js:776
[ 1625979ms] [LOG] [Fast Refresh] done in 933ms @ http://localhost:3000/_next/static/chunks/node_modules_next_dist_1e8vcs8._.js:776
[ 1626107ms] [LOG] [Fast Refresh] done in 933ms @ http://localhost:3000/_next/static/chunks/node_modules_next_dist_1e8vcs8._.js:776
[ 1626208ms] [LOG] [Fast Refresh] done in 933ms @ http://localhost:3000/_next/static/chunks/node_modules_next_dist_1e8vcs8._.js:776
[ 1626309ms] [LOG] [Fast Refresh] done in 933ms @ http://localhost:3000/_next/static/chunks/node_modules_next_dist_1e8vcs8._.js:776
[ 1626438ms] [LOG] [Fast Refresh] done in 933ms @ http://localhost:3000/_next/static/chunks/node_modules_next_dist_1e8vcs8._.js:776
[ 1626510ms] [LOG] [Fast Refresh] done in 933ms @ http://localhost:3000/_next/static/chunks/node_modules_next_dist_1e8vcs8._.js:776
[ 1626608ms] [LOG] [Fast Refresh] done in 933ms @ http://localhost:3000/_next/static/chunks/node_modules_next_dist_1e8vcs8._.js:776
[ 1626701ms] [LOG] [Fast Refresh] done in 933ms @ http://localhost:3000/_next/static/chunks/node_modules_next_dist_1e8vcs8._.js:776
[ 1626791ms] [LOG] [Fast Refresh] done in 933ms @ http://localhost:3000/_next/static/chunks/node_modules_next_dist_1e8vcs8._.js:776
[ 1626898ms] [LOG] [Fast Refresh] done in 933ms @ http://localhost:3000/_next/static/chunks/node_modules_next_dist_1e8vcs8._.js:776
[ 1626984ms] [LOG] [Fast Refresh] done in 933ms @ http://localhost:3000/_next/static/chunks/node_modules_next_dist_1e8vcs8._.js:776
[ 1627061ms] [LOG] [Fast Refresh] done in 933ms @ http://localhost:3000/_next/static/chunks/node_modules_next_dist_1e8vcs8._.js:776
[ 1627161ms] [LOG] [Fast Refresh] done in 933ms @ http://localhost:3000/_next/static/chunks/node_modules_next_dist_1e8vcs8._.js:776
[ 1627237ms] [LOG] [Fast Refresh] done in 933ms @ http://localhost:3000/_next/static/chunks/node_modules_next_dist_1e8vcs8._.js:776
[ 1627324ms] [LOG] [Fast Refresh] done in 933ms @ http://localhost:3000/_next/static/chunks/node_modules_next_dist_1e8vcs8._.js:776
[ 1627424ms] [LOG] [Fast Refresh] done in 933ms @ http://localhost:3000/_next/static/chunks/node_modules_next_dist_1e8vcs8._.js:776
[ 1627539ms] [LOG] [Fast Refresh] done in 933ms @ http://localhost:3000/_next/static/chunks/node_modules_next_dist_1e8vcs8._.js:776
[ 1627635ms] [LOG] [Fast Refresh] done in 933ms @ http://localhost:3000/_next/static/chunks/node_modules_next_dist_1e8vcs8._.js:776
[ 1627754ms] [LOG] [Fast Refresh] done in 933ms @ http://localhost:3000/_next/static/chunks/node_modules_next_dist_1e8vcs8._.js:776
[ 1627898ms] [LOG] [Fast Refresh] done in 933ms @ http://localhost:3000/_next/static/chunks/node_modules_next_dist_1e8vcs8._.js:776
[ 1627978ms] [LOG] [Fast Refresh] done in 933ms @ http://localhost:3000/_next/static/chunks/node_modules_next_dist_1e8vcs8._.js:776
[ 1628062ms] [LOG] [Fast Refresh] done in 933ms @ http://localhost:3000/_next/static/chunks/node_modules_next_dist_1e8vcs8._.js:776
[ 1628179ms] [LOG] [Fast Refresh] done in 933ms @ http://localhost:3000/_next/static/chunks/node_modules_next_dist_1e8vcs8._.js:776
[ 1628261ms] [LOG] [Fast Refresh] done in 933ms @ http://localhost:3000/_next/static/chunks/node_modules_next_dist_1e8vcs8._.js:776
[ 1628388ms] [LOG] [Fast Refresh] done in 933ms @ http://localhost:3000/_next/static/chunks/node_modules_next_dist_1e8vcs8._.js:776
[ 1628470ms] [LOG] [Fast Refresh] done in 933ms @ http://localhost:3000/_next/static/chunks/node_modules_next_dist_1e8vcs8._.js:776
[ 1628780ms] [LOG] [Fast Refresh] done in 933ms @ http://localhost:3000/_next/static/chunks/node_modules_next_dist_1e8vcs8._.js:776
[ 1628885ms] [LOG] [Fast Refresh] done in 933ms @ http://localhost:3000/_next/static/chunks/node_modules_next_dist_1e8vcs8._.js:776
[ 1628992ms] [LOG] [Fast Refresh] done in 933ms @ http://localhost:3000/_next/static/chunks/node_modules_next_dist_1e8vcs8._.js:776
[ 1629120ms] [LOG] [Fast Refresh] done in 933ms @ http://localhost:3000/_next/static/chunks/node_modules_next_dist_1e8vcs8._.js:776
[ 1629222ms] [LOG] [Fast Refresh] done in 933ms @ http://localhost:3000/_next/static/chunks/node_modules_next_dist_1e8vcs8._.js:776
[ 1629329ms] [LOG] [Fast Refresh] done in 933ms @ http://localhost:3000/_next/static/chunks/node_modules_next_dist_1e8vcs8._.js:776
[ 1629450ms] [LOG] [Fast Refresh] done in 933ms @ http://localhost:3000/_next/static/chunks/node_modules_next_dist_1e8vcs8._.js:776
[ 1629572ms] [LOG] [Fast Refresh] done in 933ms @ http://localhost:3000/_next/static/chunks/node_modules_next_dist_1e8vcs8._.js:776
[ 1629690ms] [LOG] [Fast Refresh] done in 933ms @ http://localhost:3000/_next/static/chunks/node_modules_next_dist_1e8vcs8._.js:776
[ 1629823ms] [LOG] [Fast Refresh] done in 933ms @ http://localhost:3000/_next/static/chunks/node_modules_next_dist_1e8vcs8._.js:776
[ 1629952ms] [LOG] [Fast Refresh] done in 933ms @ http://localhost:3000/_next/static/chunks/node_modules_next_dist_1e8vcs8._.js:776
[ 1630121ms] [LOG] [Fast Refresh] done in 933ms @ http://localhost:3000/_next/static/chunks/node_modules_next_dist_1e8vcs8._.js:776
[ 1630201ms] [LOG] [Fast Refresh] done in 933ms @ http://localhost:3000/_next/static/chunks/node_modules_next_dist_1e8vcs8._.js:776
[ 1630293ms] [LOG] [Fast Refresh] done in 933ms @ http://localhost:3000/_next/static/chunks/node_modules_next_dist_1e8vcs8._.js:776
[ 1630357ms] [LOG] [Fast Refresh] done in 933ms @ http://localhost:3000/_next/static/chunks/node_modules_next_dist_1e8vcs8._.js:776
[ 1630466ms] [LOG] [Fast Refresh] done in 933ms @ http://localhost:3000/_next/static/chunks/node_modules_next_dist_1e8vcs8._.js:776
[ 1630530ms] [LOG] [Fast Refresh] done in 933ms @ http://localhost:3000/_next/static/chunks/node_modules_next_dist_1e8vcs8._.js:776
[ 1630668ms] [LOG] [Fast Refresh] done in 933ms @ http://localhost:3000/_next/static/chunks/node_modules_next_dist_1e8vcs8._.js:776
[ 1630766ms] [LOG] [Fast Refresh] done in 933ms @ http://localhost:3000/_next/static/chunks/node_modules_next_dist_1e8vcs8._.js:776
[ 1630826ms] [LOG] [Fast Refresh] done in 933ms @ http://localhost:3000/_next/static/chunks/node_modules_next_dist_1e8vcs8._.js:776
[ 1630901ms] [LOG] [Fast Refresh] done in 933ms @ http://localhost:3000/_next/static/chunks/node_modules_next_dist_1e8vcs8._.js:776
[ 1631000ms] [LOG] [Fast Refresh] done in 933ms @ http://localhost:3000/_next/static/chunks/node_modules_next_dist_1e8vcs8._.js:776
[ 1631090ms] [LOG] [Fast Refresh] done in 933ms @ http://localhost:3000/_next/static/chunks/node_modules_next_dist_1e8vcs8._.js:776
[ 1631199ms] [LOG] [Fast Refresh] done in 933ms @ http://localhost:3000/_next/static/chunks/node_modules_next_dist_1e8vcs8._.js:776
[ 1631324ms] [LOG] [Fast Refresh] done in 933ms @ http://localhost:3000/_next/static/chunks/node_modules_next_dist_1e8vcs8._.js:776
[ 1631399ms] [LOG] [Fast Refresh] done in 933ms @ http://localhost:3000/_next/static/chunks/node_modules_next_dist_1e8vcs8._.js:776
[ 1631506ms] [LOG] [Fast Refresh] done in 933ms @ http://localhost:3000/_next/static/chunks/node_modules_next_dist_1e8vcs8._.js:776
[ 1631587ms] [LOG] [Fast Refresh] done in 933ms @ http://localhost:3000/_next/static/chunks/node_modules_next_dist_1e8vcs8._.js:776
[ 1631689ms] [LOG] [Fast Refresh] done in 933ms @ http://localhost:3000/_next/static/chunks/node_modules_next_dist_1e8vcs8._.js:776
[ 1631792ms] [LOG] [Fast Refresh] done in 933ms @ http://localhost:3000/_next/static/chunks/node_modules_next_dist_1e8vcs8._.js:776
[ 1631923ms] [LOG] [Fast Refresh] done in 933ms @ http://localhost:3000/_next/static/chunks/node_modules_next_dist_1e8vcs8._.js:776
[ 1632005ms] [LOG] [Fast Refresh] done in 933ms @ http://localhost:3000/_next/static/chunks/node_modules_next_dist_1e8vcs8._.js:776
[ 1632108ms] [LOG] [Fast Refresh] done in 933ms @ http://localhost:3000/_next/static/chunks/node_modules_next_dist_1e8vcs8._.js:776
[ 1632179ms] [LOG] [Fast Refresh] done in 933ms @ http://localhost:3000/_next/static/chunks/node_modules_next_dist_1e8vcs8._.js:776
[ 1632288ms] [LOG] [Fast Refresh] done in 933ms @ http://localhost:3000/_next/static/chunks/node_modules_next_dist_1e8vcs8._.js:776
[ 1632399ms] [LOG] [Fast Refresh] done in 933ms @ http://localhost:3000/_next/static/chunks/node_modules_next_dist_1e8vcs8._.js:776
[ 1632484ms] [LOG] [Fast Refresh] done in 933ms @ http://localhost:3000/_next/static/chunks/node_modules_next_dist_1e8vcs8._.js:776
[ 1632583ms] [LOG] [Fast Refresh] done in 933ms @ http://localhost:3000/_next/static/chunks/node_modules_next_dist_1e8vcs8._.js:776
[ 1632692ms] [LOG] [Fast Refresh] done in 933ms @ http://localhost:3000/_next/static/chunks/node_modules_next_dist_1e8vcs8._.js:776
[ 1632799ms] [LOG] [Fast Refresh] done in 933ms @ http://localhost:3000/_next/static/chunks/node_modules_next_dist_1e8vcs8._.js:776
[ 1632900ms] [LOG] [Fast Refresh] done in 933ms @ http://localhost:3000/_next/static/chunks/node_modules_next_dist_1e8vcs8._.js:776
[ 1633039ms] [LOG] [Fast Refresh] done in 933ms @ http://localhost:3000/_next/static/chunks/node_modules_next_dist_1e8vcs8._.js:776
[ 1633132ms] [LOG] [Fast Refresh] done in 933ms @ http://localhost:3000/_next/static/chunks/node_modules_next_dist_1e8vcs8._.js:776
[ 1633250ms] [LOG] [Fast Refresh] done in 933ms @ http://localhost:3000/_next/static/chunks/node_modules_next_dist_1e8vcs8._.js:776
[ 1633373ms] [LOG] [Fast Refresh] done in 933ms @ http://localhost:3000/_next/static/chunks/node_modules_next_dist_1e8vcs8._.js:776
[ 1633513ms] [LOG] [Fast Refresh] done in 933ms @ http://localhost:3000/_next/static/chunks/node_modules_next_dist_1e8vcs8._.js:776
[ 1633630ms] [LOG] [Fast Refresh] done in 933ms @ http://localhost:3000/_next/static/chunks/node_modules_next_dist_1e8vcs8._.js:776
[ 1633757ms] [LOG] [Fast Refresh] done in 933ms @ http://localhost:3000/_next/static/chunks/node_modules_next_dist_1e8vcs8._.js:776
[ 1633865ms] [LOG] [Fast Refresh] done in 933ms @ http://localhost:3000/_next/static/chunks/node_modules_next_dist_1e8vcs8._.js:776
[ 1633979ms] [LOG] [Fast Refresh] done in 933ms @ http://localhost:3000/_next/static/chunks/node_modules_next_dist_1e8vcs8._.js:776
[ 1634128ms] [LOG] [Fast Refresh] done in 933ms @ http://localhost:3000/_next/static/chunks/node_modules_next_dist_1e8vcs8._.js:776
[ 1634312ms] [LOG] [Fast Refresh] done in 933ms @ http://localhost:3000/_next/static/chunks/node_modules_next_dist_1e8vcs8._.js:776
[ 1634435ms] [LOG] [Fast Refresh] done in 933ms @ http://localhost:3000/_next/static/chunks/node_modules_next_dist_1e8vcs8._.js:776
[ 1634546ms] [LOG] [Fast Refresh] done in 933ms @ http://localhost:3000/_next/static/chunks/node_modules_next_dist_1e8vcs8._.js:776
[ 1634654ms] [LOG] [Fast Refresh] done in 933ms @ http://localhost:3000/_next/static/chunks/node_modules_next_dist_1e8vcs8._.js:776
[ 1634748ms] [LOG] [Fast Refresh] done in 933ms @ http://localhost:3000/_next/static/chunks/node_modules_next_dist_1e8vcs8._.js:776
[ 1634847ms] [LOG] [Fast Refresh] done in 933ms @ http://localhost:3000/_next/static/chunks/node_modules_next_dist_1e8vcs8._.js:776
[ 1634966ms] [LOG] [Fast Refresh] done in 933ms @ http://localhost:3000/_next/static/chunks/node_modules_next_dist_1e8vcs8._.js:776
[ 1635069ms] [LOG] [Fast Refresh] done in 933ms @ http://localhost:3000/_next/static/chunks/node_modules_next_dist_1e8vcs8._.js:776
[ 1635190ms] [LOG] [Fast Refresh] done in 933ms @ http://localhost:3000/_next/static/chunks/node_modules_next_dist_1e8vcs8._.js:776
[ 1635251ms] [LOG] [Fast Refresh] done in 933ms @ http://localhost:3000/_next/static/chunks/node_modules_next_dist_1e8vcs8._.js:776
[ 1635375ms] [LOG] [Fast Refresh] done in 933ms @ http://localhost:3000/_next/static/chunks/node_modules_next_dist_1e8vcs8._.js:776
[ 1635549ms] [LOG] [Fast Refresh] done in 933ms @ http://localhost:3000/_next/static/chunks/node_modules_next_dist_1e8vcs8._.js:776
[ 1635645ms] [LOG] [Fast Refresh] done in 933ms @ http://localhost:3000/_next/static/chunks/node_modules_next_dist_1e8vcs8._.js:776
[ 1635757ms] [LOG] [Fast Refresh] done in 933ms @ http://localhost:3000/_next/static/chunks/node_modules_next_dist_1e8vcs8._.js:776
[ 1635867ms] [LOG] [Fast Refresh] done in 933ms @ http://localhost:3000/_next/static/chunks/node_modules_next_dist_1e8vcs8._.js:776
[ 1636005ms] [LOG] [Fast Refresh] done in 933ms @ http://localhost:3000/_next/static/chunks/node_modules_next_dist_1e8vcs8._.js:776
[ 1636070ms] [LOG] [Fast Refresh] done in 933ms @ http://localhost:3000/_next/static/chunks/node_modules_next_dist_1e8vcs8._.js:776
[ 1636167ms] [LOG] [Fast Refresh] done in 933ms @ http://localhost:3000/_next/static/chunks/node_modules_next_dist_1e8vcs8._.js:776
[ 1636315ms] [LOG] [Fast Refresh] done in 933ms @ http://localhost:3000/_next/static/chunks/node_modules_next_dist_1e8vcs8._.js:776
[ 1636393ms] [LOG] [Fast Refresh] done in 933ms @ http://localhost:3000/_next/static/chunks/node_modules_next_dist_1e8vcs8._.js:776
[ 1636460ms] [LOG] [Fast Refresh] done in 933ms @ http://localhost:3000/_next/static/chunks/node_modules_next_dist_1e8vcs8._.js:776
[ 1636569ms] [LOG] [Fast Refresh] done in 933ms @ http://localhost:3000/_next/static/chunks/node_modules_next_dist_1e8vcs8._.js:776
[ 1636684ms] [LOG] [Fast Refresh] done in 933ms @ http://localhost:3000/_next/static/chunks/node_modules_next_dist_1e8vcs8._.js:776
[ 1636814ms] [LOG] [Fast Refresh] done in 933ms @ http://localhost:3000/_next/static/chunks/node_modules_next_dist_1e8vcs8._.js:776
[ 1636910ms] [LOG] [Fast Refresh] done in 933ms @ http://localhost:3000/_next/static/chunks/node_modules_next_dist_1e8vcs8._.js:776
[ 1637003ms] [LOG] [Fast Refresh] done in 933ms @ http://localhost:3000/_next/static/chunks/node_modules_next_dist_1e8vcs8._.js:776
[ 1637086ms] [LOG] [Fast Refresh] done in 933ms @ http://localhost:3000/_next/static/chunks/node_modules_next_dist_1e8vcs8._.js:776
[ 1637197ms] [LOG] [Fast Refresh] done in 933ms @ http://localhost:3000/_next/static/chunks/node_modules_next_dist_1e8vcs8._.js:776
[ 1637276ms] [LOG] [Fast Refresh] done in 933ms @ http://localhost:3000/_next/static/chunks/node_modules_next_dist_1e8vcs8._.js:776
[ 1637345ms] [LOG] [Fast Refresh] done in 933ms @ http://localhost:3000/_next/static/chunks/node_modules_next_dist_1e8vcs8._.js:776
[ 1637446ms] [LOG] [Fast Refresh] done in 933ms @ http://localhost:3000/_next/static/chunks/node_modules_next_dist_1e8vcs8._.js:776
[ 1637548ms] [LOG] [Fast Refresh] done in 933ms @ http://localhost:3000/_next/static/chunks/node_modules_next_dist_1e8vcs8._.js:776
[ 1637633ms] [LOG] [Fast Refresh] done in 933ms @ http://localhost:3000/_next/static/chunks/node_modules_next_dist_1e8vcs8._.js:776
[ 1637746ms] [LOG] [Fast Refresh] done in 933ms @ http://localhost:3000/_next/static/chunks/node_modules_next_dist_1e8vcs8._.js:776
[ 1637835ms] [LOG] [Fast Refresh] done in 933ms @ http://localhost:3000/_next/static/chunks/node_modules_next_dist_1e8vcs8._.js:776
[ 1637918ms] [LOG] [Fast Refresh] done in 933ms @ http://localhost:3000/_next/static/chunks/node_modules_next_dist_1e8vcs8._.js:776
[ 1660089ms] [LOG] [Fast Refresh] rebuilding @ http://localhost:3000/_next/static/chunks/node_modules_next_dist_1e8vcs8._.js:776
[ 1661342ms] [LOG] [Fast Refresh] done in 1361ms @ http://localhost:3000/_next/static/chunks/node_modules_next_dist_1e8vcs8._.js:776
[ 1681658ms] [LOG] [Fast Refresh] rebuilding @ http://localhost:3000/_next/static/chunks/node_modules_next_dist_1e8vcs8._.js:776
[ 1683270ms] [LOG] [Fast Refresh] done in 1418ms @ http://localhost:3000/_next/static/chunks/node_modules_next_dist_1e8vcs8._.js:776
[ 1683371ms] [LOG] [Fast Refresh] done in 1418ms @ http://localhost:3000/_next/static/chunks/node_modules_next_dist_1e8vcs8._.js:776
[ 1683503ms] [LOG] [Fast Refresh] done in 1418ms @ http://localhost:3000/_next/static/chunks/node_modules_next_dist_1e8vcs8._.js:776
[ 1683625ms] [LOG] [Fast Refresh] done in 1418ms @ http://localhost:3000/_next/static/chunks/node_modules_next_dist_1e8vcs8._.js:776
[ 1683761ms] [LOG] [Fast Refresh] done in 1418ms @ http://localhost:3000/_next/static/chunks/node_modules_next_dist_1e8vcs8._.js:776
[ 1683821ms] [LOG] [Fast Refresh] done in 1418ms @ http://localhost:3000/_next/static/chunks/node_modules_next_dist_1e8vcs8._.js:776
[ 1683949ms] [LOG] [Fast Refresh] done in 1418ms @ http://localhost:3000/_next/static/chunks/node_modules_next_dist_1e8vcs8._.js:776
[ 1684059ms] [LOG] [Fast Refresh] done in 1418ms @ http://localhost:3000/_next/static/chunks/node_modules_next_dist_1e8vcs8._.js:776
[ 1684178ms] [LOG] [Fast Refresh] done in 1418ms @ http://localhost:3000/_next/static/chunks/node_modules_next_dist_1e8vcs8._.js:776
[ 1684260ms] [LOG] [Fast Refresh] done in 1418ms @ http://localhost:3000/_next/static/chunks/node_modules_next_dist_1e8vcs8._.js:776
[ 1684359ms] [LOG] [Fast Refresh] done in 1418ms @ http://localhost:3000/_next/static/chunks/node_modules_next_dist_1e8vcs8._.js:776
[ 1684437ms] [LOG] [Fast Refresh] done in 1418ms @ http://localhost:3000/_next/static/chunks/node_modules_next_dist_1e8vcs8._.js:776
[ 1684551ms] [LOG] [Fast Refresh] done in 1418ms @ http://localhost:3000/_next/static/chunks/node_modules_next_dist_1e8vcs8._.js:776
[ 1684648ms] [LOG] [Fast Refresh] done in 1418ms @ http://localhost:3000/_next/static/chunks/node_modules_next_dist_1e8vcs8._.js:776
[ 1684782ms] [LOG] [Fast Refresh] done in 1418ms @ http://localhost:3000/_next/static/chunks/node_modules_next_dist_1e8vcs8._.js:776
[ 1684932ms] [LOG] [Fast Refresh] done in 1418ms @ http://localhost:3000/_next/static/chunks/node_modules_next_dist_1e8vcs8._.js:776
[ 1685084ms] [LOG] [Fast Refresh] done in 1418ms @ http://localhost:3000/_next/static/chunks/node_modules_next_dist_1e8vcs8._.js:776
[ 1685265ms] [LOG] [Fast Refresh] done in 1418ms @ http://localhost:3000/_next/static/chunks/node_modules_next_dist_1e8vcs8._.js:776
[ 1685420ms] [LOG] [Fast Refresh] done in 1418ms @ http://localhost:3000/_next/static/chunks/node_modules_next_dist_1e8vcs8._.js:776
[ 1685559ms] [LOG] [Fast Refresh] done in 1418ms @ http://localhost:3000/_next/static/chunks/node_modules_next_dist_1e8vcs8._.js:776
[ 1685670ms] [LOG] [Fast Refresh] done in 1418ms @ http://localhost:3000/_next/static/chunks/node_modules_next_dist_1e8vcs8._.js:776
[ 1685771ms] [LOG] [Fast Refresh] done in 1418ms @ http://localhost:3000/_next/static/chunks/node_modules_next_dist_1e8vcs8._.js:776
[ 1685900ms] [LOG] [Fast Refresh] done in 1418ms @ http://localhost:3000/_next/static/chunks/node_modules_next_dist_1e8vcs8._.js:776
[ 1686008ms] [LOG] [Fast Refresh] done in 1418ms @ http://localhost:3000/_next/static/chunks/node_modules_next_dist_1e8vcs8._.js:776
[ 1686119ms] [LOG] [Fast Refresh] done in 1418ms @ http://localhost:3000/_next/static/chunks/node_modules_next_dist_1e8vcs8._.js:776
[ 1686236ms] [LOG] [Fast Refresh] done in 1418ms @ http://localhost:3000/_next/static/chunks/node_modules_next_dist_1e8vcs8._.js:776
[ 1686340ms] [LOG] [Fast Refresh] done in 1418ms @ http://localhost:3000/_next/static/chunks/node_modules_next_dist_1e8vcs8._.js:776
[ 1686453ms] [LOG] [Fast Refresh] done in 1418ms @ http://localhost:3000/_next/static/chunks/node_modules_next_dist_1e8vcs8._.js:776
[ 1686570ms] [LOG] [Fast Refresh] done in 1418ms @ http://localhost:3000/_next/static/chunks/node_modules_next_dist_1e8vcs8._.js:776
[ 1686631ms] [LOG] [Fast Refresh] done in 1418ms @ http://localhost:3000/_next/static/chunks/node_modules_next_dist_1e8vcs8._.js:776
[ 1686690ms] [LOG] [Fast Refresh] done in 1418ms @ http://localhost:3000/_next/static/chunks/node_modules_next_dist_1e8vcs8._.js:776
[ 1686757ms] [LOG] [Fast Refresh] done in 1418ms @ http://localhost:3000/_next/static/chunks/node_modules_next_dist_1e8vcs8._.js:776
[ 1686878ms] [LOG] [Fast Refresh] done in 1418ms @ http://localhost:3000/_next/static/chunks/node_modules_next_dist_1e8vcs8._.js:776
[ 1686999ms] [LOG] [Fast Refresh] done in 1418ms @ http://localhost:3000/_next/static/chunks/node_modules_next_dist_1e8vcs8._.js:776
[ 1687108ms] [LOG] [Fast Refresh] done in 1418ms @ http://localhost:3000/_next/static/chunks/node_modules_next_dist_1e8vcs8._.js:776
[ 1687207ms] [LOG] [Fast Refresh] done in 1418ms @ http://localhost:3000/_next/static/chunks/node_modules_next_dist_1e8vcs8._.js:776
[ 1687276ms] [LOG] [Fast Refresh] done in 1418ms @ http://localhost:3000/_next/static/chunks/node_modules_next_dist_1e8vcs8._.js:776
[ 1687338ms] [LOG] [Fast Refresh] done in 1418ms @ http://localhost:3000/_next/static/chunks/node_modules_next_dist_1e8vcs8._.js:776
[ 1687402ms] [LOG] [Fast Refresh] done in 1418ms @ http://localhost:3000/_next/static/chunks/node_modules_next_dist_1e8vcs8._.js:776
[ 1687541ms] [LOG] [Fast Refresh] done in 1418ms @ http://localhost:3000/_next/static/chunks/node_modules_next_dist_1e8vcs8._.js:776
[ 1687654ms] [LOG] [Fast Refresh] done in 1418ms @ http://localhost:3000/_next/static/chunks/node_modules_next_dist_1e8vcs8._.js:776
[ 1687778ms] [LOG] [Fast Refresh] done in 1418ms @ http://localhost:3000/_next/static/chunks/node_modules_next_dist_1e8vcs8._.js:776
[ 1687907ms] [LOG] [Fast Refresh] done in 1418ms @ http://localhost:3000/_next/static/chunks/node_modules_next_dist_1e8vcs8._.js:776
[ 1688044ms] [LOG] [Fast Refresh] done in 1418ms @ http://localhost:3000/_next/static/chunks/node_modules_next_dist_1e8vcs8._.js:776
[ 1688125ms] [LOG] [Fast Refresh] done in 1418ms @ http://localhost:3000/_next/static/chunks/node_modules_next_dist_1e8vcs8._.js:776
[ 1688207ms] [LOG] [Fast Refresh] done in 1418ms @ http://localhost:3000/_next/static/chunks/node_modules_next_dist_1e8vcs8._.js:776
[ 1688343ms] [LOG] [Fast Refresh] done in 1418ms @ http://localhost:3000/_next/static/chunks/node_modules_next_dist_1e8vcs8._.js:776
[ 1688450ms] [LOG] [Fast Refresh] done in 1418ms @ http://localhost:3000/_next/static/chunks/node_modules_next_dist_1e8vcs8._.js:776
[ 1688588ms] [LOG] [Fast Refresh] done in 1418ms @ http://localhost:3000/_next/static/chunks/node_modules_next_dist_1e8vcs8._.js:776
[ 1688687ms] [LOG] [Fast Refresh] done in 1418ms @ http://localhost:3000/_next/static/chunks/node_modules_next_dist_1e8vcs8._.js:776
[ 1688785ms] [LOG] [Fast Refresh] done in 1418ms @ http://localhost:3000/_next/static/chunks/node_modules_next_dist_1e8vcs8._.js:776
[ 1688937ms] [LOG] [Fast Refresh] done in 1418ms @ http://localhost:3000/_next/static/chunks/node_modules_next_dist_1e8vcs8._.js:776
[ 1689074ms] [LOG] [Fast Refresh] done in 1418ms @ http://localhost:3000/_next/static/chunks/node_modules_next_dist_1e8vcs8._.js:776
[ 1689164ms] [LOG] [Fast Refresh] done in 1418ms @ http://localhost:3000/_next/static/chunks/node_modules_next_dist_1e8vcs8._.js:776
[ 1689239ms] [LOG] [Fast Refresh] done in 1418ms @ http://localhost:3000/_next/static/chunks/node_modules_next_dist_1e8vcs8._.js:776
[ 1689330ms] [LOG] [Fast Refresh] done in 1418ms @ http://localhost:3000/_next/static/chunks/node_modules_next_dist_1e8vcs8._.js:776
[ 1689492ms] [LOG] [Fast Refresh] done in 1418ms @ http://localhost:3000/_next/static/chunks/node_modules_next_dist_1e8vcs8._.js:776
[ 1689582ms] [LOG] [Fast Refresh] done in 1418ms @ http://localhost:3000/_next/static/chunks/node_modules_next_dist_1e8vcs8._.js:776
[ 1689699ms] [LOG] [Fast Refresh] done in 1418ms @ http://localhost:3000/_next/static/chunks/node_modules_next_dist_1e8vcs8._.js:776
[ 1689869ms] [LOG] [Fast Refresh] done in 1418ms @ http://localhost:3000/_next/static/chunks/node_modules_next_dist_1e8vcs8._.js:776
[ 1689961ms] [LOG] [Fast Refresh] done in 1418ms @ http://localhost:3000/_next/static/chunks/node_modules_next_dist_1e8vcs8._.js:776
[ 1690091ms] [LOG] [Fast Refresh] done in 1418ms @ http://localhost:3000/_next/static/chunks/node_modules_next_dist_1e8vcs8._.js:776
[ 1690242ms] [LOG] [Fast Refresh] done in 1418ms @ http://localhost:3000/_next/static/chunks/node_modules_next_dist_1e8vcs8._.js:776
[ 1690361ms] [LOG] [Fast Refresh] done in 1418ms @ http://localhost:3000/_next/static/chunks/node_modules_next_dist_1e8vcs8._.js:776
[ 1690496ms] [LOG] [Fast Refresh] done in 1418ms @ http://localhost:3000/_next/static/chunks/node_modules_next_dist_1e8vcs8._.js:776
[ 1690593ms] [LOG] [Fast Refresh] done in 1418ms @ http://localhost:3000/_next/static/chunks/node_modules_next_dist_1e8vcs8._.js:776
[ 1690729ms] [LOG] [Fast Refresh] done in 1418ms @ http://localhost:3000/_next/static/chunks/node_modules_next_dist_1e8vcs8._.js:776
[ 1690846ms] [LOG] [Fast Refresh] done in 1418ms @ http://localhost:3000/_next/static/chunks/node_modules_next_dist_1e8vcs8._.js:776
[ 1691002ms] [LOG] [Fast Refresh] done in 1418ms @ http://localhost:3000/_next/static/chunks/node_modules_next_dist_1e8vcs8._.js:776
[ 1691108ms] [LOG] [Fast Refresh] done in 1418ms @ http://localhost:3000/_next/static/chunks/node_modules_next_dist_1e8vcs8._.js:776
[ 1691204ms] [LOG] [Fast Refresh] done in 1418ms @ http://localhost:3000/_next/static/chunks/node_modules_next_dist_1e8vcs8._.js:776
[ 1691315ms] [LOG] [Fast Refresh] done in 1418ms @ http://localhost:3000/_next/static/chunks/node_modules_next_dist_1e8vcs8._.js:776
[ 1691403ms] [LOG] [Fast Refresh] done in 1418ms @ http://localhost:3000/_next/static/chunks/node_modules_next_dist_1e8vcs8._.js:776
[ 1691513ms] [LOG] [Fast Refresh] done in 1418ms @ http://localhost:3000/_next/static/chunks/node_modules_next_dist_1e8vcs8._.js:776
[ 1691621ms] [LOG] [Fast Refresh] done in 1418ms @ http://localhost:3000/_next/static/chunks/node_modules_next_dist_1e8vcs8._.js:776
[ 1691776ms] [LOG] [Fast Refresh] done in 1418ms @ http://localhost:3000/_next/static/chunks/node_modules_next_dist_1e8vcs8._.js:776
[ 1691914ms] [LOG] [Fast Refresh] done in 1418ms @ http://localhost:3000/_next/static/chunks/node_modules_next_dist_1e8vcs8._.js:776
[ 1692037ms] [LOG] [Fast Refresh] done in 1418ms @ http://localhost:3000/_next/static/chunks/node_modules_next_dist_1e8vcs8._.js:776
[ 1692133ms] [LOG] [Fast Refresh] done in 1418ms @ http://localhost:3000/_next/static/chunks/node_modules_next_dist_1e8vcs8._.js:776
[ 1692201ms] [LOG] [Fast Refresh] done in 1418ms @ http://localhost:3000/_next/static/chunks/node_modules_next_dist_1e8vcs8._.js:776
[ 1692301ms] [LOG] [Fast Refresh] done in 1418ms @ http://localhost:3000/_next/static/chunks/node_modules_next_dist_1e8vcs8._.js:776
[ 1692372ms] [LOG] [Fast Refresh] done in 1418ms @ http://localhost:3000/_next/static/chunks/node_modules_next_dist_1e8vcs8._.js:776
[ 1692505ms] [LOG] [Fast Refresh] done in 1418ms @ http://localhost:3000/_next/static/chunks/node_modules_next_dist_1e8vcs8._.js:776
[ 1692576ms] [LOG] [Fast Refresh] done in 1418ms @ http://localhost:3000/_next/static/chunks/node_modules_next_dist_1e8vcs8._.js:776
[ 1692692ms] [LOG] [Fast Refresh] done in 1418ms @ http://localhost:3000/_next/static/chunks/node_modules_next_dist_1e8vcs8._.js:776
[ 1692833ms] [LOG] [Fast Refresh] done in 1418ms @ http://localhost:3000/_next/static/chunks/node_modules_next_dist_1e8vcs8._.js:776
[ 1692930ms] [LOG] [Fast Refresh] done in 1418ms @ http://localhost:3000/_next/static/chunks/node_modules_next_dist_1e8vcs8._.js:776
[ 1693025ms] [LOG] [Fast Refresh] done in 1418ms @ http://localhost:3000/_next/static/chunks/node_modules_next_dist_1e8vcs8._.js:776
[ 1693101ms] [LOG] [Fast Refresh] done in 1418ms @ http://localhost:3000/_next/static/chunks/node_modules_next_dist_1e8vcs8._.js:776
[ 1693237ms] [LOG] [Fast Refresh] done in 1418ms @ http://localhost:3000/_next/static/chunks/node_modules_next_dist_1e8vcs8._.js:776
[ 1693314ms] [LOG] [Fast Refresh] done in 1418ms @ http://localhost:3000/_next/static/chunks/node_modules_next_dist_1e8vcs8._.js:776
[ 1693405ms] [LOG] [Fast Refresh] done in 1418ms @ http://localhost:3000/_next/static/chunks/node_modules_next_dist_1e8vcs8._.js:776
[ 1693518ms] [LOG] [Fast Refresh] done in 1418ms @ http://localhost:3000/_next/static/chunks/node_modules_next_dist_1e8vcs8._.js:776
[ 1693613ms] [LOG] [Fast Refresh] done in 1418ms @ http://localhost:3000/_next/static/chunks/node_modules_next_dist_1e8vcs8._.js:776
[ 1693695ms] [LOG] [Fast Refresh] done in 1418ms @ http://localhost:3000/_next/static/chunks/node_modules_next_dist_1e8vcs8._.js:776
[ 1693812ms] [LOG] [Fast Refresh] done in 1418ms @ http://localhost:3000/_next/static/chunks/node_modules_next_dist_1e8vcs8._.js:776
[ 1693926ms] [LOG] [Fast Refresh] done in 1418ms @ http://localhost:3000/_next/static/chunks/node_modules_next_dist_1e8vcs8._.js:776
[ 1694015ms] [LOG] [Fast Refresh] done in 1418ms @ http://localhost:3000/_next/static/chunks/node_modules_next_dist_1e8vcs8._.js:776
[ 1694094ms] [LOG] [Fast Refresh] done in 1418ms @ http://localhost:3000/_next/static/chunks/node_modules_next_dist_1e8vcs8._.js:776
[ 1694214ms] [LOG] [Fast Refresh] done in 1418ms @ http://localhost:3000/_next/static/chunks/node_modules_next_dist_1e8vcs8._.js:776
[ 1694286ms] [LOG] [Fast Refresh] done in 1418ms @ http://localhost:3000/_next/static/chunks/node_modules_next_dist_1e8vcs8._.js:776
[ 1694410ms] [LOG] [Fast Refresh] done in 1418ms @ http://localhost:3000/_next/static/chunks/node_modules_next_dist_1e8vcs8._.js:776
[ 1694527ms] [LOG] [Fast Refresh] done in 1418ms @ http://localhost:3000/_next/static/chunks/node_modules_next_dist_1e8vcs8._.js:776
[ 1694621ms] [LOG] [Fast Refresh] done in 1418ms @ http://localhost:3000/_next/static/chunks/node_modules_next_dist_1e8vcs8._.js:776
[ 1694709ms] [LOG] [Fast Refresh] done in 1418ms @ http://localhost:3000/_next/static/chunks/node_modules_next_dist_1e8vcs8._.js:776
[ 1694835ms] [LOG] [Fast Refresh] done in 1418ms @ http://localhost:3000/_next/static/chunks/node_modules_next_dist_1e8vcs8._.js:776
[ 1694927ms] [LOG] [Fast Refresh] done in 1418ms @ http://localhost:3000/_next/static/chunks/node_modules_next_dist_1e8vcs8._.js:776
[ 1695025ms] [LOG] [Fast Refresh] done in 1418ms @ http://localhost:3000/_next/static/chunks/node_modules_next_dist_1e8vcs8._.js:776
[ 1695126ms] [LOG] [Fast Refresh] done in 1418ms @ http://localhost:3000/_next/static/chunks/node_modules_next_dist_1e8vcs8._.js:776
[ 1695278ms] [LOG] [Fast Refresh] done in 1418ms @ http://localhost:3000/_next/static/chunks/node_modules_next_dist_1e8vcs8._.js:776
[ 1695396ms] [LOG] [Fast Refresh] done in 1418ms @ http://localhost:3000/_next/static/chunks/node_modules_next_dist_1e8vcs8._.js:776
[ 1695503ms] [LOG] [Fast Refresh] done in 1418ms @ http://localhost:3000/_next/static/chunks/node_modules_next_dist_1e8vcs8._.js:776
[ 1695607ms] [LOG] [Fast Refresh] done in 1418ms @ http://localhost:3000/_next/static/chunks/node_modules_next_dist_1e8vcs8._.js:776
[ 1695709ms] [LOG] [Fast Refresh] done in 1418ms @ http://localhost:3000/_next/static/chunks/node_modules_next_dist_1e8vcs8._.js:776
[ 1695810ms] [LOG] [Fast Refresh] done in 1418ms @ http://localhost:3000/_next/static/chunks/node_modules_next_dist_1e8vcs8._.js:776
[ 1695906ms] [LOG] [Fast Refresh] done in 1418ms @ http://localhost:3000/_next/static/chunks/node_modules_next_dist_1e8vcs8._.js:776
[ 1695995ms] [LOG] [Fast Refresh] done in 1418ms @ http://localhost:3000/_next/static/chunks/node_modules_next_dist_1e8vcs8._.js:776
[ 1696088ms] [LOG] [Fast Refresh] done in 1418ms @ http://localhost:3000/_next/static/chunks/node_modules_next_dist_1e8vcs8._.js:776
[ 1696150ms] [LOG] [Fast Refresh] done in 1418ms @ http://localhost:3000/_next/static/chunks/node_modules_next_dist_1e8vcs8._.js:776
[ 1696246ms] [LOG] [Fast Refresh] done in 1418ms @ http://localhost:3000/_next/static/chunks/node_modules_next_dist_1e8vcs8._.js:776
[ 1696334ms] [LOG] [Fast Refresh] done in 1418ms @ http://localhost:3000/_next/static/chunks/node_modules_next_dist_1e8vcs8._.js:776
[ 1696446ms] [LOG] [Fast Refresh] done in 1418ms @ http://localhost:3000/_next/static/chunks/node_modules_next_dist_1e8vcs8._.js:776
[ 1696518ms] [LOG] [Fast Refresh] done in 1418ms @ http://localhost:3000/_next/static/chunks/node_modules_next_dist_1e8vcs8._.js:776
[ 1696594ms] [LOG] [Fast Refresh] done in 1418ms @ http://localhost:3000/_next/static/chunks/node_modules_next_dist_1e8vcs8._.js:776
[ 1696690ms] [LOG] [Fast Refresh] done in 1418ms @ http://localhost:3000/_next/static/chunks/node_modules_next_dist_1e8vcs8._.js:776
[ 1696766ms] [LOG] [Fast Refresh] done in 1418ms @ http://localhost:3000/_next/static/chunks/node_modules_next_dist_1e8vcs8._.js:776
[ 1696861ms] [LOG] [Fast Refresh] done in 1418ms @ http://localhost:3000/_next/static/chunks/node_modules_next_dist_1e8vcs8._.js:776
[ 1696983ms] [LOG] [Fast Refresh] done in 1418ms @ http://localhost:3000/_next/static/chunks/node_modules_next_dist_1e8vcs8._.js:776
[ 1697042ms] [LOG] [Fast Refresh] done in 1418ms @ http://localhost:3000/_next/static/chunks/node_modules_next_dist_1e8vcs8._.js:776
[ 1697140ms] [LOG] [Fast Refresh] done in 1418ms @ http://localhost:3000/_next/static/chunks/node_modules_next_dist_1e8vcs8._.js:776
[ 1697224ms] [LOG] [Fast Refresh] done in 1418ms @ http://localhost:3000/_next/static/chunks/node_modules_next_dist_1e8vcs8._.js:776
[ 1697329ms] [LOG] [Fast Refresh] done in 1418ms @ http://localhost:3000/_next/static/chunks/node_modules_next_dist_1e8vcs8._.js:776
[ 1697434ms] [LOG] [Fast Refresh] done in 1418ms @ http://localhost:3000/_next/static/chunks/node_modules_next_dist_1e8vcs8._.js:776
[ 1697526ms] [LOG] [Fast Refresh] done in 1418ms @ http://localhost:3000/_next/static/chunks/node_modules_next_dist_1e8vcs8._.js:776
[ 1697597ms] [LOG] [Fast Refresh] done in 1418ms @ http://localhost:3000/_next/static/chunks/node_modules_next_dist_1e8vcs8._.js:776
[ 1697681ms] [LOG] [Fast Refresh] done in 1418ms @ http://localhost:3000/_next/static/chunks/node_modules_next_dist_1e8vcs8._.js:776
[ 1697764ms] [LOG] [Fast Refresh] done in 1418ms @ http://localhost:3000/_next/static/chunks/node_modules_next_dist_1e8vcs8._.js:776
[ 1697860ms] [LOG] [Fast Refresh] done in 1418ms @ http://localhost:3000/_next/static/chunks/node_modules_next_dist_1e8vcs8._.js:776
[ 1697959ms] [LOG] [Fast Refresh] done in 1418ms @ http://localhost:3000/_next/static/chunks/node_modules_next_dist_1e8vcs8._.js:776
[ 1698038ms] [LOG] [Fast Refresh] done in 1418ms @ http://localhost:3000/_next/static/chunks/node_modules_next_dist_1e8vcs8._.js:776
[ 1698120ms] [LOG] [Fast Refresh] done in 1418ms @ http://localhost:3000/_next/static/chunks/node_modules_next_dist_1e8vcs8._.js:776
[ 1698225ms] [LOG] [Fast Refresh] done in 1418ms @ http://localhost:3000/_next/static/chunks/node_modules_next_dist_1e8vcs8._.js:776
[ 1698315ms] [LOG] [Fast Refresh] done in 1418ms @ http://localhost:3000/_next/static/chunks/node_modules_next_dist_1e8vcs8._.js:776
[ 1698431ms] [LOG] [Fast Refresh] done in 1418ms @ http://localhost:3000/_next/static/chunks/node_modules_next_dist_1e8vcs8._.js:776
[ 1698536ms] [LOG] [Fast Refresh] done in 1418ms @ http://localhost:3000/_next/static/chunks/node_modules_next_dist_1e8vcs8._.js:776
[ 1698637ms] [LOG] [Fast Refresh] done in 1418ms @ http://localhost:3000/_next/static/chunks/node_modules_next_dist_1e8vcs8._.js:776
[ 1698728ms] [LOG] [Fast Refresh] done in 1418ms @ http://localhost:3000/_next/static/chunks/node_modules_next_dist_1e8vcs8._.js:776
[ 1698807ms] [LOG] [Fast Refresh] done in 1418ms @ http://localhost:3000/_next/static/chunks/node_modules_next_dist_1e8vcs8._.js:776
[ 1698908ms] [LOG] [Fast Refresh] done in 1418ms @ http://localhost:3000/_next/static/chunks/node_modules_next_dist_1e8vcs8._.js:776
[ 1698998ms] [LOG] [Fast Refresh] done in 1418ms @ http://localhost:3000/_next/static/chunks/node_modules_next_dist_1e8vcs8._.js:776
[ 1699135ms] [LOG] [Fast Refresh] done in 1418ms @ http://localhost:3000/_next/static/chunks/node_modules_next_dist_1e8vcs8._.js:776
[ 1699213ms] [LOG] [Fast Refresh] done in 1418ms @ http://localhost:3000/_next/static/chunks/node_modules_next_dist_1e8vcs8._.js:776
[ 1699329ms] [LOG] [Fast Refresh] done in 1418ms @ http://localhost:3000/_next/static/chunks/node_modules_next_dist_1e8vcs8._.js:776
[ 1699434ms] [LOG] [Fast Refresh] done in 1418ms @ http://localhost:3000/_next/static/chunks/node_modules_next_dist_1e8vcs8._.js:776
[ 1699578ms] [LOG] [Fast Refresh] done in 1418ms @ http://localhost:3000/_next/static/chunks/node_modules_next_dist_1e8vcs8._.js:776
[ 1699660ms] [LOG] [Fast Refresh] done in 1418ms @ http://localhost:3000/_next/static/chunks/node_modules_next_dist_1e8vcs8._.js:776
[ 1699788ms] [LOG] [Fast Refresh] done in 1418ms @ http://localhost:3000/_next/static/chunks/node_modules_next_dist_1e8vcs8._.js:776
[ 1699868ms] [LOG] [Fast Refresh] done in 1418ms @ http://localhost:3000/_next/static/chunks/node_modules_next_dist_1e8vcs8._.js:776
[ 1699944ms] [LOG] [Fast Refresh] done in 1418ms @ http://localhost:3000/_next/static/chunks/node_modules_next_dist_1e8vcs8._.js:776
[ 1700077ms] [LOG] [Fast Refresh] done in 1418ms @ http://localhost:3000/_next/static/chunks/node_modules_next_dist_1e8vcs8._.js:776
[ 1700147ms] [LOG] [Fast Refresh] done in 1418ms @ http://localhost:3000/_next/static/chunks/node_modules_next_dist_1e8vcs8._.js:776
[ 1700233ms] [LOG] [Fast Refresh] done in 1418ms @ http://localhost:3000/_next/static/chunks/node_modules_next_dist_1e8vcs8._.js:776
[ 1700333ms] [LOG] [Fast Refresh] done in 1418ms @ http://localhost:3000/_next/static/chunks/node_modules_next_dist_1e8vcs8._.js:776
[ 1700420ms] [LOG] [Fast Refresh] done in 1418ms @ http://localhost:3000/_next/static/chunks/node_modules_next_dist_1e8vcs8._.js:776
[ 1700543ms] [LOG] [Fast Refresh] done in 1418ms @ http://localhost:3000/_next/static/chunks/node_modules_next_dist_1e8vcs8._.js:776
[ 1700642ms] [LOG] [Fast Refresh] done in 1418ms @ http://localhost:3000/_next/static/chunks/node_modules_next_dist_1e8vcs8._.js:776
[ 1700764ms] [LOG] [Fast Refresh] done in 1418ms @ http://localhost:3000/_next/static/chunks/node_modules_next_dist_1e8vcs8._.js:776
[ 1701026ms] [LOG] [Fast Refresh] rebuilding @ http://localhost:3000/_next/static/chunks/node_modules_next_dist_1e8vcs8._.js:776
[ 1701560ms] [LOG] [Fast Refresh] done in 607ms @ http://localhost:3000/_next/static/chunks/node_modules_next_dist_1e8vcs8._.js:776
[ 1701640ms] [LOG] [Fast Refresh] done in 607ms @ http://localhost:3000/_next/static/chunks/node_modules_next_dist_1e8vcs8._.js:776
[ 1701943ms] [LOG] [Fast Refresh] rebuilding @ http://localhost:3000/_next/static/chunks/node_modules_next_dist_1e8vcs8._.js:776
[ 1702043ms] [LOG] [Fast Refresh] done in 208ms @ http://localhost:3000/_next/static/chunks/node_modules_next_dist_1e8vcs8._.js:776
[ 1712314ms] [LOG] [Fast Refresh] rebuilding @ http://localhost:3000/_next/static/chunks/node_modules_next_dist_1e8vcs8._.js:776
[ 1714248ms] [LOG] [Fast Refresh] done in 2015ms @ http://localhost:3000/_next/static/chunks/node_modules_next_dist_1e8vcs8._.js:776
[ 1729829ms] [LOG] [Fast Refresh] rebuilding @ http://localhost:3000/_next/static/chunks/node_modules_next_dist_1e8vcs8._.js:776
[ 1731332ms] [LOG] [Fast Refresh] done in 1341ms @ http://localhost:3000/_next/static/chunks/node_modules_next_dist_1e8vcs8._.js:776
[ 1731423ms] [LOG] [Fast Refresh] done in 1341ms @ http://localhost:3000/_next/static/chunks/node_modules_next_dist_1e8vcs8._.js:776
[ 1731496ms] [LOG] [Fast Refresh] done in 1341ms @ http://localhost:3000/_next/static/chunks/node_modules_next_dist_1e8vcs8._.js:776
[ 1731625ms] [LOG] [Fast Refresh] done in 1341ms @ http://localhost:3000/_next/static/chunks/node_modules_next_dist_1e8vcs8._.js:776
[ 1731772ms] [LOG] [Fast Refresh] done in 1341ms @ http://localhost:3000/_next/static/chunks/node_modules_next_dist_1e8vcs8._.js:776
[ 1731872ms] [LOG] [Fast Refresh] done in 1341ms @ http://localhost:3000/_next/static/chunks/node_modules_next_dist_1e8vcs8._.js:776
[ 1731948ms] [LOG] [Fast Refresh] done in 1341ms @ http://localhost:3000/_next/static/chunks/node_modules_next_dist_1e8vcs8._.js:776
[ 1732032ms] [LOG] [Fast Refresh] done in 1341ms @ http://localhost:3000/_next/static/chunks/node_modules_next_dist_1e8vcs8._.js:776
[ 1732161ms] [LOG] [Fast Refresh] done in 1341ms @ http://localhost:3000/_next/static/chunks/node_modules_next_dist_1e8vcs8._.js:776
[ 1732299ms] [LOG] [Fast Refresh] done in 1341ms @ http://localhost:3000/_next/static/chunks/node_modules_next_dist_1e8vcs8._.js:776
[ 1732425ms] [LOG] [Fast Refresh] done in 1341ms @ http://localhost:3000/_next/static/chunks/node_modules_next_dist_1e8vcs8._.js:776
[ 1732535ms] [LOG] [Fast Refresh] done in 1341ms @ http://localhost:3000/_next/static/chunks/node_modules_next_dist_1e8vcs8._.js:776
[ 1732671ms] [LOG] [Fast Refresh] done in 1341ms @ http://localhost:3000/_next/static/chunks/node_modules_next_dist_1e8vcs8._.js:776
[ 1732816ms] [LOG] [Fast Refresh] done in 1341ms @ http://localhost:3000/_next/static/chunks/node_modules_next_dist_1e8vcs8._.js:776
[ 1732917ms] [LOG] [Fast Refresh] done in 1341ms @ http://localhost:3000/_next/static/chunks/node_modules_next_dist_1e8vcs8._.js:776
[ 1733044ms] [LOG] [Fast Refresh] done in 1341ms @ http://localhost:3000/_next/static/chunks/node_modules_next_dist_1e8vcs8._.js:776
[ 1733143ms] [LOG] [Fast Refresh] done in 1341ms @ http://localhost:3000/_next/static/chunks/node_modules_next_dist_1e8vcs8._.js:776
[ 1733221ms] [LOG] [Fast Refresh] done in 1341ms @ http://localhost:3000/_next/static/chunks/node_modules_next_dist_1e8vcs8._.js:776
[ 1733345ms] [LOG] [Fast Refresh] done in 1341ms @ http://localhost:3000/_next/static/chunks/node_modules_next_dist_1e8vcs8._.js:776
[ 1733481ms] [LOG] [Fast Refresh] done in 1341ms @ http://localhost:3000/_next/static/chunks/node_modules_next_dist_1e8vcs8._.js:776
[ 1733589ms] [LOG] [Fast Refresh] done in 1341ms @ http://localhost:3000/_next/static/chunks/node_modules_next_dist_1e8vcs8._.js:776
[ 1733671ms] [LOG] [Fast Refresh] done in 1341ms @ http://localhost:3000/_next/static/chunks/node_modules_next_dist_1e8vcs8._.js:776
[ 1733753ms] [LOG] [Fast Refresh] done in 1341ms @ http://localhost:3000/_next/static/chunks/node_modules_next_dist_1e8vcs8._.js:776
[ 1733855ms] [LOG] [Fast Refresh] done in 1341ms @ http://localhost:3000/_next/static/chunks/node_modules_next_dist_1e8vcs8._.js:776
[ 1733939ms] [LOG] [Fast Refresh] done in 1341ms @ http://localhost:3000/_next/static/chunks/node_modules_next_dist_1e8vcs8._.js:776
[ 1734041ms] [LOG] [Fast Refresh] done in 1341ms @ http://localhost:3000/_next/static/chunks/node_modules_next_dist_1e8vcs8._.js:776
[ 1734140ms] [LOG] [Fast Refresh] done in 1341ms @ http://localhost:3000/_next/static/chunks/node_modules_next_dist_1e8vcs8._.js:776
[ 1734254ms] [LOG] [Fast Refresh] done in 1341ms @ http://localhost:3000/_next/static/chunks/node_modules_next_dist_1e8vcs8._.js:776
[ 1734311ms] [LOG] [Fast Refresh] done in 1341ms @ http://localhost:3000/_next/static/chunks/node_modules_next_dist_1e8vcs8._.js:776
[ 1734456ms] [LOG] [Fast Refresh] done in 1341ms @ http://localhost:3000/_next/static/chunks/node_modules_next_dist_1e8vcs8._.js:776
[ 1734553ms] [LOG] [Fast Refresh] done in 1341ms @ http://localhost:3000/_next/static/chunks/node_modules_next_dist_1e8vcs8._.js:776
[ 1734679ms] [LOG] [Fast Refresh] done in 1341ms @ http://localhost:3000/_next/static/chunks/node_modules_next_dist_1e8vcs8._.js:776
[ 1734804ms] [LOG] [Fast Refresh] done in 1341ms @ http://localhost:3000/_next/static/chunks/node_modules_next_dist_1e8vcs8._.js:776
[ 1734934ms] [LOG] [Fast Refresh] done in 1341ms @ http://localhost:3000/_next/static/chunks/node_modules_next_dist_1e8vcs8._.js:776
[ 1735082ms] [LOG] [Fast Refresh] done in 1341ms @ http://localhost:3000/_next/static/chunks/node_modules_next_dist_1e8vcs8._.js:776
[ 1735170ms] [LOG] [Fast Refresh] done in 1341ms @ http://localhost:3000/_next/static/chunks/node_modules_next_dist_1e8vcs8._.js:776
[ 1735280ms] [LOG] [Fast Refresh] done in 1341ms @ http://localhost:3000/_next/static/chunks/node_modules_next_dist_1e8vcs8._.js:776
[ 1735414ms] [LOG] [Fast Refresh] done in 1341ms @ http://localhost:3000/_next/static/chunks/node_modules_next_dist_1e8vcs8._.js:776
[ 1735524ms] [LOG] [Fast Refresh] done in 1341ms @ http://localhost:3000/_next/static/chunks/node_modules_next_dist_1e8vcs8._.js:776
[ 1735649ms] [LOG] [Fast Refresh] done in 1341ms @ http://localhost:3000/_next/static/chunks/node_modules_next_dist_1e8vcs8._.js:776
[ 1735751ms] [LOG] [Fast Refresh] done in 1341ms @ http://localhost:3000/_next/static/chunks/node_modules_next_dist_1e8vcs8._.js:776
[ 1735865ms] [LOG] [Fast Refresh] done in 1341ms @ http://localhost:3000/_next/static/chunks/node_modules_next_dist_1e8vcs8._.js:776
[ 1736103ms] [LOG] [Fast Refresh] done in 1341ms @ http://localhost:3000/_next/static/chunks/node_modules_next_dist_1e8vcs8._.js:776
[ 1736234ms] [LOG] [Fast Refresh] done in 1341ms @ http://localhost:3000/_next/static/chunks/node_modules_next_dist_1e8vcs8._.js:776
[ 1736345ms] [LOG] [Fast Refresh] done in 1341ms @ http://localhost:3000/_next/static/chunks/node_modules_next_dist_1e8vcs8._.js:776
[ 1736460ms] [LOG] [Fast Refresh] done in 1341ms @ http://localhost:3000/_next/static/chunks/node_modules_next_dist_1e8vcs8._.js:776
[ 1736543ms] [LOG] [Fast Refresh] done in 1341ms @ http://localhost:3000/_next/static/chunks/node_modules_next_dist_1e8vcs8._.js:776
[ 1736627ms] [LOG] [Fast Refresh] done in 1341ms @ http://localhost:3000/_next/static/chunks/node_modules_next_dist_1e8vcs8._.js:776
[ 1736703ms] [LOG] [Fast Refresh] done in 1341ms @ http://localhost:3000/_next/static/chunks/node_modules_next_dist_1e8vcs8._.js:776
[ 1736787ms] [LOG] [Fast Refresh] done in 1341ms @ http://localhost:3000/_next/static/chunks/node_modules_next_dist_1e8vcs8._.js:776
[ 1736929ms] [LOG] [Fast Refresh] done in 1341ms @ http://localhost:3000/_next/static/chunks/node_modules_next_dist_1e8vcs8._.js:776
[ 1737048ms] [LOG] [Fast Refresh] done in 1341ms @ http://localhost:3000/_next/static/chunks/node_modules_next_dist_1e8vcs8._.js:776
[ 1737178ms] [LOG] [Fast Refresh] done in 1341ms @ http://localhost:3000/_next/static/chunks/node_modules_next_dist_1e8vcs8._.js:776
[ 1737268ms] [LOG] [Fast Refresh] done in 1341ms @ http://localhost:3000/_next/static/chunks/node_modules_next_dist_1e8vcs8._.js:776
[ 1737355ms] [LOG] [Fast Refresh] done in 1341ms @ http://localhost:3000/_next/static/chunks/node_modules_next_dist_1e8vcs8._.js:776
[ 1737439ms] [LOG] [Fast Refresh] done in 1341ms @ http://localhost:3000/_next/static/chunks/node_modules_next_dist_1e8vcs8._.js:776
[ 1737545ms] [LOG] [Fast Refresh] done in 1341ms @ http://localhost:3000/_next/static/chunks/node_modules_next_dist_1e8vcs8._.js:776
[ 1737643ms] [LOG] [Fast Refresh] done in 1341ms @ http://localhost:3000/_next/static/chunks/node_modules_next_dist_1e8vcs8._.js:776
[ 1737747ms] [LOG] [Fast Refresh] done in 1341ms @ http://localhost:3000/_next/static/chunks/node_modules_next_dist_1e8vcs8._.js:776
[ 1737846ms] [LOG] [Fast Refresh] done in 1341ms @ http://localhost:3000/_next/static/chunks/node_modules_next_dist_1e8vcs8._.js:776
[ 1737982ms] [LOG] [Fast Refresh] done in 1341ms @ http://localhost:3000/_next/static/chunks/node_modules_next_dist_1e8vcs8._.js:776
[ 1738098ms] [LOG] [Fast Refresh] done in 1341ms @ http://localhost:3000/_next/static/chunks/node_modules_next_dist_1e8vcs8._.js:776
[ 1738195ms] [LOG] [Fast Refresh] done in 1341ms @ http://localhost:3000/_next/static/chunks/node_modules_next_dist_1e8vcs8._.js:776
[ 1738310ms] [LOG] [Fast Refresh] done in 1341ms @ http://localhost:3000/_next/static/chunks/node_modules_next_dist_1e8vcs8._.js:776
[ 1738414ms] [LOG] [Fast Refresh] done in 1341ms @ http://localhost:3000/_next/static/chunks/node_modules_next_dist_1e8vcs8._.js:776
[ 1738550ms] [LOG] [Fast Refresh] done in 1341ms @ http://localhost:3000/_next/static/chunks/node_modules_next_dist_1e8vcs8._.js:776
[ 1738638ms] [LOG] [Fast Refresh] done in 1341ms @ http://localhost:3000/_next/static/chunks/node_modules_next_dist_1e8vcs8._.js:776
[ 1738729ms] [LOG] [Fast Refresh] done in 1341ms @ http://localhost:3000/_next/static/chunks/node_modules_next_dist_1e8vcs8._.js:776
[ 1738808ms] [LOG] [Fast Refresh] done in 1341ms @ http://localhost:3000/_next/static/chunks/node_modules_next_dist_1e8vcs8._.js:776
[ 1738921ms] [LOG] [Fast Refresh] done in 1341ms @ http://localhost:3000/_next/static/chunks/node_modules_next_dist_1e8vcs8._.js:776
[ 1739039ms] [LOG] [Fast Refresh] done in 1341ms @ http://localhost:3000/_next/static/chunks/node_modules_next_dist_1e8vcs8._.js:776
[ 1739176ms] [LOG] [Fast Refresh] done in 1341ms @ http://localhost:3000/_next/static/chunks/node_modules_next_dist_1e8vcs8._.js:776
[ 1739297ms] [LOG] [Fast Refresh] done in 1341ms @ http://localhost:3000/_next/static/chunks/node_modules_next_dist_1e8vcs8._.js:776
[ 1739383ms] [LOG] [Fast Refresh] done in 1341ms @ http://localhost:3000/_next/static/chunks/node_modules_next_dist_1e8vcs8._.js:776
[ 1739520ms] [LOG] [Fast Refresh] done in 1341ms @ http://localhost:3000/_next/static/chunks/node_modules_next_dist_1e8vcs8._.js:776
[ 1739671ms] [LOG] [Fast Refresh] done in 1341ms @ http://localhost:3000/_next/static/chunks/node_modules_next_dist_1e8vcs8._.js:776
[ 1739784ms] [LOG] [Fast Refresh] done in 1341ms @ http://localhost:3000/_next/static/chunks/node_modules_next_dist_1e8vcs8._.js:776
[ 1739885ms] [LOG] [Fast Refresh] done in 1341ms @ http://localhost:3000/_next/static/chunks/node_modules_next_dist_1e8vcs8._.js:776
[ 1739989ms] [LOG] [Fast Refresh] done in 1341ms @ http://localhost:3000/_next/static/chunks/node_modules_next_dist_1e8vcs8._.js:776
[ 1740126ms] [LOG] [Fast Refresh] done in 1341ms @ http://localhost:3000/_next/static/chunks/node_modules_next_dist_1e8vcs8._.js:776
[ 1740219ms] [LOG] [Fast Refresh] done in 1341ms @ http://localhost:3000/_next/static/chunks/node_modules_next_dist_1e8vcs8._.js:776
[ 1740324ms] [LOG] [Fast Refresh] done in 1341ms @ http://localhost:3000/_next/static/chunks/node_modules_next_dist_1e8vcs8._.js:776
[ 1740445ms] [LOG] [Fast Refresh] done in 1341ms @ http://localhost:3000/_next/static/chunks/node_modules_next_dist_1e8vcs8._.js:776
[ 1740563ms] [LOG] [Fast Refresh] done in 1341ms @ http://localhost:3000/_next/static/chunks/node_modules_next_dist_1e8vcs8._.js:776
[ 1740666ms] [LOG] [Fast Refresh] done in 1341ms @ http://localhost:3000/_next/static/chunks/node_modules_next_dist_1e8vcs8._.js:776
[ 1740789ms] [LOG] [Fast Refresh] done in 1341ms @ http://localhost:3000/_next/static/chunks/node_modules_next_dist_1e8vcs8._.js:776
[ 1740914ms] [LOG] [Fast Refresh] done in 1341ms @ http://localhost:3000/_next/static/chunks/node_modules_next_dist_1e8vcs8._.js:776
[ 1741023ms] [LOG] [Fast Refresh] done in 1341ms @ http://localhost:3000/_next/static/chunks/node_modules_next_dist_1e8vcs8._.js:776
[ 1741171ms] [LOG] [Fast Refresh] done in 1341ms @ http://localhost:3000/_next/static/chunks/node_modules_next_dist_1e8vcs8._.js:776
[ 1741267ms] [LOG] [Fast Refresh] done in 1341ms @ http://localhost:3000/_next/static/chunks/node_modules_next_dist_1e8vcs8._.js:776
[ 1741426ms] [LOG] [Fast Refresh] done in 1341ms @ http://localhost:3000/_next/static/chunks/node_modules_next_dist_1e8vcs8._.js:776
[ 1741548ms] [LOG] [Fast Refresh] done in 1341ms @ http://localhost:3000/_next/static/chunks/node_modules_next_dist_1e8vcs8._.js:776
[ 1741662ms] [LOG] [Fast Refresh] done in 1341ms @ http://localhost:3000/_next/static/chunks/node_modules_next_dist_1e8vcs8._.js:776
[ 1741781ms] [LOG] [Fast Refresh] done in 1341ms @ http://localhost:3000/_next/static/chunks/node_modules_next_dist_1e8vcs8._.js:776
[ 1741924ms] [LOG] [Fast Refresh] done in 1341ms @ http://localhost:3000/_next/static/chunks/node_modules_next_dist_1e8vcs8._.js:776
[ 1742064ms] [LOG] [Fast Refresh] done in 1341ms @ http://localhost:3000/_next/static/chunks/node_modules_next_dist_1e8vcs8._.js:776
[ 1742120ms] [LOG] [Fast Refresh] done in 1341ms @ http://localhost:3000/_next/static/chunks/node_modules_next_dist_1e8vcs8._.js:776
[ 1742236ms] [LOG] [Fast Refresh] done in 1341ms @ http://localhost:3000/_next/static/chunks/node_modules_next_dist_1e8vcs8._.js:776
[ 1742324ms] [LOG] [Fast Refresh] done in 1341ms @ http://localhost:3000/_next/static/chunks/node_modules_next_dist_1e8vcs8._.js:776
[ 1742442ms] [LOG] [Fast Refresh] done in 1341ms @ http://localhost:3000/_next/static/chunks/node_modules_next_dist_1e8vcs8._.js:776
[ 1742579ms] [LOG] [Fast Refresh] done in 1341ms @ http://localhost:3000/_next/static/chunks/node_modules_next_dist_1e8vcs8._.js:776
[ 1742660ms] [LOG] [Fast Refresh] done in 1341ms @ http://localhost:3000/_next/static/chunks/node_modules_next_dist_1e8vcs8._.js:776
[ 1742748ms] [LOG] [Fast Refresh] done in 1341ms @ http://localhost:3000/_next/static/chunks/node_modules_next_dist_1e8vcs8._.js:776
[ 1742839ms] [LOG] [Fast Refresh] done in 1341ms @ http://localhost:3000/_next/static/chunks/node_modules_next_dist_1e8vcs8._.js:776
[ 1742912ms] [LOG] [Fast Refresh] done in 1341ms @ http://localhost:3000/_next/static/chunks/node_modules_next_dist_1e8vcs8._.js:776
[ 1742998ms] [LOG] [Fast Refresh] done in 1341ms @ http://localhost:3000/_next/static/chunks/node_modules_next_dist_1e8vcs8._.js:776
[ 1743105ms] [LOG] [Fast Refresh] done in 1341ms @ http://localhost:3000/_next/static/chunks/node_modules_next_dist_1e8vcs8._.js:776
[ 1743200ms] [LOG] [Fast Refresh] done in 1341ms @ http://localhost:3000/_next/static/chunks/node_modules_next_dist_1e8vcs8._.js:776
[ 1743282ms] [LOG] [Fast Refresh] done in 1341ms @ http://localhost:3000/_next/static/chunks/node_modules_next_dist_1e8vcs8._.js:776
[ 1743381ms] [LOG] [Fast Refresh] done in 1341ms @ http://localhost:3000/_next/static/chunks/node_modules_next_dist_1e8vcs8._.js:776
[ 1743446ms] [LOG] [Fast Refresh] done in 1341ms @ http://localhost:3000/_next/static/chunks/node_modules_next_dist_1e8vcs8._.js:776
[ 1743538ms] [LOG] [Fast Refresh] done in 1341ms @ http://localhost:3000/_next/static/chunks/node_modules_next_dist_1e8vcs8._.js:776
[ 1743666ms] [LOG] [Fast Refresh] done in 1341ms @ http://localhost:3000/_next/static/chunks/node_modules_next_dist_1e8vcs8._.js:776
[ 1743750ms] [LOG] [Fast Refresh] done in 1341ms @ http://localhost:3000/_next/static/chunks/node_modules_next_dist_1e8vcs8._.js:776
[ 1743849ms] [LOG] [Fast Refresh] done in 1341ms @ http://localhost:3000/_next/static/chunks/node_modules_next_dist_1e8vcs8._.js:776
[ 1743997ms] [LOG] [Fast Refresh] done in 1341ms @ http://localhost:3000/_next/static/chunks/node_modules_next_dist_1e8vcs8._.js:776
[ 1744101ms] [LOG] [Fast Refresh] done in 1341ms @ http://localhost:3000/_next/static/chunks/node_modules_next_dist_1e8vcs8._.js:776
[ 1744168ms] [LOG] [Fast Refresh] done in 1341ms @ http://localhost:3000/_next/static/chunks/node_modules_next_dist_1e8vcs8._.js:776
[ 1744261ms] [LOG] [Fast Refresh] done in 1341ms @ http://localhost:3000/_next/static/chunks/node_modules_next_dist_1e8vcs8._.js:776
[ 1744338ms] [LOG] [Fast Refresh] done in 1341ms @ http://localhost:3000/_next/static/chunks/node_modules_next_dist_1e8vcs8._.js:776
[ 1744412ms] [LOG] [Fast Refresh] done in 1341ms @ http://localhost:3000/_next/static/chunks/node_modules_next_dist_1e8vcs8._.js:776
[ 1744497ms] [LOG] [Fast Refresh] done in 1341ms @ http://localhost:3000/_next/static/chunks/node_modules_next_dist_1e8vcs8._.js:776
[ 1744617ms] [LOG] [Fast Refresh] done in 1341ms @ http://localhost:3000/_next/static/chunks/node_modules_next_dist_1e8vcs8._.js:776
[ 1744712ms] [LOG] [Fast Refresh] done in 1341ms @ http://localhost:3000/_next/static/chunks/node_modules_next_dist_1e8vcs8._.js:776
[ 1744817ms] [LOG] [Fast Refresh] done in 1341ms @ http://localhost:3000/_next/static/chunks/node_modules_next_dist_1e8vcs8._.js:776
[ 1744920ms] [LOG] [Fast Refresh] done in 1341ms @ http://localhost:3000/_next/static/chunks/node_modules_next_dist_1e8vcs8._.js:776
[ 1744983ms] [LOG] [Fast Refresh] done in 1341ms @ http://localhost:3000/_next/static/chunks/node_modules_next_dist_1e8vcs8._.js:776
[ 1745071ms] [LOG] [Fast Refresh] done in 1341ms @ http://localhost:3000/_next/static/chunks/node_modules_next_dist_1e8vcs8._.js:776
[ 1745166ms] [LOG] [Fast Refresh] done in 1341ms @ http://localhost:3000/_next/static/chunks/node_modules_next_dist_1e8vcs8._.js:776
[ 1745243ms] [LOG] [Fast Refresh] done in 1341ms @ http://localhost:3000/_next/static/chunks/node_modules_next_dist_1e8vcs8._.js:776
[ 1745332ms] [LOG] [Fast Refresh] done in 1341ms @ http://localhost:3000/_next/static/chunks/node_modules_next_dist_1e8vcs8._.js:776
[ 1745449ms] [LOG] [Fast Refresh] done in 1341ms @ http://localhost:3000/_next/static/chunks/node_modules_next_dist_1e8vcs8._.js:776
[ 1745543ms] [LOG] [Fast Refresh] done in 1341ms @ http://localhost:3000/_next/static/chunks/node_modules_next_dist_1e8vcs8._.js:776
[ 1745621ms] [LOG] [Fast Refresh] done in 1341ms @ http://localhost:3000/_next/static/chunks/node_modules_next_dist_1e8vcs8._.js:776
[ 1745718ms] [LOG] [Fast Refresh] done in 1341ms @ http://localhost:3000/_next/static/chunks/node_modules_next_dist_1e8vcs8._.js:776
[ 1745804ms] [LOG] [Fast Refresh] done in 1341ms @ http://localhost:3000/_next/static/chunks/node_modules_next_dist_1e8vcs8._.js:776
[ 1745892ms] [LOG] [Fast Refresh] done in 1341ms @ http://localhost:3000/_next/static/chunks/node_modules_next_dist_1e8vcs8._.js:776
[ 1745978ms] [LOG] [Fast Refresh] done in 1341ms @ http://localhost:3000/_next/static/chunks/node_modules_next_dist_1e8vcs8._.js:776
[ 1746042ms] [LOG] [Fast Refresh] done in 1341ms @ http://localhost:3000/_next/static/chunks/node_modules_next_dist_1e8vcs8._.js:776
[ 1746199ms] [LOG] [Fast Refresh] done in 1341ms @ http://localhost:3000/_next/static/chunks/node_modules_next_dist_1e8vcs8._.js:776
[ 1746428ms] [LOG] [Fast Refresh] rebuilding @ http://localhost:3000/_next/static/chunks/node_modules_next_dist_1e8vcs8._.js:776
[ 1747025ms] [LOG] [Fast Refresh] done in 550ms @ http://localhost:3000/_next/static/chunks/node_modules_next_dist_1e8vcs8._.js:776
[ 1747425ms] [LOG] [Fast Refresh] done in 550ms @ http://localhost:3000/_next/static/chunks/node_modules_next_dist_1e8vcs8._.js:776
[ 1747587ms] [LOG] [Fast Refresh] done in 550ms @ http://localhost:3000/_next/static/chunks/node_modules_next_dist_1e8vcs8._.js:776
[ 1747654ms] [LOG] [Fast Refresh] done in 550ms @ http://localhost:3000/_next/static/chunks/node_modules_next_dist_1e8vcs8._.js:776
[ 1747736ms] [LOG] [Fast Refresh] done in 550ms @ http://localhost:3000/_next/static/chunks/node_modules_next_dist_1e8vcs8._.js:776
[ 1747827ms] [LOG] [Fast Refresh] done in 550ms @ http://localhost:3000/_next/static/chunks/node_modules_next_dist_1e8vcs8._.js:776
[ 1747934ms] [LOG] [Fast Refresh] done in 550ms @ http://localhost:3000/_next/static/chunks/node_modules_next_dist_1e8vcs8._.js:776
[ 1748039ms] [LOG] [Fast Refresh] done in 550ms @ http://localhost:3000/_next/static/chunks/node_modules_next_dist_1e8vcs8._.js:776
[ 1748138ms] [LOG] [Fast Refresh] done in 550ms @ http://localhost:3000/_next/static/chunks/node_modules_next_dist_1e8vcs8._.js:776
[ 1748196ms] [LOG] [Fast Refresh] done in 550ms @ http://localhost:3000/_next/static/chunks/node_modules_next_dist_1e8vcs8._.js:776
[ 1748321ms] [LOG] [Fast Refresh] done in 550ms @ http://localhost:3000/_next/static/chunks/node_modules_next_dist_1e8vcs8._.js:776
[ 1748447ms] [LOG] [Fast Refresh] done in 550ms @ http://localhost:3000/_next/static/chunks/node_modules_next_dist_1e8vcs8._.js:776
[ 1748534ms] [LOG] [Fast Refresh] done in 550ms @ http://localhost:3000/_next/static/chunks/node_modules_next_dist_1e8vcs8._.js:776
[ 1748603ms] [LOG] [Fast Refresh] done in 550ms @ http://localhost:3000/_next/static/chunks/node_modules_next_dist_1e8vcs8._.js:776
[ 1748715ms] [LOG] [Fast Refresh] done in 550ms @ http://localhost:3000/_next/static/chunks/node_modules_next_dist_1e8vcs8._.js:776
[ 1748818ms] [LOG] [Fast Refresh] done in 550ms @ http://localhost:3000/_next/static/chunks/node_modules_next_dist_1e8vcs8._.js:776
[ 1748929ms] [LOG] [Fast Refresh] done in 550ms @ http://localhost:3000/_next/static/chunks/node_modules_next_dist_1e8vcs8._.js:776
[ 1749043ms] [LOG] [Fast Refresh] done in 550ms @ http://localhost:3000/_next/static/chunks/node_modules_next_dist_1e8vcs8._.js:776
[ 1749143ms] [LOG] [Fast Refresh] done in 550ms @ http://localhost:3000/_next/static/chunks/node_modules_next_dist_1e8vcs8._.js:776
[ 1749244ms] [LOG] [Fast Refresh] done in 550ms @ http://localhost:3000/_next/static/chunks/node_modules_next_dist_1e8vcs8._.js:776
[ 1749434ms] [LOG] [Fast Refresh] done in 550ms @ http://localhost:3000/_next/static/chunks/node_modules_next_dist_1e8vcs8._.js:776
[ 1749550ms] [LOG] [Fast Refresh] done in 550ms @ http://localhost:3000/_next/static/chunks/node_modules_next_dist_1e8vcs8._.js:776
[ 1749621ms] [LOG] [Fast Refresh] done in 550ms @ http://localhost:3000/_next/static/chunks/node_modules_next_dist_1e8vcs8._.js:776
[ 1749729ms] [LOG] [Fast Refresh] done in 550ms @ http://localhost:3000/_next/static/chunks/node_modules_next_dist_1e8vcs8._.js:776
[ 1749849ms] [LOG] [Fast Refresh] done in 550ms @ http://localhost:3000/_next/static/chunks/node_modules_next_dist_1e8vcs8._.js:776
[ 1749948ms] [LOG] [Fast Refresh] done in 550ms @ http://localhost:3000/_next/static/chunks/node_modules_next_dist_1e8vcs8._.js:776
[ 1750081ms] [LOG] [Fast Refresh] done in 550ms @ http://localhost:3000/_next/static/chunks/node_modules_next_dist_1e8vcs8._.js:776
[ 1750173ms] [LOG] [Fast Refresh] done in 550ms @ http://localhost:3000/_next/static/chunks/node_modules_next_dist_1e8vcs8._.js:776
[ 1750294ms] [LOG] [Fast Refresh] done in 550ms @ http://localhost:3000/_next/static/chunks/node_modules_next_dist_1e8vcs8._.js:776
[ 1750374ms] [LOG] [Fast Refresh] done in 550ms @ http://localhost:3000/_next/static/chunks/node_modules_next_dist_1e8vcs8._.js:776
[ 1750461ms] [LOG] [Fast Refresh] done in 550ms @ http://localhost:3000/_next/static/chunks/node_modules_next_dist_1e8vcs8._.js:776
[ 1750570ms] [LOG] [Fast Refresh] done in 550ms @ http://localhost:3000/_next/static/chunks/node_modules_next_dist_1e8vcs8._.js:776
[ 1750694ms] [LOG] [Fast Refresh] done in 550ms @ http://localhost:3000/_next/static/chunks/node_modules_next_dist_1e8vcs8._.js:776
[ 1750815ms] [LOG] [Fast Refresh] done in 550ms @ http://localhost:3000/_next/static/chunks/node_modules_next_dist_1e8vcs8._.js:776
[ 1750890ms] [LOG] [Fast Refresh] done in 550ms @ http://localhost:3000/_next/static/chunks/node_modules_next_dist_1e8vcs8._.js:776
[ 1750971ms] [LOG] [Fast Refresh] done in 550ms @ http://localhost:3000/_next/static/chunks/node_modules_next_dist_1e8vcs8._.js:776
[ 1751076ms] [LOG] [Fast Refresh] done in 550ms @ http://localhost:3000/_next/static/chunks/node_modules_next_dist_1e8vcs8._.js:776
[ 1751146ms] [LOG] [Fast Refresh] done in 550ms @ http://localhost:3000/_next/static/chunks/node_modules_next_dist_1e8vcs8._.js:776
[ 1751280ms] [LOG] [Fast Refresh] done in 550ms @ http://localhost:3000/_next/static/chunks/node_modules_next_dist_1e8vcs8._.js:776
[ 1751384ms] [LOG] [Fast Refresh] done in 550ms @ http://localhost:3000/_next/static/chunks/node_modules_next_dist_1e8vcs8._.js:776
[ 1751538ms] [LOG] [Fast Refresh] done in 550ms @ http://localhost:3000/_next/static/chunks/node_modules_next_dist_1e8vcs8._.js:776
[ 1751680ms] [LOG] [Fast Refresh] done in 550ms @ http://localhost:3000/_next/static/chunks/node_modules_next_dist_1e8vcs8._.js:776
[ 1751783ms] [LOG] [Fast Refresh] done in 550ms @ http://localhost:3000/_next/static/chunks/node_modules_next_dist_1e8vcs8._.js:776
[ 1751906ms] [LOG] [Fast Refresh] done in 550ms @ http://localhost:3000/_next/static/chunks/node_modules_next_dist_1e8vcs8._.js:776
[ 1752022ms] [LOG] [Fast Refresh] done in 550ms @ http://localhost:3000/_next/static/chunks/node_modules_next_dist_1e8vcs8._.js:776
[ 1752133ms] [LOG] [Fast Refresh] done in 550ms @ http://localhost:3000/_next/static/chunks/node_modules_next_dist_1e8vcs8._.js:776
[ 1752240ms] [LOG] [Fast Refresh] done in 550ms @ http://localhost:3000/_next/static/chunks/node_modules_next_dist_1e8vcs8._.js:776
[ 1752355ms] [LOG] [Fast Refresh] done in 550ms @ http://localhost:3000/_next/static/chunks/node_modules_next_dist_1e8vcs8._.js:776
[ 1752463ms] [LOG] [Fast Refresh] done in 550ms @ http://localhost:3000/_next/static/chunks/node_modules_next_dist_1e8vcs8._.js:776
[ 1752536ms] [LOG] [Fast Refresh] done in 550ms @ http://localhost:3000/_next/static/chunks/node_modules_next_dist_1e8vcs8._.js:776
[ 1752671ms] [LOG] [Fast Refresh] done in 550ms @ http://localhost:3000/_next/static/chunks/node_modules_next_dist_1e8vcs8._.js:776
[ 1752793ms] [LOG] [Fast Refresh] done in 550ms @ http://localhost:3000/_next/static/chunks/node_modules_next_dist_1e8vcs8._.js:776
[ 1752935ms] [LOG] [Fast Refresh] done in 550ms @ http://localhost:3000/_next/static/chunks/node_modules_next_dist_1e8vcs8._.js:776
[ 1753039ms] [LOG] [Fast Refresh] done in 550ms @ http://localhost:3000/_next/static/chunks/node_modules_next_dist_1e8vcs8._.js:776
[ 1753159ms] [LOG] [Fast Refresh] done in 550ms @ http://localhost:3000/_next/static/chunks/node_modules_next_dist_1e8vcs8._.js:776
[ 1753251ms] [LOG] [Fast Refresh] done in 550ms @ http://localhost:3000/_next/static/chunks/node_modules_next_dist_1e8vcs8._.js:776
[ 1753379ms] [LOG] [Fast Refresh] done in 550ms @ http://localhost:3000/_next/static/chunks/node_modules_next_dist_1e8vcs8._.js:776
[ 1753444ms] [LOG] [Fast Refresh] done in 550ms @ http://localhost:3000/_next/static/chunks/node_modules_next_dist_1e8vcs8._.js:776
[ 1753509ms] [LOG] [Fast Refresh] done in 550ms @ http://localhost:3000/_next/static/chunks/node_modules_next_dist_1e8vcs8._.js:776
[ 1753590ms] [LOG] [Fast Refresh] done in 550ms @ http://localhost:3000/_next/static/chunks/node_modules_next_dist_1e8vcs8._.js:776
[ 1753750ms] [LOG] [Fast Refresh] done in 550ms @ http://localhost:3000/_next/static/chunks/node_modules_next_dist_1e8vcs8._.js:776
[ 1753903ms] [LOG] [Fast Refresh] done in 550ms @ http://localhost:3000/_next/static/chunks/node_modules_next_dist_1e8vcs8._.js:776
[ 1754044ms] [LOG] [Fast Refresh] done in 550ms @ http://localhost:3000/_next/static/chunks/node_modules_next_dist_1e8vcs8._.js:776
[ 1754131ms] [LOG] [Fast Refresh] done in 550ms @ http://localhost:3000/_next/static/chunks/node_modules_next_dist_1e8vcs8._.js:776
[ 1754257ms] [LOG] [Fast Refresh] done in 550ms @ http://localhost:3000/_next/static/chunks/node_modules_next_dist_1e8vcs8._.js:776
[ 1754381ms] [LOG] [Fast Refresh] done in 550ms @ http://localhost:3000/_next/static/chunks/node_modules_next_dist_1e8vcs8._.js:776
[ 1754491ms] [LOG] [Fast Refresh] done in 550ms @ http://localhost:3000/_next/static/chunks/node_modules_next_dist_1e8vcs8._.js:776
[ 1754578ms] [LOG] [Fast Refresh] done in 550ms @ http://localhost:3000/_next/static/chunks/node_modules_next_dist_1e8vcs8._.js:776
[ 1754654ms] [LOG] [Fast Refresh] done in 550ms @ http://localhost:3000/_next/static/chunks/node_modules_next_dist_1e8vcs8._.js:776
[ 1754740ms] [LOG] [Fast Refresh] done in 550ms @ http://localhost:3000/_next/static/chunks/node_modules_next_dist_1e8vcs8._.js:776
[ 1754821ms] [LOG] [Fast Refresh] done in 550ms @ http://localhost:3000/_next/static/chunks/node_modules_next_dist_1e8vcs8._.js:776
[ 1754933ms] [LOG] [Fast Refresh] done in 550ms @ http://localhost:3000/_next/static/chunks/node_modules_next_dist_1e8vcs8._.js:776
[ 1755068ms] [LOG] [Fast Refresh] done in 550ms @ http://localhost:3000/_next/static/chunks/node_modules_next_dist_1e8vcs8._.js:776
[ 1755158ms] [LOG] [Fast Refresh] done in 550ms @ http://localhost:3000/_next/static/chunks/node_modules_next_dist_1e8vcs8._.js:776
[ 1755284ms] [LOG] [Fast Refresh] done in 550ms @ http://localhost:3000/_next/static/chunks/node_modules_next_dist_1e8vcs8._.js:776
[ 1755378ms] [LOG] [Fast Refresh] done in 550ms @ http://localhost:3000/_next/static/chunks/node_modules_next_dist_1e8vcs8._.js:776
[ 1755496ms] [LOG] [Fast Refresh] done in 550ms @ http://localhost:3000/_next/static/chunks/node_modules_next_dist_1e8vcs8._.js:776
[ 1755592ms] [LOG] [Fast Refresh] done in 550ms @ http://localhost:3000/_next/static/chunks/node_modules_next_dist_1e8vcs8._.js:776
[ 1755721ms] [LOG] [Fast Refresh] done in 550ms @ http://localhost:3000/_next/static/chunks/node_modules_next_dist_1e8vcs8._.js:776
[ 1755830ms] [LOG] [Fast Refresh] done in 550ms @ http://localhost:3000/_next/static/chunks/node_modules_next_dist_1e8vcs8._.js:776
[ 1755959ms] [LOG] [Fast Refresh] done in 550ms @ http://localhost:3000/_next/static/chunks/node_modules_next_dist_1e8vcs8._.js:776
[ 1756074ms] [LOG] [Fast Refresh] done in 550ms @ http://localhost:3000/_next/static/chunks/node_modules_next_dist_1e8vcs8._.js:776
[ 1756162ms] [LOG] [Fast Refresh] done in 550ms @ http://localhost:3000/_next/static/chunks/node_modules_next_dist_1e8vcs8._.js:776
[ 1756269ms] [LOG] [Fast Refresh] done in 550ms @ http://localhost:3000/_next/static/chunks/node_modules_next_dist_1e8vcs8._.js:776
[ 1756354ms] [LOG] [Fast Refresh] done in 550ms @ http://localhost:3000/_next/static/chunks/node_modules_next_dist_1e8vcs8._.js:776
[ 1756474ms] [LOG] [Fast Refresh] done in 550ms @ http://localhost:3000/_next/static/chunks/node_modules_next_dist_1e8vcs8._.js:776
[ 1756606ms] [LOG] [Fast Refresh] done in 550ms @ http://localhost:3000/_next/static/chunks/node_modules_next_dist_1e8vcs8._.js:776
[ 1756716ms] [LOG] [Fast Refresh] done in 550ms @ http://localhost:3000/_next/static/chunks/node_modules_next_dist_1e8vcs8._.js:776
[ 1756813ms] [LOG] [Fast Refresh] done in 550ms @ http://localhost:3000/_next/static/chunks/node_modules_next_dist_1e8vcs8._.js:776
[ 1756919ms] [LOG] [Fast Refresh] done in 550ms @ http://localhost:3000/_next/static/chunks/node_modules_next_dist_1e8vcs8._.js:776
[ 1757006ms] [LOG] [Fast Refresh] done in 550ms @ http://localhost:3000/_next/static/chunks/node_modules_next_dist_1e8vcs8._.js:776
[ 1757091ms] [LOG] [Fast Refresh] done in 550ms @ http://localhost:3000/_next/static/chunks/node_modules_next_dist_1e8vcs8._.js:776
[ 1757222ms] [LOG] [Fast Refresh] done in 550ms @ http://localhost:3000/_next/static/chunks/node_modules_next_dist_1e8vcs8._.js:776
[ 1757318ms] [LOG] [Fast Refresh] done in 550ms @ http://localhost:3000/_next/static/chunks/node_modules_next_dist_1e8vcs8._.js:776
[ 1757398ms] [LOG] [Fast Refresh] done in 550ms @ http://localhost:3000/_next/static/chunks/node_modules_next_dist_1e8vcs8._.js:776
[ 1757477ms] [LOG] [Fast Refresh] done in 550ms @ http://localhost:3000/_next/static/chunks/node_modules_next_dist_1e8vcs8._.js:776
[ 1757573ms] [LOG] [Fast Refresh] done in 550ms @ http://localhost:3000/_next/static/chunks/node_modules_next_dist_1e8vcs8._.js:776
[ 1757656ms] [LOG] [Fast Refresh] done in 550ms @ http://localhost:3000/_next/static/chunks/node_modules_next_dist_1e8vcs8._.js:776
[ 1757765ms] [LOG] [Fast Refresh] done in 550ms @ http://localhost:3000/_next/static/chunks/node_modules_next_dist_1e8vcs8._.js:776
[ 1757881ms] [LOG] [Fast Refresh] done in 550ms @ http://localhost:3000/_next/static/chunks/node_modules_next_dist_1e8vcs8._.js:776
[ 1757987ms] [LOG] [Fast Refresh] done in 550ms @ http://localhost:3000/_next/static/chunks/node_modules_next_dist_1e8vcs8._.js:776
[ 1758107ms] [LOG] [Fast Refresh] done in 550ms @ http://localhost:3000/_next/static/chunks/node_modules_next_dist_1e8vcs8._.js:776
[ 1758195ms] [LOG] [Fast Refresh] done in 550ms @ http://localhost:3000/_next/static/chunks/node_modules_next_dist_1e8vcs8._.js:776
[ 1758299ms] [LOG] [Fast Refresh] done in 550ms @ http://localhost:3000/_next/static/chunks/node_modules_next_dist_1e8vcs8._.js:776
[ 1758393ms] [LOG] [Fast Refresh] done in 550ms @ http://localhost:3000/_next/static/chunks/node_modules_next_dist_1e8vcs8._.js:776
[ 1758494ms] [LOG] [Fast Refresh] done in 550ms @ http://localhost:3000/_next/static/chunks/node_modules_next_dist_1e8vcs8._.js:776
[ 1758583ms] [LOG] [Fast Refresh] done in 550ms @ http://localhost:3000/_next/static/chunks/node_modules_next_dist_1e8vcs8._.js:776
[ 1758690ms] [LOG] [Fast Refresh] done in 550ms @ http://localhost:3000/_next/static/chunks/node_modules_next_dist_1e8vcs8._.js:776
[ 1758799ms] [LOG] [Fast Refresh] done in 550ms @ http://localhost:3000/_next/static/chunks/node_modules_next_dist_1e8vcs8._.js:776
[ 1758934ms] [LOG] [Fast Refresh] done in 550ms @ http://localhost:3000/_next/static/chunks/node_modules_next_dist_1e8vcs8._.js:776
[ 1759035ms] [LOG] [Fast Refresh] done in 550ms @ http://localhost:3000/_next/static/chunks/node_modules_next_dist_1e8vcs8._.js:776
[ 1759156ms] [LOG] [Fast Refresh] done in 550ms @ http://localhost:3000/_next/static/chunks/node_modules_next_dist_1e8vcs8._.js:776
[ 1759277ms] [LOG] [Fast Refresh] done in 550ms @ http://localhost:3000/_next/static/chunks/node_modules_next_dist_1e8vcs8._.js:776
[ 1759385ms] [LOG] [Fast Refresh] done in 550ms @ http://localhost:3000/_next/static/chunks/node_modules_next_dist_1e8vcs8._.js:776
[ 1759517ms] [LOG] [Fast Refresh] done in 550ms @ http://localhost:3000/_next/static/chunks/node_modules_next_dist_1e8vcs8._.js:776
[ 1759653ms] [LOG] [Fast Refresh] done in 550ms @ http://localhost:3000/_next/static/chunks/node_modules_next_dist_1e8vcs8._.js:776
[ 1759756ms] [LOG] [Fast Refresh] done in 550ms @ http://localhost:3000/_next/static/chunks/node_modules_next_dist_1e8vcs8._.js:776
[ 1759940ms] [LOG] [Fast Refresh] done in 550ms @ http://localhost:3000/_next/static/chunks/node_modules_next_dist_1e8vcs8._.js:776
[ 1760043ms] [LOG] [Fast Refresh] done in 550ms @ http://localhost:3000/_next/static/chunks/node_modules_next_dist_1e8vcs8._.js:776
[ 1760137ms] [LOG] [Fast Refresh] done in 550ms @ http://localhost:3000/_next/static/chunks/node_modules_next_dist_1e8vcs8._.js:776
[ 1760219ms] [LOG] [Fast Refresh] done in 550ms @ http://localhost:3000/_next/static/chunks/node_modules_next_dist_1e8vcs8._.js:776
[ 1760306ms] [LOG] [Fast Refresh] done in 550ms @ http://localhost:3000/_next/static/chunks/node_modules_next_dist_1e8vcs8._.js:776
[ 1760422ms] [LOG] [Fast Refresh] done in 550ms @ http://localhost:3000/_next/static/chunks/node_modules_next_dist_1e8vcs8._.js:776
[ 1760518ms] [LOG] [Fast Refresh] done in 550ms @ http://localhost:3000/_next/static/chunks/node_modules_next_dist_1e8vcs8._.js:776
[ 1760640ms] [LOG] [Fast Refresh] done in 550ms @ http://localhost:3000/_next/static/chunks/node_modules_next_dist_1e8vcs8._.js:776
[ 1760745ms] [LOG] [Fast Refresh] done in 550ms @ http://localhost:3000/_next/static/chunks/node_modules_next_dist_1e8vcs8._.js:776
[ 1760850ms] [LOG] [Fast Refresh] done in 550ms @ http://localhost:3000/_next/static/chunks/node_modules_next_dist_1e8vcs8._.js:776
[ 1760955ms] [LOG] [Fast Refresh] done in 550ms @ http://localhost:3000/_next/static/chunks/node_modules_next_dist_1e8vcs8._.js:776
[ 1761044ms] [LOG] [Fast Refresh] done in 550ms @ http://localhost:3000/_next/static/chunks/node_modules_next_dist_1e8vcs8._.js:776
[ 1761151ms] [LOG] [Fast Refresh] done in 550ms @ http://localhost:3000/_next/static/chunks/node_modules_next_dist_1e8vcs8._.js:776
[ 1761244ms] [LOG] [Fast Refresh] done in 550ms @ http://localhost:3000/_next/static/chunks/node_modules_next_dist_1e8vcs8._.js:776
[ 1761378ms] [LOG] [Fast Refresh] done in 550ms @ http://localhost:3000/_next/static/chunks/node_modules_next_dist_1e8vcs8._.js:776
[ 1761457ms] [LOG] [Fast Refresh] done in 550ms @ http://localhost:3000/_next/static/chunks/node_modules_next_dist_1e8vcs8._.js:776
[ 1761546ms] [LOG] [Fast Refresh] done in 550ms @ http://localhost:3000/_next/static/chunks/node_modules_next_dist_1e8vcs8._.js:776
[ 1761623ms] [LOG] [Fast Refresh] done in 550ms @ http://localhost:3000/_next/static/chunks/node_modules_next_dist_1e8vcs8._.js:776
[ 1761727ms] [LOG] [Fast Refresh] done in 550ms @ http://localhost:3000/_next/static/chunks/node_modules_next_dist_1e8vcs8._.js:776
[ 1761830ms] [LOG] [Fast Refresh] done in 550ms @ http://localhost:3000/_next/static/chunks/node_modules_next_dist_1e8vcs8._.js:776
[ 1761951ms] [LOG] [Fast Refresh] done in 550ms @ http://localhost:3000/_next/static/chunks/node_modules_next_dist_1e8vcs8._.js:776
[ 1762051ms] [LOG] [Fast Refresh] done in 550ms @ http://localhost:3000/_next/static/chunks/node_modules_next_dist_1e8vcs8._.js:776
[ 1762121ms] [LOG] [Fast Refresh] done in 550ms @ http://localhost:3000/_next/static/chunks/node_modules_next_dist_1e8vcs8._.js:776
[ 1762204ms] [LOG] [Fast Refresh] done in 550ms @ http://localhost:3000/_next/static/chunks/node_modules_next_dist_1e8vcs8._.js:776
[ 1762330ms] [LOG] [Fast Refresh] done in 550ms @ http://localhost:3000/_next/static/chunks/node_modules_next_dist_1e8vcs8._.js:776
[ 1762454ms] [LOG] [Fast Refresh] done in 550ms @ http://localhost:3000/_next/static/chunks/node_modules_next_dist_1e8vcs8._.js:776
[ 1762548ms] [LOG] [Fast Refresh] done in 550ms @ http://localhost:3000/_next/static/chunks/node_modules_next_dist_1e8vcs8._.js:776
[ 1762671ms] [LOG] [Fast Refresh] done in 550ms @ http://localhost:3000/_next/static/chunks/node_modules_next_dist_1e8vcs8._.js:776
[ 1762793ms] [LOG] [Fast Refresh] done in 550ms @ http://localhost:3000/_next/static/chunks/node_modules_next_dist_1e8vcs8._.js:776
[ 1762912ms] [LOG] [Fast Refresh] done in 550ms @ http://localhost:3000/_next/static/chunks/node_modules_next_dist_1e8vcs8._.js:776
[ 1763014ms] [LOG] [Fast Refresh] done in 550ms @ http://localhost:3000/_next/static/chunks/node_modules_next_dist_1e8vcs8._.js:776
[ 1763171ms] [LOG] [Fast Refresh] done in 550ms @ http://localhost:3000/_next/static/chunks/node_modules_next_dist_1e8vcs8._.js:776
[ 1763279ms] [LOG] [Fast Refresh] done in 550ms @ http://localhost:3000/_next/static/chunks/node_modules_next_dist_1e8vcs8._.js:776
[ 1763354ms] [LOG] [Fast Refresh] done in 550ms @ http://localhost:3000/_next/static/chunks/node_modules_next_dist_1e8vcs8._.js:776
[ 1763475ms] [LOG] [Fast Refresh] done in 550ms @ http://localhost:3000/_next/static/chunks/node_modules_next_dist_1e8vcs8._.js:776
[ 1763573ms] [LOG] [Fast Refresh] done in 550ms @ http://localhost:3000/_next/static/chunks/node_modules_next_dist_1e8vcs8._.js:776
[ 1763653ms] [LOG] [Fast Refresh] done in 550ms @ http://localhost:3000/_next/static/chunks/node_modules_next_dist_1e8vcs8._.js:776
[ 1763783ms] [LOG] [Fast Refresh] done in 550ms @ http://localhost:3000/_next/static/chunks/node_modules_next_dist_1e8vcs8._.js:776
[ 1763886ms] [LOG] [Fast Refresh] done in 550ms @ http://localhost:3000/_next/static/chunks/node_modules_next_dist_1e8vcs8._.js:776
[ 1764001ms] [LOG] [Fast Refresh] done in 550ms @ http://localhost:3000/_next/static/chunks/node_modules_next_dist_1e8vcs8._.js:776
[ 1764124ms] [LOG] [Fast Refresh] done in 550ms @ http://localhost:3000/_next/static/chunks/node_modules_next_dist_1e8vcs8._.js:776
[ 1764203ms] [LOG] [Fast Refresh] done in 550ms @ http://localhost:3000/_next/static/chunks/node_modules_next_dist_1e8vcs8._.js:776
[ 1764311ms] [LOG] [Fast Refresh] done in 550ms @ http://localhost:3000/_next/static/chunks/node_modules_next_dist_1e8vcs8._.js:776
[ 1764414ms] [LOG] [Fast Refresh] done in 550ms @ http://localhost:3000/_next/static/chunks/node_modules_next_dist_1e8vcs8._.js:776
[ 1764523ms] [LOG] [Fast Refresh] done in 550ms @ http://localhost:3000/_next/static/chunks/node_modules_next_dist_1e8vcs8._.js:776
[ 1764624ms] [LOG] [Fast Refresh] done in 550ms @ http://localhost:3000/_next/static/chunks/node_modules_next_dist_1e8vcs8._.js:776
[ 1764726ms] [LOG] [Fast Refresh] done in 550ms @ http://localhost:3000/_next/static/chunks/node_modules_next_dist_1e8vcs8._.js:776
[ 1764837ms] [LOG] [Fast Refresh] done in 550ms @ http://localhost:3000/_next/static/chunks/node_modules_next_dist_1e8vcs8._.js:776
[ 1764927ms] [LOG] [Fast Refresh] done in 550ms @ http://localhost:3000/_next/static/chunks/node_modules_next_dist_1e8vcs8._.js:776
[ 1765037ms] [LOG] [Fast Refresh] done in 550ms @ http://localhost:3000/_next/static/chunks/node_modules_next_dist_1e8vcs8._.js:776
[ 1765193ms] [LOG] [Fast Refresh] done in 550ms @ http://localhost:3000/_next/static/chunks/node_modules_next_dist_1e8vcs8._.js:776
[ 1765407ms] [LOG] [Fast Refresh] rebuilding @ http://localhost:3000/_next/static/chunks/node_modules_next_dist_1e8vcs8._.js:776
[ 1765677ms] [LOG] [Fast Refresh] done in 373ms @ http://localhost:3000/_next/static/chunks/node_modules_next_dist_1e8vcs8._.js:776
[ 1788231ms] [LOG] [Fast Refresh] rebuilding @ http://localhost:3000/_next/static/chunks/node_modules_next_dist_1e8vcs8._.js:776
[ 1789680ms] [LOG] [Fast Refresh] done in 1557ms @ http://localhost:3000/_next/static/chunks/node_modules_next_dist_1e8vcs8._.js:776
[ 1828242ms] [LOG] [Fast Refresh] rebuilding @ http://localhost:3000/_next/static/chunks/node_modules_next_dist_1e8vcs8._.js:776
[ 1830306ms] [LOG] [Fast Refresh] done in 1900ms @ http://localhost:3000/_next/static/chunks/node_modules_next_dist_1e8vcs8._.js:776
[ 1830376ms] [LOG] [Fast Refresh] done in 1900ms @ http://localhost:3000/_next/static/chunks/node_modules_next_dist_1e8vcs8._.js:776
[ 1830499ms] [LOG] [Fast Refresh] done in 1900ms @ http://localhost:3000/_next/static/chunks/node_modules_next_dist_1e8vcs8._.js:776
[ 1830615ms] [LOG] [Fast Refresh] done in 1900ms @ http://localhost:3000/_next/static/chunks/node_modules_next_dist_1e8vcs8._.js:776
[ 1830711ms] [LOG] [Fast Refresh] done in 1900ms @ http://localhost:3000/_next/static/chunks/node_modules_next_dist_1e8vcs8._.js:776
[ 1830828ms] [LOG] [Fast Refresh] done in 1900ms @ http://localhost:3000/_next/static/chunks/node_modules_next_dist_1e8vcs8._.js:776
[ 1830931ms] [LOG] [Fast Refresh] done in 1900ms @ http://localhost:3000/_next/static/chunks/node_modules_next_dist_1e8vcs8._.js:776
[ 1831031ms] [LOG] [Fast Refresh] done in 1900ms @ http://localhost:3000/_next/static/chunks/node_modules_next_dist_1e8vcs8._.js:776
[ 1831123ms] [LOG] [Fast Refresh] done in 1900ms @ http://localhost:3000/_next/static/chunks/node_modules_next_dist_1e8vcs8._.js:776
[ 1831238ms] [LOG] [Fast Refresh] done in 1900ms @ http://localhost:3000/_next/static/chunks/node_modules_next_dist_1e8vcs8._.js:776
[ 1831338ms] [LOG] [Fast Refresh] done in 1900ms @ http://localhost:3000/_next/static/chunks/node_modules_next_dist_1e8vcs8._.js:776
[ 1831453ms] [LOG] [Fast Refresh] done in 1900ms @ http://localhost:3000/_next/static/chunks/node_modules_next_dist_1e8vcs8._.js:776
[ 1831527ms] [LOG] [Fast Refresh] done in 1900ms @ http://localhost:3000/_next/static/chunks/node_modules_next_dist_1e8vcs8._.js:776
[ 1831591ms] [LOG] [Fast Refresh] done in 1900ms @ http://localhost:3000/_next/static/chunks/node_modules_next_dist_1e8vcs8._.js:776
[ 1831702ms] [LOG] [Fast Refresh] done in 1900ms @ http://localhost:3000/_next/static/chunks/node_modules_next_dist_1e8vcs8._.js:776
[ 1831825ms] [LOG] [Fast Refresh] done in 1900ms @ http://localhost:3000/_next/static/chunks/node_modules_next_dist_1e8vcs8._.js:776
[ 1831952ms] [LOG] [Fast Refresh] done in 1900ms @ http://localhost:3000/_next/static/chunks/node_modules_next_dist_1e8vcs8._.js:776
[ 1832061ms] [LOG] [Fast Refresh] done in 1900ms @ http://localhost:3000/_next/static/chunks/node_modules_next_dist_1e8vcs8._.js:776
[ 1832145ms] [LOG] [Fast Refresh] done in 1900ms @ http://localhost:3000/_next/static/chunks/node_modules_next_dist_1e8vcs8._.js:776
[ 1832234ms] [LOG] [Fast Refresh] done in 1900ms @ http://localhost:3000/_next/static/chunks/node_modules_next_dist_1e8vcs8._.js:776
[ 1832354ms] [LOG] [Fast Refresh] done in 1900ms @ http://localhost:3000/_next/static/chunks/node_modules_next_dist_1e8vcs8._.js:776
[ 1832431ms] [LOG] [Fast Refresh] done in 1900ms @ http://localhost:3000/_next/static/chunks/node_modules_next_dist_1e8vcs8._.js:776
[ 1832531ms] [LOG] [Fast Refresh] done in 1900ms @ http://localhost:3000/_next/static/chunks/node_modules_next_dist_1e8vcs8._.js:776
[ 1832617ms] [LOG] [Fast Refresh] done in 1900ms @ http://localhost:3000/_next/static/chunks/node_modules_next_dist_1e8vcs8._.js:776
[ 1832731ms] [LOG] [Fast Refresh] done in 1900ms @ http://localhost:3000/_next/static/chunks/node_modules_next_dist_1e8vcs8._.js:776
[ 1832876ms] [LOG] [Fast Refresh] done in 1900ms @ http://localhost:3000/_next/static/chunks/node_modules_next_dist_1e8vcs8._.js:776
[ 1832963ms] [LOG] [Fast Refresh] done in 1900ms @ http://localhost:3000/_next/static/chunks/node_modules_next_dist_1e8vcs8._.js:776
[ 1833095ms] [LOG] [Fast Refresh] done in 1900ms @ http://localhost:3000/_next/static/chunks/node_modules_next_dist_1e8vcs8._.js:776
[ 1833231ms] [LOG] [Fast Refresh] done in 1900ms @ http://localhost:3000/_next/static/chunks/node_modules_next_dist_1e8vcs8._.js:776
[ 1833312ms] [LOG] [Fast Refresh] done in 1900ms @ http://localhost:3000/_next/static/chunks/node_modules_next_dist_1e8vcs8._.js:776
[ 1833380ms] [LOG] [Fast Refresh] done in 1900ms @ http://localhost:3000/_next/static/chunks/node_modules_next_dist_1e8vcs8._.js:776
[ 1833502ms] [LOG] [Fast Refresh] done in 1900ms @ http://localhost:3000/_next/static/chunks/node_modules_next_dist_1e8vcs8._.js:776
[ 1833599ms] [LOG] [Fast Refresh] done in 1900ms @ http://localhost:3000/_next/static/chunks/node_modules_next_dist_1e8vcs8._.js:776
[ 1833727ms] [LOG] [Fast Refresh] done in 1900ms @ http://localhost:3000/_next/static/chunks/node_modules_next_dist_1e8vcs8._.js:776
[ 1833883ms] [LOG] [Fast Refresh] done in 1900ms @ http://localhost:3000/_next/static/chunks/node_modules_next_dist_1e8vcs8._.js:776
[ 1834026ms] [LOG] [Fast Refresh] done in 1900ms @ http://localhost:3000/_next/static/chunks/node_modules_next_dist_1e8vcs8._.js:776
[ 1834128ms] [LOG] [Fast Refresh] done in 1900ms @ http://localhost:3000/_next/static/chunks/node_modules_next_dist_1e8vcs8._.js:776
[ 1834261ms] [LOG] [Fast Refresh] done in 1900ms @ http://localhost:3000/_next/static/chunks/node_modules_next_dist_1e8vcs8._.js:776
[ 1834359ms] [LOG] [Fast Refresh] done in 1900ms @ http://localhost:3000/_next/static/chunks/node_modules_next_dist_1e8vcs8._.js:776
[ 1834473ms] [LOG] [Fast Refresh] done in 1900ms @ http://localhost:3000/_next/static/chunks/node_modules_next_dist_1e8vcs8._.js:776
[ 1834582ms] [LOG] [Fast Refresh] done in 1900ms @ http://localhost:3000/_next/static/chunks/node_modules_next_dist_1e8vcs8._.js:776
[ 1834704ms] [LOG] [Fast Refresh] done in 1900ms @ http://localhost:3000/_next/static/chunks/node_modules_next_dist_1e8vcs8._.js:776
[ 1834808ms] [LOG] [Fast Refresh] done in 1900ms @ http://localhost:3000/_next/static/chunks/node_modules_next_dist_1e8vcs8._.js:776
[ 1834936ms] [LOG] [Fast Refresh] done in 1900ms @ http://localhost:3000/_next/static/chunks/node_modules_next_dist_1e8vcs8._.js:776
[ 1835039ms] [LOG] [Fast Refresh] done in 1900ms @ http://localhost:3000/_next/static/chunks/node_modules_next_dist_1e8vcs8._.js:776
[ 1835107ms] [LOG] [Fast Refresh] done in 1900ms @ http://localhost:3000/_next/static/chunks/node_modules_next_dist_1e8vcs8._.js:776
[ 1835203ms] [LOG] [Fast Refresh] done in 1900ms @ http://localhost:3000/_next/static/chunks/node_modules_next_dist_1e8vcs8._.js:776
[ 1835320ms] [LOG] [Fast Refresh] done in 1900ms @ http://localhost:3000/_next/static/chunks/node_modules_next_dist_1e8vcs8._.js:776
[ 1835446ms] [LOG] [Fast Refresh] done in 1900ms @ http://localhost:3000/_next/static/chunks/node_modules_next_dist_1e8vcs8._.js:776
[ 1835540ms] [LOG] [Fast Refresh] done in 1900ms @ http://localhost:3000/_next/static/chunks/node_modules_next_dist_1e8vcs8._.js:776
[ 1835668ms] [LOG] [Fast Refresh] done in 1900ms @ http://localhost:3000/_next/static/chunks/node_modules_next_dist_1e8vcs8._.js:776
[ 1835809ms] [LOG] [Fast Refresh] done in 1900ms @ http://localhost:3000/_next/static/chunks/node_modules_next_dist_1e8vcs8._.js:776
[ 1835918ms] [LOG] [Fast Refresh] done in 1900ms @ http://localhost:3000/_next/static/chunks/node_modules_next_dist_1e8vcs8._.js:776
[ 1836085ms] [LOG] [Fast Refresh] done in 1900ms @ http://localhost:3000/_next/static/chunks/node_modules_next_dist_1e8vcs8._.js:776
[ 1836190ms] [LOG] [Fast Refresh] done in 1900ms @ http://localhost:3000/_next/static/chunks/node_modules_next_dist_1e8vcs8._.js:776
[ 1836298ms] [LOG] [Fast Refresh] done in 1900ms @ http://localhost:3000/_next/static/chunks/node_modules_next_dist_1e8vcs8._.js:776
[ 1836375ms] [LOG] [Fast Refresh] done in 1900ms @ http://localhost:3000/_next/static/chunks/node_modules_next_dist_1e8vcs8._.js:776
[ 1836513ms] [LOG] [Fast Refresh] done in 1900ms @ http://localhost:3000/_next/static/chunks/node_modules_next_dist_1e8vcs8._.js:776
[ 1836595ms] [LOG] [Fast Refresh] done in 1900ms @ http://localhost:3000/_next/static/chunks/node_modules_next_dist_1e8vcs8._.js:776
[ 1836707ms] [LOG] [Fast Refresh] done in 1900ms @ http://localhost:3000/_next/static/chunks/node_modules_next_dist_1e8vcs8._.js:776
[ 1836806ms] [LOG] [Fast Refresh] done in 1900ms @ http://localhost:3000/_next/static/chunks/node_modules_next_dist_1e8vcs8._.js:776
[ 1836912ms] [LOG] [Fast Refresh] done in 1900ms @ http://localhost:3000/_next/static/chunks/node_modules_next_dist_1e8vcs8._.js:776
[ 1837008ms] [LOG] [Fast Refresh] done in 1900ms @ http://localhost:3000/_next/static/chunks/node_modules_next_dist_1e8vcs8._.js:776
[ 1837106ms] [LOG] [Fast Refresh] done in 1900ms @ http://localhost:3000/_next/static/chunks/node_modules_next_dist_1e8vcs8._.js:776
[ 1837236ms] [LOG] [Fast Refresh] done in 1900ms @ http://localhost:3000/_next/static/chunks/node_modules_next_dist_1e8vcs8._.js:776
[ 1837353ms] [LOG] [Fast Refresh] done in 1900ms @ http://localhost:3000/_next/static/chunks/node_modules_next_dist_1e8vcs8._.js:776
[ 1837464ms] [LOG] [Fast Refresh] done in 1900ms @ http://localhost:3000/_next/static/chunks/node_modules_next_dist_1e8vcs8._.js:776
[ 1837569ms] [LOG] [Fast Refresh] done in 1900ms @ http://localhost:3000/_next/static/chunks/node_modules_next_dist_1e8vcs8._.js:776
[ 1837681ms] [LOG] [Fast Refresh] done in 1900ms @ http://localhost:3000/_next/static/chunks/node_modules_next_dist_1e8vcs8._.js:776
[ 1837821ms] [LOG] [Fast Refresh] done in 1900ms @ http://localhost:3000/_next/static/chunks/node_modules_next_dist_1e8vcs8._.js:776
[ 1837967ms] [LOG] [Fast Refresh] done in 1900ms @ http://localhost:3000/_next/static/chunks/node_modules_next_dist_1e8vcs8._.js:776
[ 1838104ms] [LOG] [Fast Refresh] done in 1900ms @ http://localhost:3000/_next/static/chunks/node_modules_next_dist_1e8vcs8._.js:776
[ 1838243ms] [LOG] [Fast Refresh] done in 1900ms @ http://localhost:3000/_next/static/chunks/node_modules_next_dist_1e8vcs8._.js:776
[ 1838378ms] [LOG] [Fast Refresh] done in 1900ms @ http://localhost:3000/_next/static/chunks/node_modules_next_dist_1e8vcs8._.js:776
[ 1838486ms] [LOG] [Fast Refresh] done in 1900ms @ http://localhost:3000/_next/static/chunks/node_modules_next_dist_1e8vcs8._.js:776
[ 1838603ms] [LOG] [Fast Refresh] done in 1900ms @ http://localhost:3000/_next/static/chunks/node_modules_next_dist_1e8vcs8._.js:776
[ 1838701ms] [LOG] [Fast Refresh] done in 1900ms @ http://localhost:3000/_next/static/chunks/node_modules_next_dist_1e8vcs8._.js:776
[ 1838791ms] [LOG] [Fast Refresh] done in 1900ms @ http://localhost:3000/_next/static/chunks/node_modules_next_dist_1e8vcs8._.js:776
[ 1838864ms] [LOG] [Fast Refresh] done in 1900ms @ http://localhost:3000/_next/static/chunks/node_modules_next_dist_1e8vcs8._.js:776
[ 1838958ms] [LOG] [Fast Refresh] done in 1900ms @ http://localhost:3000/_next/static/chunks/node_modules_next_dist_1e8vcs8._.js:776
[ 1839081ms] [LOG] [Fast Refresh] done in 1900ms @ http://localhost:3000/_next/static/chunks/node_modules_next_dist_1e8vcs8._.js:776
[ 1839192ms] [LOG] [Fast Refresh] done in 1900ms @ http://localhost:3000/_next/static/chunks/node_modules_next_dist_1e8vcs8._.js:776
[ 1839295ms] [LOG] [Fast Refresh] done in 1900ms @ http://localhost:3000/_next/static/chunks/node_modules_next_dist_1e8vcs8._.js:776
[ 1839397ms] [LOG] [Fast Refresh] done in 1900ms @ http://localhost:3000/_next/static/chunks/node_modules_next_dist_1e8vcs8._.js:776
[ 1839530ms] [LOG] [Fast Refresh] done in 1900ms @ http://localhost:3000/_next/static/chunks/node_modules_next_dist_1e8vcs8._.js:776
[ 1839646ms] [LOG] [Fast Refresh] done in 1900ms @ http://localhost:3000/_next/static/chunks/node_modules_next_dist_1e8vcs8._.js:776
[ 1839719ms] [LOG] [Fast Refresh] done in 1900ms @ http://localhost:3000/_next/static/chunks/node_modules_next_dist_1e8vcs8._.js:776
[ 1839866ms] [LOG] [Fast Refresh] done in 1900ms @ http://localhost:3000/_next/static/chunks/node_modules_next_dist_1e8vcs8._.js:776
[ 1839986ms] [LOG] [Fast Refresh] done in 1900ms @ http://localhost:3000/_next/static/chunks/node_modules_next_dist_1e8vcs8._.js:776
[ 1840056ms] [LOG] [Fast Refresh] done in 1900ms @ http://localhost:3000/_next/static/chunks/node_modules_next_dist_1e8vcs8._.js:776
[ 1840160ms] [LOG] [Fast Refresh] done in 1900ms @ http://localhost:3000/_next/static/chunks/node_modules_next_dist_1e8vcs8._.js:776
[ 1840247ms] [LOG] [Fast Refresh] done in 1900ms @ http://localhost:3000/_next/static/chunks/node_modules_next_dist_1e8vcs8._.js:776
[ 1840350ms] [LOG] [Fast Refresh] done in 1900ms @ http://localhost:3000/_next/static/chunks/node_modules_next_dist_1e8vcs8._.js:776
[ 1840417ms] [LOG] [Fast Refresh] done in 1900ms @ http://localhost:3000/_next/static/chunks/node_modules_next_dist_1e8vcs8._.js:776
[ 1840508ms] [LOG] [Fast Refresh] done in 1900ms @ http://localhost:3000/_next/static/chunks/node_modules_next_dist_1e8vcs8._.js:776
[ 1840638ms] [LOG] [Fast Refresh] done in 1900ms @ http://localhost:3000/_next/static/chunks/node_modules_next_dist_1e8vcs8._.js:776
[ 1840719ms] [LOG] [Fast Refresh] done in 1900ms @ http://localhost:3000/_next/static/chunks/node_modules_next_dist_1e8vcs8._.js:776
[ 1840801ms] [LOG] [Fast Refresh] done in 1900ms @ http://localhost:3000/_next/static/chunks/node_modules_next_dist_1e8vcs8._.js:776
[ 1840907ms] [LOG] [Fast Refresh] done in 1900ms @ http://localhost:3000/_next/static/chunks/node_modules_next_dist_1e8vcs8._.js:776
[ 1841032ms] [LOG] [Fast Refresh] done in 1900ms @ http://localhost:3000/_next/static/chunks/node_modules_next_dist_1e8vcs8._.js:776
[ 1841119ms] [LOG] [Fast Refresh] done in 1900ms @ http://localhost:3000/_next/static/chunks/node_modules_next_dist_1e8vcs8._.js:776
[ 1841203ms] [LOG] [Fast Refresh] done in 1900ms @ http://localhost:3000/_next/static/chunks/node_modules_next_dist_1e8vcs8._.js:776
[ 1841322ms] [LOG] [Fast Refresh] done in 1900ms @ http://localhost:3000/_next/static/chunks/node_modules_next_dist_1e8vcs8._.js:776
[ 1841445ms] [LOG] [Fast Refresh] done in 1900ms @ http://localhost:3000/_next/static/chunks/node_modules_next_dist_1e8vcs8._.js:776
[ 1841534ms] [LOG] [Fast Refresh] done in 1900ms @ http://localhost:3000/_next/static/chunks/node_modules_next_dist_1e8vcs8._.js:776
[ 1841625ms] [LOG] [Fast Refresh] done in 1900ms @ http://localhost:3000/_next/static/chunks/node_modules_next_dist_1e8vcs8._.js:776
[ 1841733ms] [LOG] [Fast Refresh] done in 1900ms @ http://localhost:3000/_next/static/chunks/node_modules_next_dist_1e8vcs8._.js:776
[ 1841818ms] [LOG] [Fast Refresh] done in 1900ms @ http://localhost:3000/_next/static/chunks/node_modules_next_dist_1e8vcs8._.js:776
[ 1841900ms] [LOG] [Fast Refresh] done in 1900ms @ http://localhost:3000/_next/static/chunks/node_modules_next_dist_1e8vcs8._.js:776
[ 1842008ms] [LOG] [Fast Refresh] done in 1900ms @ http://localhost:3000/_next/static/chunks/node_modules_next_dist_1e8vcs8._.js:776
[ 1842088ms] [LOG] [Fast Refresh] done in 1900ms @ http://localhost:3000/_next/static/chunks/node_modules_next_dist_1e8vcs8._.js:776
[ 1842224ms] [LOG] [Fast Refresh] done in 1900ms @ http://localhost:3000/_next/static/chunks/node_modules_next_dist_1e8vcs8._.js:776
[ 1842359ms] [LOG] [Fast Refresh] done in 1900ms @ http://localhost:3000/_next/static/chunks/node_modules_next_dist_1e8vcs8._.js:776
[ 1842446ms] [LOG] [Fast Refresh] done in 1900ms @ http://localhost:3000/_next/static/chunks/node_modules_next_dist_1e8vcs8._.js:776
[ 1842545ms] [LOG] [Fast Refresh] done in 1900ms @ http://localhost:3000/_next/static/chunks/node_modules_next_dist_1e8vcs8._.js:776
[ 1842647ms] [LOG] [Fast Refresh] done in 1900ms @ http://localhost:3000/_next/static/chunks/node_modules_next_dist_1e8vcs8._.js:776
[ 1842745ms] [LOG] [Fast Refresh] done in 1900ms @ http://localhost:3000/_next/static/chunks/node_modules_next_dist_1e8vcs8._.js:776
[ 1842858ms] [LOG] [Fast Refresh] done in 1900ms @ http://localhost:3000/_next/static/chunks/node_modules_next_dist_1e8vcs8._.js:776
[ 1842925ms] [LOG] [Fast Refresh] done in 1900ms @ http://localhost:3000/_next/static/chunks/node_modules_next_dist_1e8vcs8._.js:776
[ 1842983ms] [LOG] [Fast Refresh] done in 1900ms @ http://localhost:3000/_next/static/chunks/node_modules_next_dist_1e8vcs8._.js:776
[ 1843087ms] [LOG] [Fast Refresh] done in 1900ms @ http://localhost:3000/_next/static/chunks/node_modules_next_dist_1e8vcs8._.js:776
[ 1843162ms] [LOG] [Fast Refresh] done in 1900ms @ http://localhost:3000/_next/static/chunks/node_modules_next_dist_1e8vcs8._.js:776
[ 1843260ms] [LOG] [Fast Refresh] done in 1900ms @ http://localhost:3000/_next/static/chunks/node_modules_next_dist_1e8vcs8._.js:776
[ 1843364ms] [LOG] [Fast Refresh] done in 1900ms @ http://localhost:3000/_next/static/chunks/node_modules_next_dist_1e8vcs8._.js:776
[ 1843481ms] [LOG] [Fast Refresh] done in 1900ms @ http://localhost:3000/_next/static/chunks/node_modules_next_dist_1e8vcs8._.js:776
[ 1843604ms] [LOG] [Fast Refresh] done in 1900ms @ http://localhost:3000/_next/static/chunks/node_modules_next_dist_1e8vcs8._.js:776
[ 1843675ms] [LOG] [Fast Refresh] done in 1900ms @ http://localhost:3000/_next/static/chunks/node_modules_next_dist_1e8vcs8._.js:776
[ 1843772ms] [LOG] [Fast Refresh] done in 1900ms @ http://localhost:3000/_next/static/chunks/node_modules_next_dist_1e8vcs8._.js:776
[ 1843900ms] [LOG] [Fast Refresh] done in 1900ms @ http://localhost:3000/_next/static/chunks/node_modules_next_dist_1e8vcs8._.js:776
[ 1843973ms] [LOG] [Fast Refresh] done in 1900ms @ http://localhost:3000/_next/static/chunks/node_modules_next_dist_1e8vcs8._.js:776
[ 1844082ms] [LOG] [Fast Refresh] done in 1900ms @ http://localhost:3000/_next/static/chunks/node_modules_next_dist_1e8vcs8._.js:776
[ 1844219ms] [LOG] [Fast Refresh] done in 1900ms @ http://localhost:3000/_next/static/chunks/node_modules_next_dist_1e8vcs8._.js:776
[ 1844326ms] [LOG] [Fast Refresh] done in 1900ms @ http://localhost:3000/_next/static/chunks/node_modules_next_dist_1e8vcs8._.js:776
[ 1844435ms] [LOG] [Fast Refresh] done in 1900ms @ http://localhost:3000/_next/static/chunks/node_modules_next_dist_1e8vcs8._.js:776
[ 1844517ms] [LOG] [Fast Refresh] done in 1900ms @ http://localhost:3000/_next/static/chunks/node_modules_next_dist_1e8vcs8._.js:776
[ 1844623ms] [LOG] [Fast Refresh] done in 1900ms @ http://localhost:3000/_next/static/chunks/node_modules_next_dist_1e8vcs8._.js:776
[ 1844766ms] [LOG] [Fast Refresh] done in 1900ms @ http://localhost:3000/_next/static/chunks/node_modules_next_dist_1e8vcs8._.js:776
[ 1844862ms] [LOG] [Fast Refresh] done in 1900ms @ http://localhost:3000/_next/static/chunks/node_modules_next_dist_1e8vcs8._.js:776
[ 1844961ms] [LOG] [Fast Refresh] done in 1900ms @ http://localhost:3000/_next/static/chunks/node_modules_next_dist_1e8vcs8._.js:776
[ 1845053ms] [LOG] [Fast Refresh] done in 1900ms @ http://localhost:3000/_next/static/chunks/node_modules_next_dist_1e8vcs8._.js:776
[ 1845160ms] [LOG] [Fast Refresh] done in 1900ms @ http://localhost:3000/_next/static/chunks/node_modules_next_dist_1e8vcs8._.js:776
[ 1845238ms] [LOG] [Fast Refresh] done in 1900ms @ http://localhost:3000/_next/static/chunks/node_modules_next_dist_1e8vcs8._.js:776
[ 1845313ms] [LOG] [Fast Refresh] done in 1900ms @ http://localhost:3000/_next/static/chunks/node_modules_next_dist_1e8vcs8._.js:776
[ 1845427ms] [LOG] [Fast Refresh] done in 1900ms @ http://localhost:3000/_next/static/chunks/node_modules_next_dist_1e8vcs8._.js:776
[ 1845534ms] [LOG] [Fast Refresh] done in 1900ms @ http://localhost:3000/_next/static/chunks/node_modules_next_dist_1e8vcs8._.js:776
[ 1845611ms] [LOG] [Fast Refresh] done in 1900ms @ http://localhost:3000/_next/static/chunks/node_modules_next_dist_1e8vcs8._.js:776
[ 1845743ms] [LOG] [Fast Refresh] done in 1900ms @ http://localhost:3000/_next/static/chunks/node_modules_next_dist_1e8vcs8._.js:776
[ 1845874ms] [LOG] [Fast Refresh] done in 1900ms @ http://localhost:3000/_next/static/chunks/node_modules_next_dist_1e8vcs8._.js:776
[ 1845959ms] [LOG] [Fast Refresh] done in 1900ms @ http://localhost:3000/_next/static/chunks/node_modules_next_dist_1e8vcs8._.js:776
[ 1846067ms] [LOG] [Fast Refresh] done in 1900ms @ http://localhost:3000/_next/static/chunks/node_modules_next_dist_1e8vcs8._.js:776
[ 1846145ms] [LOG] [Fast Refresh] done in 1900ms @ http://localhost:3000/_next/static/chunks/node_modules_next_dist_1e8vcs8._.js:776
[ 1846226ms] [LOG] [Fast Refresh] done in 1900ms @ http://localhost:3000/_next/static/chunks/node_modules_next_dist_1e8vcs8._.js:776
[ 1846315ms] [LOG] [Fast Refresh] done in 1900ms @ http://localhost:3000/_next/static/chunks/node_modules_next_dist_1e8vcs8._.js:776
[ 1846464ms] [LOG] [Fast Refresh] done in 1900ms @ http://localhost:3000/_next/static/chunks/node_modules_next_dist_1e8vcs8._.js:776
[ 1846597ms] [LOG] [Fast Refresh] done in 1900ms @ http://localhost:3000/_next/static/chunks/node_modules_next_dist_1e8vcs8._.js:776
[ 1846695ms] [LOG] [Fast Refresh] done in 1900ms @ http://localhost:3000/_next/static/chunks/node_modules_next_dist_1e8vcs8._.js:776
[ 1846754ms] [LOG] [Fast Refresh] done in 1900ms @ http://localhost:3000/_next/static/chunks/node_modules_next_dist_1e8vcs8._.js:776
[ 1846873ms] [LOG] [Fast Refresh] done in 1900ms @ http://localhost:3000/_next/static/chunks/node_modules_next_dist_1e8vcs8._.js:776
[ 1847023ms] [LOG] [Fast Refresh] done in 1900ms @ http://localhost:3000/_next/static/chunks/node_modules_next_dist_1e8vcs8._.js:776
[ 1847142ms] [LOG] [Fast Refresh] done in 1900ms @ http://localhost:3000/_next/static/chunks/node_modules_next_dist_1e8vcs8._.js:776
[ 1847237ms] [LOG] [Fast Refresh] done in 1900ms @ http://localhost:3000/_next/static/chunks/node_modules_next_dist_1e8vcs8._.js:776
[ 1847384ms] [LOG] [Fast Refresh] done in 1900ms @ http://localhost:3000/_next/static/chunks/node_modules_next_dist_1e8vcs8._.js:776
[ 1847492ms] [LOG] [Fast Refresh] done in 1900ms @ http://localhost:3000/_next/static/chunks/node_modules_next_dist_1e8vcs8._.js:776
[ 1847588ms] [LOG] [Fast Refresh] done in 1900ms @ http://localhost:3000/_next/static/chunks/node_modules_next_dist_1e8vcs8._.js:776
[ 1847679ms] [LOG] [Fast Refresh] done in 1900ms @ http://localhost:3000/_next/static/chunks/node_modules_next_dist_1e8vcs8._.js:776
[ 1847802ms] [LOG] [Fast Refresh] done in 1900ms @ http://localhost:3000/_next/static/chunks/node_modules_next_dist_1e8vcs8._.js:776
[ 1847874ms] [LOG] [Fast Refresh] done in 1900ms @ http://localhost:3000/_next/static/chunks/node_modules_next_dist_1e8vcs8._.js:776
[ 1848028ms] [LOG] [Fast Refresh] done in 1900ms @ http://localhost:3000/_next/static/chunks/node_modules_next_dist_1e8vcs8._.js:776
[ 1848130ms] [LOG] [Fast Refresh] done in 1900ms @ http://localhost:3000/_next/static/chunks/node_modules_next_dist_1e8vcs8._.js:776
[ 1848282ms] [LOG] [Fast Refresh] done in 1900ms @ http://localhost:3000/_next/static/chunks/node_modules_next_dist_1e8vcs8._.js:776
[ 1848340ms] [LOG] [Fast Refresh] done in 1900ms @ http://localhost:3000/_next/static/chunks/node_modules_next_dist_1e8vcs8._.js:776
[ 1848464ms] [LOG] [Fast Refresh] done in 1900ms @ http://localhost:3000/_next/static/chunks/node_modules_next_dist_1e8vcs8._.js:776
[ 1848589ms] [LOG] [Fast Refresh] done in 1900ms @ http://localhost:3000/_next/static/chunks/node_modules_next_dist_1e8vcs8._.js:776
[ 1848731ms] [LOG] [Fast Refresh] done in 1900ms @ http://localhost:3000/_next/static/chunks/node_modules_next_dist_1e8vcs8._.js:776
[ 1848814ms] [LOG] [Fast Refresh] done in 1900ms @ http://localhost:3000/_next/static/chunks/node_modules_next_dist_1e8vcs8._.js:776
[ 1848930ms] [LOG] [Fast Refresh] done in 1900ms @ http://localhost:3000/_next/static/chunks/node_modules_next_dist_1e8vcs8._.js:776
[ 1849048ms] [LOG] [Fast Refresh] done in 1900ms @ http://localhost:3000/_next/static/chunks/node_modules_next_dist_1e8vcs8._.js:776
[ 1849203ms] [LOG] [Fast Refresh] done in 1900ms @ http://localhost:3000/_next/static/chunks/node_modules_next_dist_1e8vcs8._.js:776
[ 1849299ms] [LOG] [Fast Refresh] done in 1900ms @ http://localhost:3000/_next/static/chunks/node_modules_next_dist_1e8vcs8._.js:776
[ 1849389ms] [LOG] [Fast Refresh] done in 1900ms @ http://localhost:3000/_next/static/chunks/node_modules_next_dist_1e8vcs8._.js:776
[ 1849498ms] [LOG] [Fast Refresh] done in 1900ms @ http://localhost:3000/_next/static/chunks/node_modules_next_dist_1e8vcs8._.js:776
[ 1849619ms] [LOG] [Fast Refresh] done in 1900ms @ http://localhost:3000/_next/static/chunks/node_modules_next_dist_1e8vcs8._.js:776
[ 1849772ms] [LOG] [Fast Refresh] done in 1900ms @ http://localhost:3000/_next/static/chunks/node_modules_next_dist_1e8vcs8._.js:776
[ 1849873ms] [LOG] [Fast Refresh] done in 1900ms @ http://localhost:3000/_next/static/chunks/node_modules_next_dist_1e8vcs8._.js:776
[ 1849958ms] [LOG] [Fast Refresh] done in 1900ms @ http://localhost:3000/_next/static/chunks/node_modules_next_dist_1e8vcs8._.js:776
[ 1850072ms] [LOG] [Fast Refresh] done in 1900ms @ http://localhost:3000/_next/static/chunks/node_modules_next_dist_1e8vcs8._.js:776
[ 1850148ms] [LOG] [Fast Refresh] done in 1900ms @ http://localhost:3000/_next/static/chunks/node_modules_next_dist_1e8vcs8._.js:776
[ 1850255ms] [LOG] [Fast Refresh] done in 1900ms @ http://localhost:3000/_next/static/chunks/node_modules_next_dist_1e8vcs8._.js:776
[ 1850350ms] [LOG] [Fast Refresh] done in 1900ms @ http://localhost:3000/_next/static/chunks/node_modules_next_dist_1e8vcs8._.js:776
[ 1850429ms] [LOG] [Fast Refresh] done in 1900ms @ http://localhost:3000/_next/static/chunks/node_modules_next_dist_1e8vcs8._.js:776
[ 1850559ms] [LOG] [Fast Refresh] done in 1900ms @ http://localhost:3000/_next/static/chunks/node_modules_next_dist_1e8vcs8._.js:776
[ 1850683ms] [LOG] [Fast Refresh] done in 1900ms @ http://localhost:3000/_next/static/chunks/node_modules_next_dist_1e8vcs8._.js:776
[ 1850785ms] [LOG] [Fast Refresh] done in 1900ms @ http://localhost:3000/_next/static/chunks/node_modules_next_dist_1e8vcs8._.js:776
[ 1850934ms] [LOG] [Fast Refresh] done in 1900ms @ http://localhost:3000/_next/static/chunks/node_modules_next_dist_1e8vcs8._.js:776
[ 1851076ms] [LOG] [Fast Refresh] done in 1900ms @ http://localhost:3000/_next/static/chunks/node_modules_next_dist_1e8vcs8._.js:776
[ 1851201ms] [LOG] [Fast Refresh] done in 1900ms @ http://localhost:3000/_next/static/chunks/node_modules_next_dist_1e8vcs8._.js:776
[ 1851320ms] [LOG] [Fast Refresh] done in 1900ms @ http://localhost:3000/_next/static/chunks/node_modules_next_dist_1e8vcs8._.js:776
[ 1851428ms] [LOG] [Fast Refresh] done in 1900ms @ http://localhost:3000/_next/static/chunks/node_modules_next_dist_1e8vcs8._.js:776
[ 1851513ms] [LOG] [Fast Refresh] done in 1900ms @ http://localhost:3000/_next/static/chunks/node_modules_next_dist_1e8vcs8._.js:776
[ 1851634ms] [LOG] [Fast Refresh] done in 1900ms @ http://localhost:3000/_next/static/chunks/node_modules_next_dist_1e8vcs8._.js:776
[ 1851724ms] [LOG] [Fast Refresh] done in 1900ms @ http://localhost:3000/_next/static/chunks/node_modules_next_dist_1e8vcs8._.js:776
[ 1851853ms] [LOG] [Fast Refresh] done in 1900ms @ http://localhost:3000/_next/static/chunks/node_modules_next_dist_1e8vcs8._.js:776
[ 1851953ms] [LOG] [Fast Refresh] done in 1900ms @ http://localhost:3000/_next/static/chunks/node_modules_next_dist_1e8vcs8._.js:776
[ 1852036ms] [LOG] [Fast Refresh] done in 1900ms @ http://localhost:3000/_next/static/chunks/node_modules_next_dist_1e8vcs8._.js:776
[ 1852151ms] [LOG] [Fast Refresh] done in 1900ms @ http://localhost:3000/_next/static/chunks/node_modules_next_dist_1e8vcs8._.js:776
[ 1852228ms] [LOG] [Fast Refresh] done in 1900ms @ http://localhost:3000/_next/static/chunks/node_modules_next_dist_1e8vcs8._.js:776
[ 1852316ms] [LOG] [Fast Refresh] done in 1900ms @ http://localhost:3000/_next/static/chunks/node_modules_next_dist_1e8vcs8._.js:776
[ 1852394ms] [LOG] [Fast Refresh] done in 1900ms @ http://localhost:3000/_next/static/chunks/node_modules_next_dist_1e8vcs8._.js:776
[ 1852490ms] [LOG] [Fast Refresh] done in 1900ms @ http://localhost:3000/_next/static/chunks/node_modules_next_dist_1e8vcs8._.js:776
[ 1852607ms] [LOG] [Fast Refresh] done in 1900ms @ http://localhost:3000/_next/static/chunks/node_modules_next_dist_1e8vcs8._.js:776
[ 1852707ms] [LOG] [Fast Refresh] done in 1900ms @ http://localhost:3000/_next/static/chunks/node_modules_next_dist_1e8vcs8._.js:776
[ 1852813ms] [LOG] [Fast Refresh] done in 1900ms @ http://localhost:3000/_next/static/chunks/node_modules_next_dist_1e8vcs8._.js:776
[ 1852907ms] [LOG] [Fast Refresh] done in 1900ms @ http://localhost:3000/_next/static/chunks/node_modules_next_dist_1e8vcs8._.js:776
[ 1853026ms] [LOG] [Fast Refresh] done in 1900ms @ http://localhost:3000/_next/static/chunks/node_modules_next_dist_1e8vcs8._.js:776
[ 1853153ms] [LOG] [Fast Refresh] done in 1900ms @ http://localhost:3000/_next/static/chunks/node_modules_next_dist_1e8vcs8._.js:776
[ 1853234ms] [LOG] [Fast Refresh] done in 1900ms @ http://localhost:3000/_next/static/chunks/node_modules_next_dist_1e8vcs8._.js:776
[ 1853339ms] [LOG] [Fast Refresh] done in 1900ms @ http://localhost:3000/_next/static/chunks/node_modules_next_dist_1e8vcs8._.js:776
[ 1853448ms] [LOG] [Fast Refresh] done in 1900ms @ http://localhost:3000/_next/static/chunks/node_modules_next_dist_1e8vcs8._.js:776
[ 1853567ms] [LOG] [Fast Refresh] done in 1900ms @ http://localhost:3000/_next/static/chunks/node_modules_next_dist_1e8vcs8._.js:776
[ 1853651ms] [LOG] [Fast Refresh] done in 1900ms @ http://localhost:3000/_next/static/chunks/node_modules_next_dist_1e8vcs8._.js:776
[ 1853758ms] [LOG] [Fast Refresh] done in 1900ms @ http://localhost:3000/_next/static/chunks/node_modules_next_dist_1e8vcs8._.js:776
[ 1853866ms] [LOG] [Fast Refresh] done in 1900ms @ http://localhost:3000/_next/static/chunks/node_modules_next_dist_1e8vcs8._.js:776
[ 1853971ms] [LOG] [Fast Refresh] done in 1900ms @ http://localhost:3000/_next/static/chunks/node_modules_next_dist_1e8vcs8._.js:776
[ 1854045ms] [LOG] [Fast Refresh] done in 1900ms @ http://localhost:3000/_next/static/chunks/node_modules_next_dist_1e8vcs8._.js:776
[ 1854148ms] [LOG] [Fast Refresh] done in 1900ms @ http://localhost:3000/_next/static/chunks/node_modules_next_dist_1e8vcs8._.js:776
[ 1854299ms] [LOG] [Fast Refresh] done in 1900ms @ http://localhost:3000/_next/static/chunks/node_modules_next_dist_1e8vcs8._.js:776
[ 1854460ms] [LOG] [Fast Refresh] done in 1900ms @ http://localhost:3000/_next/static/chunks/node_modules_next_dist_1e8vcs8._.js:776
[ 1854545ms] [LOG] [Fast Refresh] done in 1900ms @ http://localhost:3000/_next/static/chunks/node_modules_next_dist_1e8vcs8._.js:776
[ 1854624ms] [LOG] [Fast Refresh] done in 1900ms @ http://localhost:3000/_next/static/chunks/node_modules_next_dist_1e8vcs8._.js:776
[ 1854714ms] [LOG] [Fast Refresh] done in 1900ms @ http://localhost:3000/_next/static/chunks/node_modules_next_dist_1e8vcs8._.js:776
[ 1854832ms] [LOG] [Fast Refresh] done in 1900ms @ http://localhost:3000/_next/static/chunks/node_modules_next_dist_1e8vcs8._.js:776
[ 1854937ms] [LOG] [Fast Refresh] done in 1900ms @ http://localhost:3000/_next/static/chunks/node_modules_next_dist_1e8vcs8._.js:776
[ 1855025ms] [LOG] [Fast Refresh] done in 1900ms @ http://localhost:3000/_next/static/chunks/node_modules_next_dist_1e8vcs8._.js:776
[ 1855107ms] [LOG] [Fast Refresh] done in 1900ms @ http://localhost:3000/_next/static/chunks/node_modules_next_dist_1e8vcs8._.js:776
[ 1855202ms] [LOG] [Fast Refresh] done in 1900ms @ http://localhost:3000/_next/static/chunks/node_modules_next_dist_1e8vcs8._.js:776
[ 1855298ms] [LOG] [Fast Refresh] done in 1900ms @ http://localhost:3000/_next/static/chunks/node_modules_next_dist_1e8vcs8._.js:776
[ 1855414ms] [LOG] [Fast Refresh] done in 1900ms @ http://localhost:3000/_next/static/chunks/node_modules_next_dist_1e8vcs8._.js:776
[ 1855523ms] [LOG] [Fast Refresh] done in 1900ms @ http://localhost:3000/_next/static/chunks/node_modules_next_dist_1e8vcs8._.js:776
[ 1855654ms] [LOG] [Fast Refresh] done in 1900ms @ http://localhost:3000/_next/static/chunks/node_modules_next_dist_1e8vcs8._.js:776
[ 1855732ms] [LOG] [Fast Refresh] done in 1900ms @ http://localhost:3000/_next/static/chunks/node_modules_next_dist_1e8vcs8._.js:776
[ 1855823ms] [LOG] [Fast Refresh] done in 1900ms @ http://localhost:3000/_next/static/chunks/node_modules_next_dist_1e8vcs8._.js:776
[ 1855907ms] [LOG] [Fast Refresh] done in 1900ms @ http://localhost:3000/_next/static/chunks/node_modules_next_dist_1e8vcs8._.js:776
[ 1855979ms] [LOG] [Fast Refresh] done in 1900ms @ http://localhost:3000/_next/static/chunks/node_modules_next_dist_1e8vcs8._.js:776
[ 1856047ms] [LOG] [Fast Refresh] done in 1900ms @ http://localhost:3000/_next/static/chunks/node_modules_next_dist_1e8vcs8._.js:776
[ 1856168ms] [LOG] [Fast Refresh] done in 1900ms @ http://localhost:3000/_next/static/chunks/node_modules_next_dist_1e8vcs8._.js:776
[ 1856266ms] [LOG] [Fast Refresh] done in 1900ms @ http://localhost:3000/_next/static/chunks/node_modules_next_dist_1e8vcs8._.js:776
[ 1856378ms] [LOG] [Fast Refresh] done in 1900ms @ http://localhost:3000/_next/static/chunks/node_modules_next_dist_1e8vcs8._.js:776
[ 1856477ms] [LOG] [Fast Refresh] done in 1900ms @ http://localhost:3000/_next/static/chunks/node_modules_next_dist_1e8vcs8._.js:776
[ 1856563ms] [LOG] [Fast Refresh] done in 1900ms @ http://localhost:3000/_next/static/chunks/node_modules_next_dist_1e8vcs8._.js:776
[ 1856674ms] [LOG] [Fast Refresh] done in 1900ms @ http://localhost:3000/_next/static/chunks/node_modules_next_dist_1e8vcs8._.js:776
[ 1856746ms] [LOG] [Fast Refresh] done in 1900ms @ http://localhost:3000/_next/static/chunks/node_modules_next_dist_1e8vcs8._.js:776
[ 1856846ms] [LOG] [Fast Refresh] done in 1900ms @ http://localhost:3000/_next/static/chunks/node_modules_next_dist_1e8vcs8._.js:776
[ 1856925ms] [LOG] [Fast Refresh] done in 1900ms @ http://localhost:3000/_next/static/chunks/node_modules_next_dist_1e8vcs8._.js:776
[ 1857026ms] [LOG] [Fast Refresh] done in 1900ms @ http://localhost:3000/_next/static/chunks/node_modules_next_dist_1e8vcs8._.js:776
[ 1857124ms] [LOG] [Fast Refresh] done in 1900ms @ http://localhost:3000/_next/static/chunks/node_modules_next_dist_1e8vcs8._.js:776
[ 1857233ms] [LOG] [Fast Refresh] done in 1900ms @ http://localhost:3000/_next/static/chunks/node_modules_next_dist_1e8vcs8._.js:776
[ 1857338ms] [LOG] [Fast Refresh] done in 1900ms @ http://localhost:3000/_next/static/chunks/node_modules_next_dist_1e8vcs8._.js:776
[ 1857452ms] [LOG] [Fast Refresh] done in 1900ms @ http://localhost:3000/_next/static/chunks/node_modules_next_dist_1e8vcs8._.js:776
[ 1857598ms] [LOG] [Fast Refresh] done in 1900ms @ http://localhost:3000/_next/static/chunks/node_modules_next_dist_1e8vcs8._.js:776
[ 1857707ms] [LOG] [Fast Refresh] done in 1900ms @ http://localhost:3000/_next/static/chunks/node_modules_next_dist_1e8vcs8._.js:776
[ 1857844ms] [LOG] [Fast Refresh] done in 1900ms @ http://localhost:3000/_next/static/chunks/node_modules_next_dist_1e8vcs8._.js:776
[ 1857945ms] [LOG] [Fast Refresh] done in 1900ms @ http://localhost:3000/_next/static/chunks/node_modules_next_dist_1e8vcs8._.js:776
[ 1858043ms] [LOG] [Fast Refresh] done in 1900ms @ http://localhost:3000/_next/static/chunks/node_modules_next_dist_1e8vcs8._.js:776
[ 1858131ms] [LOG] [Fast Refresh] done in 1900ms @ http://localhost:3000/_next/static/chunks/node_modules_next_dist_1e8vcs8._.js:776
[ 1858215ms] [LOG] [Fast Refresh] done in 1900ms @ http://localhost:3000/_next/static/chunks/node_modules_next_dist_1e8vcs8._.js:776
[ 1858309ms] [LOG] [Fast Refresh] done in 1900ms @ http://localhost:3000/_next/static/chunks/node_modules_next_dist_1e8vcs8._.js:776
[ 1858447ms] [LOG] [Fast Refresh] done in 1900ms @ http://localhost:3000/_next/static/chunks/node_modules_next_dist_1e8vcs8._.js:776
[ 1858540ms] [LOG] [Fast Refresh] done in 1900ms @ http://localhost:3000/_next/static/chunks/node_modules_next_dist_1e8vcs8._.js:776
[ 1858637ms] [LOG] [Fast Refresh] done in 1900ms @ http://localhost:3000/_next/static/chunks/node_modules_next_dist_1e8vcs8._.js:776
[ 1858778ms] [LOG] [Fast Refresh] done in 1900ms @ http://localhost:3000/_next/static/chunks/node_modules_next_dist_1e8vcs8._.js:776
[ 1858861ms] [LOG] [Fast Refresh] done in 1900ms @ http://localhost:3000/_next/static/chunks/node_modules_next_dist_1e8vcs8._.js:776
[ 1858994ms] [LOG] [Fast Refresh] done in 1900ms @ http://localhost:3000/_next/static/chunks/node_modules_next_dist_1e8vcs8._.js:776
[ 1859140ms] [LOG] [Fast Refresh] done in 1900ms @ http://localhost:3000/_next/static/chunks/node_modules_next_dist_1e8vcs8._.js:776
[ 1859287ms] [LOG] [Fast Refresh] done in 1900ms @ http://localhost:3000/_next/static/chunks/node_modules_next_dist_1e8vcs8._.js:776
[ 1859362ms] [LOG] [Fast Refresh] done in 1900ms @ http://localhost:3000/_next/static/chunks/node_modules_next_dist_1e8vcs8._.js:776
[ 1859468ms] [LOG] [Fast Refresh] done in 1900ms @ http://localhost:3000/_next/static/chunks/node_modules_next_dist_1e8vcs8._.js:776
[ 1859629ms] [LOG] [Fast Refresh] done in 1900ms @ http://localhost:3000/_next/static/chunks/node_modules_next_dist_1e8vcs8._.js:776
[ 1859759ms] [LOG] [Fast Refresh] done in 1900ms @ http://localhost:3000/_next/static/chunks/node_modules_next_dist_1e8vcs8._.js:776
[ 1859857ms] [LOG] [Fast Refresh] done in 1900ms @ http://localhost:3000/_next/static/chunks/node_modules_next_dist_1e8vcs8._.js:776
[ 1859956ms] [LOG] [Fast Refresh] done in 1900ms @ http://localhost:3000/_next/static/chunks/node_modules_next_dist_1e8vcs8._.js:776
[ 1860074ms] [LOG] [Fast Refresh] done in 1900ms @ http://localhost:3000/_next/static/chunks/node_modules_next_dist_1e8vcs8._.js:776
[ 1860181ms] [LOG] [Fast Refresh] done in 1900ms @ http://localhost:3000/_next/static/chunks/node_modules_next_dist_1e8vcs8._.js:776
[ 1860287ms] [LOG] [Fast Refresh] done in 1900ms @ http://localhost:3000/_next/static/chunks/node_modules_next_dist_1e8vcs8._.js:776
[ 1860370ms] [LOG] [Fast Refresh] done in 1900ms @ http://localhost:3000/_next/static/chunks/node_modules_next_dist_1e8vcs8._.js:776
[ 1860460ms] [LOG] [Fast Refresh] done in 1900ms @ http://localhost:3000/_next/static/chunks/node_modules_next_dist_1e8vcs8._.js:776
[ 1860545ms] [LOG] [Fast Refresh] done in 1900ms @ http://localhost:3000/_next/static/chunks/node_modules_next_dist_1e8vcs8._.js:776
[ 1860660ms] [LOG] [Fast Refresh] done in 1900ms @ http://localhost:3000/_next/static/chunks/node_modules_next_dist_1e8vcs8._.js:776
[ 1860733ms] [LOG] [Fast Refresh] done in 1900ms @ http://localhost:3000/_next/static/chunks/node_modules_next_dist_1e8vcs8._.js:776
[ 1860854ms] [LOG] [Fast Refresh] done in 1900ms @ http://localhost:3000/_next/static/chunks/node_modules_next_dist_1e8vcs8._.js:776
[ 1860952ms] [LOG] [Fast Refresh] done in 1900ms @ http://localhost:3000/_next/static/chunks/node_modules_next_dist_1e8vcs8._.js:776
[ 1861054ms] [LOG] [Fast Refresh] done in 1900ms @ http://localhost:3000/_next/static/chunks/node_modules_next_dist_1e8vcs8._.js:776
[ 1861156ms] [LOG] [Fast Refresh] done in 1900ms @ http://localhost:3000/_next/static/chunks/node_modules_next_dist_1e8vcs8._.js:776
[ 1861248ms] [LOG] [Fast Refresh] done in 1900ms @ http://localhost:3000/_next/static/chunks/node_modules_next_dist_1e8vcs8._.js:776
[ 1861339ms] [LOG] [Fast Refresh] done in 1900ms @ http://localhost:3000/_next/static/chunks/node_modules_next_dist_1e8vcs8._.js:776
[ 1861436ms] [LOG] [Fast Refresh] done in 1900ms @ http://localhost:3000/_next/static/chunks/node_modules_next_dist_1e8vcs8._.js:776
[ 1861549ms] [LOG] [Fast Refresh] done in 1900ms @ http://localhost:3000/_next/static/chunks/node_modules_next_dist_1e8vcs8._.js:776
[ 1861666ms] [LOG] [Fast Refresh] done in 1900ms @ http://localhost:3000/_next/static/chunks/node_modules_next_dist_1e8vcs8._.js:776
[ 1861763ms] [LOG] [Fast Refresh] done in 1900ms @ http://localhost:3000/_next/static/chunks/node_modules_next_dist_1e8vcs8._.js:776
[ 1861901ms] [LOG] [Fast Refresh] done in 1900ms @ http://localhost:3000/_next/static/chunks/node_modules_next_dist_1e8vcs8._.js:776
[ 1862015ms] [LOG] [Fast Refresh] done in 1900ms @ http://localhost:3000/_next/static/chunks/node_modules_next_dist_1e8vcs8._.js:776
[ 1862121ms] [LOG] [Fast Refresh] done in 1900ms @ http://localhost:3000/_next/static/chunks/node_modules_next_dist_1e8vcs8._.js:776
[ 1862241ms] [LOG] [Fast Refresh] done in 1900ms @ http://localhost:3000/_next/static/chunks/node_modules_next_dist_1e8vcs8._.js:776
[ 1862374ms] [LOG] [Fast Refresh] done in 1900ms @ http://localhost:3000/_next/static/chunks/node_modules_next_dist_1e8vcs8._.js:776
[ 1862466ms] [LOG] [Fast Refresh] done in 1900ms @ http://localhost:3000/_next/static/chunks/node_modules_next_dist_1e8vcs8._.js:776
[ 1862616ms] [LOG] [Fast Refresh] done in 1900ms @ http://localhost:3000/_next/static/chunks/node_modules_next_dist_1e8vcs8._.js:776
[ 1862727ms] [LOG] [Fast Refresh] done in 1900ms @ http://localhost:3000/_next/static/chunks/node_modules_next_dist_1e8vcs8._.js:776
[ 1862831ms] [LOG] [Fast Refresh] done in 1900ms @ http://localhost:3000/_next/static/chunks/node_modules_next_dist_1e8vcs8._.js:776
[ 1862966ms] [LOG] [Fast Refresh] done in 1900ms @ http://localhost:3000/_next/static/chunks/node_modules_next_dist_1e8vcs8._.js:776
[ 1863064ms] [LOG] [Fast Refresh] done in 1900ms @ http://localhost:3000/_next/static/chunks/node_modules_next_dist_1e8vcs8._.js:776
[ 1863149ms] [LOG] [Fast Refresh] done in 1900ms @ http://localhost:3000/_next/static/chunks/node_modules_next_dist_1e8vcs8._.js:776
[ 1863260ms] [LOG] [Fast Refresh] done in 1900ms @ http://localhost:3000/_next/static/chunks/node_modules_next_dist_1e8vcs8._.js:776
[ 1863344ms] [LOG] [Fast Refresh] done in 1900ms @ http://localhost:3000/_next/static/chunks/node_modules_next_dist_1e8vcs8._.js:776
[ 1863486ms] [LOG] [Fast Refresh] done in 1900ms @ http://localhost:3000/_next/static/chunks/node_modules_next_dist_1e8vcs8._.js:776
[ 1863582ms] [LOG] [Fast Refresh] done in 1900ms @ http://localhost:3000/_next/static/chunks/node_modules_next_dist_1e8vcs8._.js:776
[ 1863715ms] [LOG] [Fast Refresh] done in 1900ms @ http://localhost:3000/_next/static/chunks/node_modules_next_dist_1e8vcs8._.js:776
[ 1863788ms] [LOG] [Fast Refresh] done in 1900ms @ http://localhost:3000/_next/static/chunks/node_modules_next_dist_1e8vcs8._.js:776
[ 1863890ms] [LOG] [Fast Refresh] done in 1900ms @ http://localhost:3000/_next/static/chunks/node_modules_next_dist_1e8vcs8._.js:776
[ 1864000ms] [LOG] [Fast Refresh] done in 1900ms @ http://localhost:3000/_next/static/chunks/node_modules_next_dist_1e8vcs8._.js:776
[ 1864084ms] [LOG] [Fast Refresh] done in 1900ms @ http://localhost:3000/_next/static/chunks/node_modules_next_dist_1e8vcs8._.js:776
[ 1864195ms] [LOG] [Fast Refresh] done in 1900ms @ http://localhost:3000/_next/static/chunks/node_modules_next_dist_1e8vcs8._.js:776
[ 1864283ms] [LOG] [Fast Refresh] done in 1900ms @ http://localhost:3000/_next/static/chunks/node_modules_next_dist_1e8vcs8._.js:776
[ 1864362ms] [LOG] [Fast Refresh] done in 1900ms @ http://localhost:3000/_next/static/chunks/node_modules_next_dist_1e8vcs8._.js:776
[ 1864450ms] [LOG] [Fast Refresh] done in 1900ms @ http://localhost:3000/_next/static/chunks/node_modules_next_dist_1e8vcs8._.js:776
[ 1864548ms] [LOG] [Fast Refresh] done in 1900ms @ http://localhost:3000/_next/static/chunks/node_modules_next_dist_1e8vcs8._.js:776
[ 1864675ms] [LOG] [Fast Refresh] done in 1900ms @ http://localhost:3000/_next/static/chunks/node_modules_next_dist_1e8vcs8._.js:776
[ 1864837ms] [LOG] [Fast Refresh] done in 1900ms @ http://localhost:3000/_next/static/chunks/node_modules_next_dist_1e8vcs8._.js:776
[ 1864975ms] [LOG] [Fast Refresh] done in 1900ms @ http://localhost:3000/_next/static/chunks/node_modules_next_dist_1e8vcs8._.js:776
[ 1865112ms] [LOG] [Fast Refresh] done in 1900ms @ http://localhost:3000/_next/static/chunks/node_modules_next_dist_1e8vcs8._.js:776
[ 1865237ms] [LOG] [Fast Refresh] done in 1900ms @ http://localhost:3000/_next/static/chunks/node_modules_next_dist_1e8vcs8._.js:776
[ 1865349ms] [LOG] [Fast Refresh] done in 1900ms @ http://localhost:3000/_next/static/chunks/node_modules_next_dist_1e8vcs8._.js:776
[ 1865455ms] [LOG] [Fast Refresh] done in 1900ms @ http://localhost:3000/_next/static/chunks/node_modules_next_dist_1e8vcs8._.js:776
[ 1865530ms] [LOG] [Fast Refresh] done in 1900ms @ http://localhost:3000/_next/static/chunks/node_modules_next_dist_1e8vcs8._.js:776
[ 1865656ms] [LOG] [Fast Refresh] done in 1900ms @ http://localhost:3000/_next/static/chunks/node_modules_next_dist_1e8vcs8._.js:776
[ 1865730ms] [LOG] [Fast Refresh] done in 1900ms @ http://localhost:3000/_next/static/chunks/node_modules_next_dist_1e8vcs8._.js:776
[ 1865845ms] [LOG] [Fast Refresh] done in 1900ms @ http://localhost:3000/_next/static/chunks/node_modules_next_dist_1e8vcs8._.js:776
[ 1865962ms] [LOG] [Fast Refresh] done in 1900ms @ http://localhost:3000/_next/static/chunks/node_modules_next_dist_1e8vcs8._.js:776
[ 1866046ms] [LOG] [Fast Refresh] done in 1900ms @ http://localhost:3000/_next/static/chunks/node_modules_next_dist_1e8vcs8._.js:776
[ 1866115ms] [LOG] [Fast Refresh] done in 1900ms @ http://localhost:3000/_next/static/chunks/node_modules_next_dist_1e8vcs8._.js:776
[ 1866227ms] [LOG] [Fast Refresh] done in 1900ms @ http://localhost:3000/_next/static/chunks/node_modules_next_dist_1e8vcs8._.js:776
[ 1866335ms] [LOG] [Fast Refresh] done in 1900ms @ http://localhost:3000/_next/static/chunks/node_modules_next_dist_1e8vcs8._.js:776
[ 1866417ms] [LOG] [Fast Refresh] done in 1900ms @ http://localhost:3000/_next/static/chunks/node_modules_next_dist_1e8vcs8._.js:776
[ 1866520ms] [LOG] [Fast Refresh] done in 1900ms @ http://localhost:3000/_next/static/chunks/node_modules_next_dist_1e8vcs8._.js:776
[ 1866600ms] [LOG] [Fast Refresh] done in 1900ms @ http://localhost:3000/_next/static/chunks/node_modules_next_dist_1e8vcs8._.js:776
[ 1866681ms] [LOG] [Fast Refresh] done in 1900ms @ http://localhost:3000/_next/static/chunks/node_modules_next_dist_1e8vcs8._.js:776
[ 1866785ms] [LOG] [Fast Refresh] done in 1900ms @ http://localhost:3000/_next/static/chunks/node_modules_next_dist_1e8vcs8._.js:776
[ 1866954ms] [LOG] [Fast Refresh] done in 1900ms @ http://localhost:3000/_next/static/chunks/node_modules_next_dist_1e8vcs8._.js:776
[ 1867067ms] [LOG] [Fast Refresh] done in 1900ms @ http://localhost:3000/_next/static/chunks/node_modules_next_dist_1e8vcs8._.js:776
[ 1867146ms] [LOG] [Fast Refresh] done in 1900ms @ http://localhost:3000/_next/static/chunks/node_modules_next_dist_1e8vcs8._.js:776
[ 1867239ms] [LOG] [Fast Refresh] done in 1900ms @ http://localhost:3000/_next/static/chunks/node_modules_next_dist_1e8vcs8._.js:776
[ 1867304ms] [LOG] [Fast Refresh] done in 1900ms @ http://localhost:3000/_next/static/chunks/node_modules_next_dist_1e8vcs8._.js:776
[ 1867415ms] [LOG] [Fast Refresh] done in 1900ms @ http://localhost:3000/_next/static/chunks/node_modules_next_dist_1e8vcs8._.js:776
[ 1867501ms] [LOG] [Fast Refresh] done in 1900ms @ http://localhost:3000/_next/static/chunks/node_modules_next_dist_1e8vcs8._.js:776
[ 1867621ms] [LOG] [Fast Refresh] done in 1900ms @ http://localhost:3000/_next/static/chunks/node_modules_next_dist_1e8vcs8._.js:776
[ 1867759ms] [LOG] [Fast Refresh] done in 1900ms @ http://localhost:3000/_next/static/chunks/node_modules_next_dist_1e8vcs8._.js:776
[ 1867873ms] [LOG] [Fast Refresh] done in 1900ms @ http://localhost:3000/_next/static/chunks/node_modules_next_dist_1e8vcs8._.js:776
[ 1867962ms] [LOG] [Fast Refresh] done in 1900ms @ http://localhost:3000/_next/static/chunks/node_modules_next_dist_1e8vcs8._.js:776
[ 1868085ms] [LOG] [Fast Refresh] done in 1900ms @ http://localhost:3000/_next/static/chunks/node_modules_next_dist_1e8vcs8._.js:776
[ 1868188ms] [LOG] [Fast Refresh] done in 1900ms @ http://localhost:3000/_next/static/chunks/node_modules_next_dist_1e8vcs8._.js:776
[ 1868337ms] [LOG] [Fast Refresh] done in 1900ms @ http://localhost:3000/_next/static/chunks/node_modules_next_dist_1e8vcs8._.js:776
[ 1868465ms] [LOG] [Fast Refresh] done in 1900ms @ http://localhost:3000/_next/static/chunks/node_modules_next_dist_1e8vcs8._.js:776
[ 1868643ms] [LOG] [Fast Refresh] done in 1900ms @ http://localhost:3000/_next/static/chunks/node_modules_next_dist_1e8vcs8._.js:776
[ 1868748ms] [LOG] [Fast Refresh] done in 1900ms @ http://localhost:3000/_next/static/chunks/node_modules_next_dist_1e8vcs8._.js:776
[ 1868902ms] [LOG] [Fast Refresh] done in 1900ms @ http://localhost:3000/_next/static/chunks/node_modules_next_dist_1e8vcs8._.js:776
[ 1869017ms] [LOG] [Fast Refresh] done in 1900ms @ http://localhost:3000/_next/static/chunks/node_modules_next_dist_1e8vcs8._.js:776
[ 1869093ms] [LOG] [Fast Refresh] done in 1900ms @ http://localhost:3000/_next/static/chunks/node_modules_next_dist_1e8vcs8._.js:776
[ 1869187ms] [LOG] [Fast Refresh] done in 1900ms @ http://localhost:3000/_next/static/chunks/node_modules_next_dist_1e8vcs8._.js:776
[ 1869273ms] [LOG] [Fast Refresh] done in 1900ms @ http://localhost:3000/_next/static/chunks/node_modules_next_dist_1e8vcs8._.js:776
[ 1869343ms] [LOG] [Fast Refresh] done in 1900ms @ http://localhost:3000/_next/static/chunks/node_modules_next_dist_1e8vcs8._.js:776
[ 1869466ms] [LOG] [Fast Refresh] done in 1900ms @ http://localhost:3000/_next/static/chunks/node_modules_next_dist_1e8vcs8._.js:776
[ 1869571ms] [LOG] [Fast Refresh] done in 1900ms @ http://localhost:3000/_next/static/chunks/node_modules_next_dist_1e8vcs8._.js:776
[ 1869703ms] [LOG] [Fast Refresh] done in 1900ms @ http://localhost:3000/_next/static/chunks/node_modules_next_dist_1e8vcs8._.js:776
[ 1869818ms] [LOG] [Fast Refresh] done in 1900ms @ http://localhost:3000/_next/static/chunks/node_modules_next_dist_1e8vcs8._.js:776
[ 1869927ms] [LOG] [Fast Refresh] done in 1900ms @ http://localhost:3000/_next/static/chunks/node_modules_next_dist_1e8vcs8._.js:776
[ 1870076ms] [LOG] [Fast Refresh] done in 1900ms @ http://localhost:3000/_next/static/chunks/node_modules_next_dist_1e8vcs8._.js:776
[ 1870186ms] [LOG] [Fast Refresh] done in 1900ms @ http://localhost:3000/_next/static/chunks/node_modules_next_dist_1e8vcs8._.js:776
[ 1870343ms] [LOG] [Fast Refresh] done in 1900ms @ http://localhost:3000/_next/static/chunks/node_modules_next_dist_1e8vcs8._.js:776
[ 1870436ms] [LOG] [Fast Refresh] done in 1900ms @ http://localhost:3000/_next/static/chunks/node_modules_next_dist_1e8vcs8._.js:776
[ 1870531ms] [LOG] [Fast Refresh] done in 1900ms @ http://localhost:3000/_next/static/chunks/node_modules_next_dist_1e8vcs8._.js:776
[ 1870622ms] [LOG] [Fast Refresh] done in 1900ms @ http://localhost:3000/_next/static/chunks/node_modules_next_dist_1e8vcs8._.js:776
[ 1870683ms] [LOG] [Fast Refresh] done in 1900ms @ http://localhost:3000/_next/static/chunks/node_modules_next_dist_1e8vcs8._.js:776
[ 1870782ms] [LOG] [Fast Refresh] done in 1900ms @ http://localhost:3000/_next/static/chunks/node_modules_next_dist_1e8vcs8._.js:776
[ 1870858ms] [LOG] [Fast Refresh] done in 1900ms @ http://localhost:3000/_next/static/chunks/node_modules_next_dist_1e8vcs8._.js:776
[ 1870948ms] [LOG] [Fast Refresh] done in 1900ms @ http://localhost:3000/_next/static/chunks/node_modules_next_dist_1e8vcs8._.js:776
[ 1871008ms] [LOG] [Fast Refresh] done in 1900ms @ http://localhost:3000/_next/static/chunks/node_modules_next_dist_1e8vcs8._.js:776
[ 1871128ms] [LOG] [Fast Refresh] done in 1900ms @ http://localhost:3000/_next/static/chunks/node_modules_next_dist_1e8vcs8._.js:776
[ 1871238ms] [LOG] [Fast Refresh] done in 1900ms @ http://localhost:3000/_next/static/chunks/node_modules_next_dist_1e8vcs8._.js:776
[ 1871326ms] [LOG] [Fast Refresh] done in 1900ms @ http://localhost:3000/_next/static/chunks/node_modules_next_dist_1e8vcs8._.js:776
[ 1871411ms] [LOG] [Fast Refresh] done in 1900ms @ http://localhost:3000/_next/static/chunks/node_modules_next_dist_1e8vcs8._.js:776
[ 1871517ms] [LOG] [Fast Refresh] done in 1900ms @ http://localhost:3000/_next/static/chunks/node_modules_next_dist_1e8vcs8._.js:776
[ 1871679ms] [LOG] [Fast Refresh] done in 1900ms @ http://localhost:3000/_next/static/chunks/node_modules_next_dist_1e8vcs8._.js:776
[ 1871788ms] [LOG] [Fast Refresh] done in 1900ms @ http://localhost:3000/_next/static/chunks/node_modules_next_dist_1e8vcs8._.js:776
[ 1871899ms] [LOG] [Fast Refresh] done in 1900ms @ http://localhost:3000/_next/static/chunks/node_modules_next_dist_1e8vcs8._.js:776
[ 1871986ms] [LOG] [Fast Refresh] done in 1900ms @ http://localhost:3000/_next/static/chunks/node_modules_next_dist_1e8vcs8._.js:776
[ 1872090ms] [LOG] [Fast Refresh] done in 1900ms @ http://localhost:3000/_next/static/chunks/node_modules_next_dist_1e8vcs8._.js:776
[ 1872199ms] [LOG] [Fast Refresh] done in 1900ms @ http://localhost:3000/_next/static/chunks/node_modules_next_dist_1e8vcs8._.js:776
[ 1872308ms] [LOG] [Fast Refresh] done in 1900ms @ http://localhost:3000/_next/static/chunks/node_modules_next_dist_1e8vcs8._.js:776
[ 1872403ms] [LOG] [Fast Refresh] done in 1900ms @ http://localhost:3000/_next/static/chunks/node_modules_next_dist_1e8vcs8._.js:776
[ 1872489ms] [LOG] [Fast Refresh] done in 1900ms @ http://localhost:3000/_next/static/chunks/node_modules_next_dist_1e8vcs8._.js:776
[ 1872545ms] [LOG] [Fast Refresh] done in 1900ms @ http://localhost:3000/_next/static/chunks/node_modules_next_dist_1e8vcs8._.js:776
[ 1872642ms] [LOG] [Fast Refresh] done in 1900ms @ http://localhost:3000/_next/static/chunks/node_modules_next_dist_1e8vcs8._.js:776
[ 1872742ms] [LOG] [Fast Refresh] done in 1900ms @ http://localhost:3000/_next/static/chunks/node_modules_next_dist_1e8vcs8._.js:776
[ 1872819ms] [LOG] [Fast Refresh] done in 1900ms @ http://localhost:3000/_next/static/chunks/node_modules_next_dist_1e8vcs8._.js:776
[ 1872909ms] [LOG] [Fast Refresh] done in 1900ms @ http://localhost:3000/_next/static/chunks/node_modules_next_dist_1e8vcs8._.js:776
[ 1873039ms] [LOG] [Fast Refresh] done in 1900ms @ http://localhost:3000/_next/static/chunks/node_modules_next_dist_1e8vcs8._.js:776
[ 1873143ms] [LOG] [Fast Refresh] done in 1900ms @ http://localhost:3000/_next/static/chunks/node_modules_next_dist_1e8vcs8._.js:776
[ 1873249ms] [LOG] [Fast Refresh] done in 1900ms @ http://localhost:3000/_next/static/chunks/node_modules_next_dist_1e8vcs8._.js:776
[ 1873361ms] [LOG] [Fast Refresh] done in 1900ms @ http://localhost:3000/_next/static/chunks/node_modules_next_dist_1e8vcs8._.js:776
[ 1873497ms] [LOG] [Fast Refresh] done in 1900ms @ http://localhost:3000/_next/static/chunks/node_modules_next_dist_1e8vcs8._.js:776
[ 1873581ms] [LOG] [Fast Refresh] done in 1900ms @ http://localhost:3000/_next/static/chunks/node_modules_next_dist_1e8vcs8._.js:776
[ 1873674ms] [LOG] [Fast Refresh] done in 1900ms @ http://localhost:3000/_next/static/chunks/node_modules_next_dist_1e8vcs8._.js:776
[ 1873795ms] [LOG] [Fast Refresh] done in 1900ms @ http://localhost:3000/_next/static/chunks/node_modules_next_dist_1e8vcs8._.js:776
[ 1873917ms] [LOG] [Fast Refresh] done in 1900ms @ http://localhost:3000/_next/static/chunks/node_modules_next_dist_1e8vcs8._.js:776
[ 1874010ms] [LOG] [Fast Refresh] done in 1900ms @ http://localhost:3000/_next/static/chunks/node_modules_next_dist_1e8vcs8._.js:776
[ 1874150ms] [LOG] [Fast Refresh] done in 1900ms @ http://localhost:3000/_next/static/chunks/node_modules_next_dist_1e8vcs8._.js:776
[ 1874234ms] [LOG] [Fast Refresh] done in 1900ms @ http://localhost:3000/_next/static/chunks/node_modules_next_dist_1e8vcs8._.js:776
[ 1874335ms] [LOG] [Fast Refresh] done in 1900ms @ http://localhost:3000/_next/static/chunks/node_modules_next_dist_1e8vcs8._.js:776
[ 1874404ms] [LOG] [Fast Refresh] done in 1900ms @ http://localhost:3000/_next/static/chunks/node_modules_next_dist_1e8vcs8._.js:776
[ 1874464ms] [LOG] [Fast Refresh] done in 1900ms @ http://localhost:3000/_next/static/chunks/node_modules_next_dist_1e8vcs8._.js:776
[ 1874582ms] [LOG] [Fast Refresh] done in 1900ms @ http://localhost:3000/_next/static/chunks/node_modules_next_dist_1e8vcs8._.js:776
[ 1874694ms] [LOG] [Fast Refresh] done in 1900ms @ http://localhost:3000/_next/static/chunks/node_modules_next_dist_1e8vcs8._.js:776
[ 1874816ms] [LOG] [Fast Refresh] done in 1900ms @ http://localhost:3000/_next/static/chunks/node_modules_next_dist_1e8vcs8._.js:776
[ 1874900ms] [LOG] [Fast Refresh] done in 1900ms @ http://localhost:3000/_next/static/chunks/node_modules_next_dist_1e8vcs8._.js:776
[ 1874979ms] [LOG] [Fast Refresh] done in 1900ms @ http://localhost:3000/_next/static/chunks/node_modules_next_dist_1e8vcs8._.js:776
[ 1875144ms] [LOG] [Fast Refresh] done in 1900ms @ http://localhost:3000/_next/static/chunks/node_modules_next_dist_1e8vcs8._.js:776
[ 1875222ms] [LOG] [Fast Refresh] done in 1900ms @ http://localhost:3000/_next/static/chunks/node_modules_next_dist_1e8vcs8._.js:776
[ 1875364ms] [LOG] [Fast Refresh] done in 1900ms @ http://localhost:3000/_next/static/chunks/node_modules_next_dist_1e8vcs8._.js:776
[ 1875428ms] [LOG] [Fast Refresh] done in 1900ms @ http://localhost:3000/_next/static/chunks/node_modules_next_dist_1e8vcs8._.js:776
[ 1875545ms] [LOG] [Fast Refresh] done in 1900ms @ http://localhost:3000/_next/static/chunks/node_modules_next_dist_1e8vcs8._.js:776
[ 1875683ms] [LOG] [Fast Refresh] done in 1900ms @ http://localhost:3000/_next/static/chunks/node_modules_next_dist_1e8vcs8._.js:776
[ 1875761ms] [LOG] [Fast Refresh] done in 1900ms @ http://localhost:3000/_next/static/chunks/node_modules_next_dist_1e8vcs8._.js:776
[ 1875890ms] [LOG] [Fast Refresh] done in 1900ms @ http://localhost:3000/_next/static/chunks/node_modules_next_dist_1e8vcs8._.js:776
[ 1875968ms] [LOG] [Fast Refresh] done in 1900ms @ http://localhost:3000/_next/static/chunks/node_modules_next_dist_1e8vcs8._.js:776
[ 1876031ms] [LOG] [Fast Refresh] done in 1900ms @ http://localhost:3000/_next/static/chunks/node_modules_next_dist_1e8vcs8._.js:776
[ 1876124ms] [LOG] [Fast Refresh] done in 1900ms @ http://localhost:3000/_next/static/chunks/node_modules_next_dist_1e8vcs8._.js:776
[ 1876252ms] [LOG] [Fast Refresh] done in 1900ms @ http://localhost:3000/_next/static/chunks/node_modules_next_dist_1e8vcs8._.js:776
[ 1876343ms] [LOG] [Fast Refresh] done in 1900ms @ http://localhost:3000/_next/static/chunks/node_modules_next_dist_1e8vcs8._.js:776
[ 1876498ms] [LOG] [Fast Refresh] done in 1900ms @ http://localhost:3000/_next/static/chunks/node_modules_next_dist_1e8vcs8._.js:776
[ 1876607ms] [LOG] [Fast Refresh] done in 1900ms @ http://localhost:3000/_next/static/chunks/node_modules_next_dist_1e8vcs8._.js:776
[ 1876715ms] [LOG] [Fast Refresh] done in 1900ms @ http://localhost:3000/_next/static/chunks/node_modules_next_dist_1e8vcs8._.js:776
[ 1876830ms] [LOG] [Fast Refresh] done in 1900ms @ http://localhost:3000/_next/static/chunks/node_modules_next_dist_1e8vcs8._.js:776
[ 1876900ms] [LOG] [Fast Refresh] done in 1900ms @ http://localhost:3000/_next/static/chunks/node_modules_next_dist_1e8vcs8._.js:776
[ 1876956ms] [LOG] [Fast Refresh] done in 1900ms @ http://localhost:3000/_next/static/chunks/node_modules_next_dist_1e8vcs8._.js:776
[ 1877059ms] [LOG] [Fast Refresh] done in 1900ms @ http://localhost:3000/_next/static/chunks/node_modules_next_dist_1e8vcs8._.js:776
[ 1877150ms] [LOG] [Fast Refresh] done in 1900ms @ http://localhost:3000/_next/static/chunks/node_modules_next_dist_1e8vcs8._.js:776
[ 1877266ms] [LOG] [Fast Refresh] done in 1900ms @ http://localhost:3000/_next/static/chunks/node_modules_next_dist_1e8vcs8._.js:776
[ 1877389ms] [LOG] [Fast Refresh] done in 1900ms @ http://localhost:3000/_next/static/chunks/node_modules_next_dist_1e8vcs8._.js:776
[ 1877489ms] [LOG] [Fast Refresh] done in 1900ms @ http://localhost:3000/_next/static/chunks/node_modules_next_dist_1e8vcs8._.js:776
[ 1877674ms] [LOG] [Fast Refresh] done in 1900ms @ http://localhost:3000/_next/static/chunks/node_modules_next_dist_1e8vcs8._.js:776
[ 1877764ms] [LOG] [Fast Refresh] done in 1900ms @ http://localhost:3000/_next/static/chunks/node_modules_next_dist_1e8vcs8._.js:776
[ 1877843ms] [LOG] [Fast Refresh] done in 1900ms @ http://localhost:3000/_next/static/chunks/node_modules_next_dist_1e8vcs8._.js:776
[ 1877947ms] [LOG] [Fast Refresh] done in 1900ms @ http://localhost:3000/_next/static/chunks/node_modules_next_dist_1e8vcs8._.js:776
[ 1878071ms] [LOG] [Fast Refresh] done in 1900ms @ http://localhost:3000/_next/static/chunks/node_modules_next_dist_1e8vcs8._.js:776
[ 1878191ms] [LOG] [Fast Refresh] done in 1900ms @ http://localhost:3000/_next/static/chunks/node_modules_next_dist_1e8vcs8._.js:776
[ 1878278ms] [LOG] [Fast Refresh] done in 1900ms @ http://localhost:3000/_next/static/chunks/node_modules_next_dist_1e8vcs8._.js:776
[ 1878433ms] [LOG] [Fast Refresh] done in 1900ms @ http://localhost:3000/_next/static/chunks/node_modules_next_dist_1e8vcs8._.js:776
[ 1878495ms] [LOG] [Fast Refresh] done in 1900ms @ http://localhost:3000/_next/static/chunks/node_modules_next_dist_1e8vcs8._.js:776
[ 1878586ms] [LOG] [Fast Refresh] done in 1900ms @ http://localhost:3000/_next/static/chunks/node_modules_next_dist_1e8vcs8._.js:776
[ 1878709ms] [LOG] [Fast Refresh] done in 1900ms @ http://localhost:3000/_next/static/chunks/node_modules_next_dist_1e8vcs8._.js:776
[ 1878807ms] [LOG] [Fast Refresh] done in 1900ms @ http://localhost:3000/_next/static/chunks/node_modules_next_dist_1e8vcs8._.js:776
[ 1878940ms] [LOG] [Fast Refresh] done in 1900ms @ http://localhost:3000/_next/static/chunks/node_modules_next_dist_1e8vcs8._.js:776
[ 1879094ms] [LOG] [Fast Refresh] done in 1900ms @ http://localhost:3000/_next/static/chunks/node_modules_next_dist_1e8vcs8._.js:776
[ 1879241ms] [LOG] [Fast Refresh] done in 1900ms @ http://localhost:3000/_next/static/chunks/node_modules_next_dist_1e8vcs8._.js:776
[ 1879341ms] [LOG] [Fast Refresh] done in 1900ms @ http://localhost:3000/_next/static/chunks/node_modules_next_dist_1e8vcs8._.js:776
[ 1879414ms] [LOG] [Fast Refresh] done in 1900ms @ http://localhost:3000/_next/static/chunks/node_modules_next_dist_1e8vcs8._.js:776
[ 1879510ms] [LOG] [Fast Refresh] done in 1900ms @ http://localhost:3000/_next/static/chunks/node_modules_next_dist_1e8vcs8._.js:776
[ 1879631ms] [LOG] [Fast Refresh] done in 1900ms @ http://localhost:3000/_next/static/chunks/node_modules_next_dist_1e8vcs8._.js:776
[ 1879722ms] [LOG] [Fast Refresh] done in 1900ms @ http://localhost:3000/_next/static/chunks/node_modules_next_dist_1e8vcs8._.js:776
[ 1879834ms] [LOG] [Fast Refresh] done in 1900ms @ http://localhost:3000/_next/static/chunks/node_modules_next_dist_1e8vcs8._.js:776
[ 1879903ms] [LOG] [Fast Refresh] done in 1900ms @ http://localhost:3000/_next/static/chunks/node_modules_next_dist_1e8vcs8._.js:776
[ 1880018ms] [LOG] [Fast Refresh] done in 1900ms @ http://localhost:3000/_next/static/chunks/node_modules_next_dist_1e8vcs8._.js:776
[ 1880100ms] [LOG] [Fast Refresh] done in 1900ms @ http://localhost:3000/_next/static/chunks/node_modules_next_dist_1e8vcs8._.js:776
[ 1880247ms] [LOG] [Fast Refresh] done in 1900ms @ http://localhost:3000/_next/static/chunks/node_modules_next_dist_1e8vcs8._.js:776
[ 1880413ms] [LOG] [Fast Refresh] done in 1900ms @ http://localhost:3000/_next/static/chunks/node_modules_next_dist_1e8vcs8._.js:776
[ 1880535ms] [LOG] [Fast Refresh] done in 1900ms @ http://localhost:3000/_next/static/chunks/node_modules_next_dist_1e8vcs8._.js:776
[ 1880636ms] [LOG] [Fast Refresh] done in 1900ms @ http://localhost:3000/_next/static/chunks/node_modules_next_dist_1e8vcs8._.js:776
[ 1880757ms] [LOG] [Fast Refresh] done in 1900ms @ http://localhost:3000/_next/static/chunks/node_modules_next_dist_1e8vcs8._.js:776
[ 1880861ms] [LOG] [Fast Refresh] done in 1900ms @ http://localhost:3000/_next/static/chunks/node_modules_next_dist_1e8vcs8._.js:776
[ 1881068ms] [LOG] [Fast Refresh] done in 1900ms @ http://localhost:3000/_next/static/chunks/node_modules_next_dist_1e8vcs8._.js:776
[ 1881155ms] [LOG] [Fast Refresh] done in 1900ms @ http://localhost:3000/_next/static/chunks/node_modules_next_dist_1e8vcs8._.js:776
[ 1881289ms] [LOG] [Fast Refresh] done in 1900ms @ http://localhost:3000/_next/static/chunks/node_modules_next_dist_1e8vcs8._.js:776
[ 1881409ms] [LOG] [Fast Refresh] done in 1900ms @ http://localhost:3000/_next/static/chunks/node_modules_next_dist_1e8vcs8._.js:776
[ 1881577ms] [LOG] [Fast Refresh] done in 1900ms @ http://localhost:3000/_next/static/chunks/node_modules_next_dist_1e8vcs8._.js:776
[ 1881706ms] [LOG] [Fast Refresh] done in 1900ms @ http://localhost:3000/_next/static/chunks/node_modules_next_dist_1e8vcs8._.js:776
[ 1881807ms] [LOG] [Fast Refresh] done in 1900ms @ http://localhost:3000/_next/static/chunks/node_modules_next_dist_1e8vcs8._.js:776
[ 1881903ms] [LOG] [Fast Refresh] done in 1900ms @ http://localhost:3000/_next/static/chunks/node_modules_next_dist_1e8vcs8._.js:776
[ 1882089ms] [LOG] [Fast Refresh] done in 1900ms @ http://localhost:3000/_next/static/chunks/node_modules_next_dist_1e8vcs8._.js:776
[ 1882224ms] [LOG] [Fast Refresh] done in 1900ms @ http://localhost:3000/_next/static/chunks/node_modules_next_dist_1e8vcs8._.js:776
[ 1882369ms] [LOG] [Fast Refresh] done in 1900ms @ http://localhost:3000/_next/static/chunks/node_modules_next_dist_1e8vcs8._.js:776
[ 1882490ms] [LOG] [Fast Refresh] done in 1900ms @ http://localhost:3000/_next/static/chunks/node_modules_next_dist_1e8vcs8._.js:776
[ 1882649ms] [LOG] [Fast Refresh] done in 1900ms @ http://localhost:3000/_next/static/chunks/node_modules_next_dist_1e8vcs8._.js:776
[ 1882795ms] [LOG] [Fast Refresh] done in 1900ms @ http://localhost:3000/_next/static/chunks/node_modules_next_dist_1e8vcs8._.js:776
[ 1882906ms] [LOG] [Fast Refresh] done in 1900ms @ http://localhost:3000/_next/static/chunks/node_modules_next_dist_1e8vcs8._.js:776
[ 1883052ms] [LOG] [Fast Refresh] done in 1900ms @ http://localhost:3000/_next/static/chunks/node_modules_next_dist_1e8vcs8._.js:776
[ 1883221ms] [LOG] [Fast Refresh] done in 1900ms @ http://localhost:3000/_next/static/chunks/node_modules_next_dist_1e8vcs8._.js:776
[ 1883351ms] [LOG] [Fast Refresh] done in 1900ms @ http://localhost:3000/_next/static/chunks/node_modules_next_dist_1e8vcs8._.js:776
[ 1883494ms] [LOG] [Fast Refresh] done in 1900ms @ http://localhost:3000/_next/static/chunks/node_modules_next_dist_1e8vcs8._.js:776
[ 1883630ms] [LOG] [Fast Refresh] done in 1900ms @ http://localhost:3000/_next/static/chunks/node_modules_next_dist_1e8vcs8._.js:776
[ 1883769ms] [LOG] [Fast Refresh] done in 1900ms @ http://localhost:3000/_next/static/chunks/node_modules_next_dist_1e8vcs8._.js:776
[ 1883880ms] [LOG] [Fast Refresh] done in 1900ms @ http://localhost:3000/_next/static/chunks/node_modules_next_dist_1e8vcs8._.js:776
[ 1884026ms] [LOG] [Fast Refresh] done in 1900ms @ http://localhost:3000/_next/static/chunks/node_modules_next_dist_1e8vcs8._.js:776
[ 1884139ms] [LOG] [Fast Refresh] done in 1900ms @ http://localhost:3000/_next/static/chunks/node_modules_next_dist_1e8vcs8._.js:776
[ 1884285ms] [LOG] [Fast Refresh] done in 1900ms @ http://localhost:3000/_next/static/chunks/node_modules_next_dist_1e8vcs8._.js:776
[ 1884397ms] [LOG] [Fast Refresh] done in 1900ms @ http://localhost:3000/_next/static/chunks/node_modules_next_dist_1e8vcs8._.js:776
[ 1884535ms] [LOG] [Fast Refresh] done in 1900ms @ http://localhost:3000/_next/static/chunks/node_modules_next_dist_1e8vcs8._.js:776
[ 1884646ms] [LOG] [Fast Refresh] done in 1900ms @ http://localhost:3000/_next/static/chunks/node_modules_next_dist_1e8vcs8._.js:776
[ 1884755ms] [LOG] [Fast Refresh] done in 1900ms @ http://localhost:3000/_next/static/chunks/node_modules_next_dist_1e8vcs8._.js:776
[ 1884844ms] [LOG] [Fast Refresh] done in 1900ms @ http://localhost:3000/_next/static/chunks/node_modules_next_dist_1e8vcs8._.js:776
[ 1884930ms] [LOG] [Fast Refresh] done in 1900ms @ http://localhost:3000/_next/static/chunks/node_modules_next_dist_1e8vcs8._.js:776
[ 1885045ms] [LOG] [Fast Refresh] done in 1900ms @ http://localhost:3000/_next/static/chunks/node_modules_next_dist_1e8vcs8._.js:776
[ 1885186ms] [LOG] [Fast Refresh] done in 1900ms @ http://localhost:3000/_next/static/chunks/node_modules_next_dist_1e8vcs8._.js:776
[ 1885355ms] [LOG] [Fast Refresh] done in 1900ms @ http://localhost:3000/_next/static/chunks/node_modules_next_dist_1e8vcs8._.js:776
[ 1885494ms] [LOG] [Fast Refresh] done in 1900ms @ http://localhost:3000/_next/static/chunks/node_modules_next_dist_1e8vcs8._.js:776
[ 1885590ms] [LOG] [Fast Refresh] done in 1900ms @ http://localhost:3000/_next/static/chunks/node_modules_next_dist_1e8vcs8._.js:776
[ 1885774ms] [LOG] [Fast Refresh] done in 1900ms @ http://localhost:3000/_next/static/chunks/node_modules_next_dist_1e8vcs8._.js:776
[ 1885923ms] [LOG] [Fast Refresh] done in 1900ms @ http://localhost:3000/_next/static/chunks/node_modules_next_dist_1e8vcs8._.js:776
[ 1886033ms] [LOG] [Fast Refresh] done in 1900ms @ http://localhost:3000/_next/static/chunks/node_modules_next_dist_1e8vcs8._.js:776
[ 1886130ms] [LOG] [Fast Refresh] done in 1900ms @ http://localhost:3000/_next/static/chunks/node_modules_next_dist_1e8vcs8._.js:776
[ 1886270ms] [LOG] [Fast Refresh] done in 1900ms @ http://localhost:3000/_next/static/chunks/node_modules_next_dist_1e8vcs8._.js:776
[ 1886384ms] [LOG] [Fast Refresh] done in 1900ms @ http://localhost:3000/_next/static/chunks/node_modules_next_dist_1e8vcs8._.js:776
[ 1886524ms] [LOG] [Fast Refresh] done in 1900ms @ http://localhost:3000/_next/static/chunks/node_modules_next_dist_1e8vcs8._.js:776
[ 1886618ms] [LOG] [Fast Refresh] done in 1900ms @ http://localhost:3000/_next/static/chunks/node_modules_next_dist_1e8vcs8._.js:776
[ 1886727ms] [LOG] [Fast Refresh] done in 1900ms @ http://localhost:3000/_next/static/chunks/node_modules_next_dist_1e8vcs8._.js:776
[ 1886915ms] [LOG] [Fast Refresh] done in 1900ms @ http://localhost:3000/_next/static/chunks/node_modules_next_dist_1e8vcs8._.js:776
[ 1887039ms] [LOG] [Fast Refresh] done in 1900ms @ http://localhost:3000/_next/static/chunks/node_modules_next_dist_1e8vcs8._.js:776
[ 1887216ms] [LOG] [Fast Refresh] done in 1900ms @ http://localhost:3000/_next/static/chunks/node_modules_next_dist_1e8vcs8._.js:776
[ 1887337ms] [LOG] [Fast Refresh] done in 1900ms @ http://localhost:3000/_next/static/chunks/node_modules_next_dist_1e8vcs8._.js:776
[ 1887546ms] [LOG] [Fast Refresh] done in 1900ms @ http://localhost:3000/_next/static/chunks/node_modules_next_dist_1e8vcs8._.js:776
[ 1887690ms] [LOG] [Fast Refresh] done in 1900ms @ http://localhost:3000/_next/static/chunks/node_modules_next_dist_1e8vcs8._.js:776
[ 1887806ms] [LOG] [Fast Refresh] done in 1900ms @ http://localhost:3000/_next/static/chunks/node_modules_next_dist_1e8vcs8._.js:776
[ 1887916ms] [LOG] [Fast Refresh] done in 1900ms @ http://localhost:3000/_next/static/chunks/node_modules_next_dist_1e8vcs8._.js:776
[ 1888080ms] [LOG] [Fast Refresh] done in 1900ms @ http://localhost:3000/_next/static/chunks/node_modules_next_dist_1e8vcs8._.js:776
[ 1888226ms] [LOG] [Fast Refresh] done in 1900ms @ http://localhost:3000/_next/static/chunks/node_modules_next_dist_1e8vcs8._.js:776
[ 1888360ms] [LOG] [Fast Refresh] done in 1900ms @ http://localhost:3000/_next/static/chunks/node_modules_next_dist_1e8vcs8._.js:776
[ 1888519ms] [LOG] [Fast Refresh] done in 1900ms @ http://localhost:3000/_next/static/chunks/node_modules_next_dist_1e8vcs8._.js:776
[ 1888637ms] [LOG] [Fast Refresh] done in 1900ms @ http://localhost:3000/_next/static/chunks/node_modules_next_dist_1e8vcs8._.js:776
[ 1888769ms] [LOG] [Fast Refresh] done in 1900ms @ http://localhost:3000/_next/static/chunks/node_modules_next_dist_1e8vcs8._.js:776
[ 1888870ms] [LOG] [Fast Refresh] done in 1900ms @ http://localhost:3000/_next/static/chunks/node_modules_next_dist_1e8vcs8._.js:776
[ 1888967ms] [LOG] [Fast Refresh] done in 1900ms @ http://localhost:3000/_next/static/chunks/node_modules_next_dist_1e8vcs8._.js:776
[ 1889033ms] [LOG] [Fast Refresh] done in 1900ms @ http://localhost:3000/_next/static/chunks/node_modules_next_dist_1e8vcs8._.js:776
[ 1889195ms] [LOG] [Fast Refresh] done in 1900ms @ http://localhost:3000/_next/static/chunks/node_modules_next_dist_1e8vcs8._.js:776
[ 1889385ms] [LOG] [Fast Refresh] done in 1900ms @ http://localhost:3000/_next/static/chunks/node_modules_next_dist_1e8vcs8._.js:776
[ 1889592ms] [LOG] [Fast Refresh] done in 1900ms @ http://localhost:3000/_next/static/chunks/node_modules_next_dist_1e8vcs8._.js:776
[ 1889721ms] [LOG] [Fast Refresh] done in 1900ms @ http://localhost:3000/_next/static/chunks/node_modules_next_dist_1e8vcs8._.js:776
[ 1889925ms] [LOG] [Fast Refresh] done in 1900ms @ http://localhost:3000/_next/static/chunks/node_modules_next_dist_1e8vcs8._.js:776
[ 1890021ms] [LOG] [Fast Refresh] done in 1900ms @ http://localhost:3000/_next/static/chunks/node_modules_next_dist_1e8vcs8._.js:776
[ 1890181ms] [LOG] [Fast Refresh] done in 1900ms @ http://localhost:3000/_next/static/chunks/node_modules_next_dist_1e8vcs8._.js:776
[ 1890307ms] [LOG] [Fast Refresh] done in 1900ms @ http://localhost:3000/_next/static/chunks/node_modules_next_dist_1e8vcs8._.js:776
[ 1890425ms] [LOG] [Fast Refresh] done in 1900ms @ http://localhost:3000/_next/static/chunks/node_modules_next_dist_1e8vcs8._.js:776
[ 1890556ms] [LOG] [Fast Refresh] done in 1900ms @ http://localhost:3000/_next/static/chunks/node_modules_next_dist_1e8vcs8._.js:776
[ 1890626ms] [LOG] [Fast Refresh] done in 1900ms @ http://localhost:3000/_next/static/chunks/node_modules_next_dist_1e8vcs8._.js:776
[ 1890686ms] [LOG] [Fast Refresh] done in 1900ms @ http://localhost:3000/_next/static/chunks/node_modules_next_dist_1e8vcs8._.js:776
[ 1890828ms] [LOG] [Fast Refresh] done in 1900ms @ http://localhost:3000/_next/static/chunks/node_modules_next_dist_1e8vcs8._.js:776
[ 1890981ms] [LOG] [Fast Refresh] done in 1900ms @ http://localhost:3000/_next/static/chunks/node_modules_next_dist_1e8vcs8._.js:776
[ 1891117ms] [LOG] [Fast Refresh] done in 1900ms @ http://localhost:3000/_next/static/chunks/node_modules_next_dist_1e8vcs8._.js:776
[ 1891296ms] [LOG] [Fast Refresh] done in 1900ms @ http://localhost:3000/_next/static/chunks/node_modules_next_dist_1e8vcs8._.js:776
[ 1891450ms] [LOG] [Fast Refresh] done in 1900ms @ http://localhost:3000/_next/static/chunks/node_modules_next_dist_1e8vcs8._.js:776
[ 1891636ms] [LOG] [Fast Refresh] done in 1900ms @ http://localhost:3000/_next/static/chunks/node_modules_next_dist_1e8vcs8._.js:776
[ 1891751ms] [LOG] [Fast Refresh] done in 1900ms @ http://localhost:3000/_next/static/chunks/node_modules_next_dist_1e8vcs8._.js:776
[ 1891866ms] [LOG] [Fast Refresh] done in 1900ms @ http://localhost:3000/_next/static/chunks/node_modules_next_dist_1e8vcs8._.js:776
[ 1891968ms] [LOG] [Fast Refresh] done in 1900ms @ http://localhost:3000/_next/static/chunks/node_modules_next_dist_1e8vcs8._.js:776
[ 1892054ms] [LOG] [Fast Refresh] done in 1900ms @ http://localhost:3000/_next/static/chunks/node_modules_next_dist_1e8vcs8._.js:776
[ 1892143ms] [LOG] [Fast Refresh] done in 1900ms @ http://localhost:3000/_next/static/chunks/node_modules_next_dist_1e8vcs8._.js:776
[ 1892231ms] [LOG] [Fast Refresh] done in 1900ms @ http://localhost:3000/_next/static/chunks/node_modules_next_dist_1e8vcs8._.js:776
[ 1892360ms] [LOG] [Fast Refresh] done in 1900ms @ http://localhost:3000/_next/static/chunks/node_modules_next_dist_1e8vcs8._.js:776
[ 1892469ms] [LOG] [Fast Refresh] done in 1900ms @ http://localhost:3000/_next/static/chunks/node_modules_next_dist_1e8vcs8._.js:776
[ 1892582ms] [LOG] [Fast Refresh] done in 1900ms @ http://localhost:3000/_next/static/chunks/node_modules_next_dist_1e8vcs8._.js:776
[ 1892706ms] [LOG] [Fast Refresh] done in 1900ms @ http://localhost:3000/_next/static/chunks/node_modules_next_dist_1e8vcs8._.js:776
[ 1892832ms] [LOG] [Fast Refresh] done in 1900ms @ http://localhost:3000/_next/static/chunks/node_modules_next_dist_1e8vcs8._.js:776
[ 1892954ms] [LOG] [Fast Refresh] done in 1900ms @ http://localhost:3000/_next/static/chunks/node_modules_next_dist_1e8vcs8._.js:776
[ 1893101ms] [LOG] [Fast Refresh] done in 1900ms @ http://localhost:3000/_next/static/chunks/node_modules_next_dist_1e8vcs8._.js:776
[ 1893250ms] [LOG] [Fast Refresh] done in 1900ms @ http://localhost:3000/_next/static/chunks/node_modules_next_dist_1e8vcs8._.js:776
[ 1893364ms] [LOG] [Fast Refresh] done in 1900ms @ http://localhost:3000/_next/static/chunks/node_modules_next_dist_1e8vcs8._.js:776
[ 1893485ms] [LOG] [Fast Refresh] done in 1900ms @ http://localhost:3000/_next/static/chunks/node_modules_next_dist_1e8vcs8._.js:776
[ 1893561ms] [LOG] [Fast Refresh] done in 1900ms @ http://localhost:3000/_next/static/chunks/node_modules_next_dist_1e8vcs8._.js:776
[ 1893701ms] [LOG] [Fast Refresh] done in 1900ms @ http://localhost:3000/_next/static/chunks/node_modules_next_dist_1e8vcs8._.js:776
[ 1893822ms] [LOG] [Fast Refresh] done in 1900ms @ http://localhost:3000/_next/static/chunks/node_modules_next_dist_1e8vcs8._.js:776
[ 1894001ms] [LOG] [Fast Refresh] done in 1900ms @ http://localhost:3000/_next/static/chunks/node_modules_next_dist_1e8vcs8._.js:776
[ 1894166ms] [LOG] [Fast Refresh] done in 1900ms @ http://localhost:3000/_next/static/chunks/node_modules_next_dist_1e8vcs8._.js:776
[ 2036680ms] [LOG] [Fast Refresh] rebuilding @ http://localhost:3000/_next/static/chunks/node_modules_next_dist_1e8vcs8._.js:776
[ 2037540ms] [LOG] [Fast Refresh] done in 969ms @ http://localhost:3000/_next/static/chunks/node_modules_next_dist_1e8vcs8._.js:776
