[     764ms] [INFO] %cDownload the React DevTools for a better development experience: https://react.dev/link/react-devtools font-weight:bold @ http://localhost:3000/_next/static/chunks/node_modules_next_dist_1e8vcs8._.js:776
[     829ms] [LOG] [HMR] connected @ http://localhost:3000/_next/static/chunks/node_modules_next_dist_1e8vcs8._.js:776
[    1257ms] [LOG] [Fast Refresh] rebuilding @ http://localhost:3000/_next/static/chunks/node_modules_next_dist_1e8vcs8._.js:776
[    1618ms] [LOG] [Fast Refresh] done in 466ms @ http://localhost:3000/_next/static/chunks/node_modules_next_dist_1e8vcs8._.js:776
[    2573ms] [LOG] [Fast Refresh] rebuilding @ http://localhost:3000/_next/static/chunks/node_modules_next_dist_1e8vcs8._.js:776
[    2789ms] [LOG] [Fast Refresh] done in 317ms @ http://localhost:3000/_next/static/chunks/node_modules_next_dist_1e8vcs8._.js:776
[   19669ms] [LOG] [Fast Refresh] rebuilding @ http://localhost:3000/_next/static/chunks/node_modules_next_dist_1e8vcs8._.js:776
[   19752ms] [LOG] [Fast Refresh] done in 187ms @ http://localhost:3000/_next/static/chunks/node_modules_next_dist_1e8vcs8._.js:776
[   44113ms] [LOG] [Fast Refresh] rebuilding @ http://localhost:3000/_next/static/chunks/node_modules_next_dist_1e8vcs8._.js:776
[   44217ms] [LOG] [Fast Refresh] done in 212ms @ http://localhost:3000/_next/static/chunks/node_modules_next_dist_1e8vcs8._.js:776
[  288472ms] [LOG] [Fast Refresh] rebuilding @ http://localhost:3000/_next/static/chunks/node_modules_next_dist_1e8vcs8._.js:776
[  288604ms] [LOG] [Fast Refresh] done in 236ms @ http://localhost:3000/_next/static/chunks/node_modules_next_dist_1e8vcs8._.js:776
[  311253ms] [LOG] [Fast Refresh] rebuilding @ http://localhost:3000/_next/static/chunks/node_modules_next_dist_1e8vcs8._.js:776
[  311318ms] [LOG] [Fast Refresh] done in 175ms @ http://localhost:3000/_next/static/chunks/node_modules_next_dist_1e8vcs8._.js:776
[  353482ms] [LOG] [Fast Refresh] rebuilding @ http://localhost:3000/_next/static/chunks/node_modules_next_dist_1e8vcs8._.js:776
[  353561ms] [LOG] [Fast Refresh] done in 181ms @ http://localhost:3000/_next/static/chunks/node_modules_next_dist_1e8vcs8._.js:776
[  405410ms] [LOG] [Fast Refresh] rebuilding @ http://localhost:3000/_next/static/chunks/node_modules_next_dist_1e8vcs8._.js:776
[  407960ms] [LOG] [Fast Refresh] done in 2250ms @ http://localhost:3000/_next/static/chunks/node_modules_next_dist_1e8vcs8._.js:776
[  408057ms] [LOG] [Fast Refresh] done in 2250ms @ http://localhost:3000/_next/static/chunks/node_modules_next_dist_1e8vcs8._.js:776
[  408239ms] [LOG] [Fast Refresh] done in 2250ms @ http://localhost:3000/_next/static/chunks/node_modules_next_dist_1e8vcs8._.js:776
[  408318ms] [LOG] [Fast Refresh] done in 2250ms @ http://localhost:3000/_next/static/chunks/node_modules_next_dist_1e8vcs8._.js:776
[  408432ms] [LOG] [Fast Refresh] done in 2250ms @ http://localhost:3000/_next/static/chunks/node_modules_next_dist_1e8vcs8._.js:776
[  408560ms] [LOG] [Fast Refresh] done in 2250ms @ http://localhost:3000/_next/static/chunks/node_modules_next_dist_1e8vcs8._.js:776
[  408694ms] [LOG] [Fast Refresh] done in 2250ms @ http://localhost:3000/_next/static/chunks/node_modules_next_dist_1e8vcs8._.js:776
[  408828ms] [LOG] [Fast Refresh] done in 2250ms @ http://localhost:3000/_next/static/chunks/node_modules_next_dist_1e8vcs8._.js:776
[  408904ms] [LOG] [Fast Refresh] done in 2250ms @ http://localhost:3000/_next/static/chunks/node_modules_next_dist_1e8vcs8._.js:776
[  409016ms] [LOG] [Fast Refresh] done in 2250ms @ http://localhost:3000/_next/static/chunks/node_modules_next_dist_1e8vcs8._.js:776
[  409128ms] [LOG] [Fast Refresh] done in 2250ms @ http://localhost:3000/_next/static/chunks/node_modules_next_dist_1e8vcs8._.js:776
[  409293ms] [LOG] [Fast Refresh] done in 2250ms @ http://localhost:3000/_next/static/chunks/node_modules_next_dist_1e8vcs8._.js:776
[  409401ms] [LOG] [Fast Refresh] done in 2250ms @ http://localhost:3000/_next/static/chunks/node_modules_next_dist_1e8vcs8._.js:776
[  409506ms] [LOG] [Fast Refresh] done in 2250ms @ http://localhost:3000/_next/static/chunks/node_modules_next_dist_1e8vcs8._.js:776
[  409607ms] [LOG] [Fast Refresh] done in 2250ms @ http://localhost:3000/_next/static/chunks/node_modules_next_dist_1e8vcs8._.js:776
[  409697ms] [LOG] [Fast Refresh] done in 2250ms @ http://localhost:3000/_next/static/chunks/node_modules_next_dist_1e8vcs8._.js:776
[  409845ms] [LOG] [Fast Refresh] done in 2250ms @ http://localhost:3000/_next/static/chunks/node_modules_next_dist_1e8vcs8._.js:776
[  410026ms] [LOG] [Fast Refresh] done in 2250ms @ http://localhost:3000/_next/static/chunks/node_modules_next_dist_1e8vcs8._.js:776
[  410131ms] [LOG] [Fast Refresh] done in 2250ms @ http://localhost:3000/_next/static/chunks/node_modules_next_dist_1e8vcs8._.js:776
[  410239ms] [LOG] [Fast Refresh] done in 2250ms @ http://localhost:3000/_next/static/chunks/node_modules_next_dist_1e8vcs8._.js:776
[  410351ms] [LOG] [Fast Refresh] done in 2250ms @ http://localhost:3000/_next/static/chunks/node_modules_next_dist_1e8vcs8._.js:776
[  410487ms] [LOG] [Fast Refresh] done in 2250ms @ http://localhost:3000/_next/static/chunks/node_modules_next_dist_1e8vcs8._.js:776
[  410594ms] [LOG] [Fast Refresh] done in 2250ms @ http://localhost:3000/_next/static/chunks/node_modules_next_dist_1e8vcs8._.js:776
[  410701ms] [LOG] [Fast Refresh] done in 2250ms @ http://localhost:3000/_next/static/chunks/node_modules_next_dist_1e8vcs8._.js:776
[  410773ms] [LOG] [Fast Refresh] done in 2250ms @ http://localhost:3000/_next/static/chunks/node_modules_next_dist_1e8vcs8._.js:776
[  410864ms] [LOG] [Fast Refresh] done in 2250ms @ http://localhost:3000/_next/static/chunks/node_modules_next_dist_1e8vcs8._.js:776
[  410975ms] [LOG] [Fast Refresh] done in 2250ms @ http://localhost:3000/_next/static/chunks/node_modules_next_dist_1e8vcs8._.js:776
[  411096ms] [LOG] [Fast Refresh] done in 2250ms @ http://localhost:3000/_next/static/chunks/node_modules_next_dist_1e8vcs8._.js:776
[  411204ms] [LOG] [Fast Refresh] done in 2250ms @ http://localhost:3000/_next/static/chunks/node_modules_next_dist_1e8vcs8._.js:776
[  411295ms] [LOG] [Fast Refresh] done in 2250ms @ http://localhost:3000/_next/static/chunks/node_modules_next_dist_1e8vcs8._.js:776
[  411425ms] [LOG] [Fast Refresh] done in 2250ms @ http://localhost:3000/_next/static/chunks/node_modules_next_dist_1e8vcs8._.js:776
[  411494ms] [LOG] [Fast Refresh] done in 2250ms @ http://localhost:3000/_next/static/chunks/node_modules_next_dist_1e8vcs8._.js:776
[  411595ms] [LOG] [Fast Refresh] done in 2250ms @ http://localhost:3000/_next/static/chunks/node_modules_next_dist_1e8vcs8._.js:776
[  411697ms] [LOG] [Fast Refresh] done in 2250ms @ http://localhost:3000/_next/static/chunks/node_modules_next_dist_1e8vcs8._.js:776
[  411851ms] [LOG] [Fast Refresh] done in 2250ms @ http://localhost:3000/_next/static/chunks/node_modules_next_dist_1e8vcs8._.js:776
[  411966ms] [LOG] [Fast Refresh] done in 2250ms @ http://localhost:3000/_next/static/chunks/node_modules_next_dist_1e8vcs8._.js:776
[  412076ms] [LOG] [Fast Refresh] done in 2250ms @ http://localhost:3000/_next/static/chunks/node_modules_next_dist_1e8vcs8._.js:776
[  412230ms] [LOG] [Fast Refresh] done in 2250ms @ http://localhost:3000/_next/static/chunks/node_modules_next_dist_1e8vcs8._.js:776
[  412361ms] [LOG] [Fast Refresh] done in 2250ms @ http://localhost:3000/_next/static/chunks/node_modules_next_dist_1e8vcs8._.js:776
[  412552ms] [LOG] [Fast Refresh] done in 2250ms @ http://localhost:3000/_next/static/chunks/node_modules_next_dist_1e8vcs8._.js:776
[  412752ms] [LOG] [Fast Refresh] done in 2250ms @ http://localhost:3000/_next/static/chunks/node_modules_next_dist_1e8vcs8._.js:776
[  412850ms] [LOG] [Fast Refresh] done in 2250ms @ http://localhost:3000/_next/static/chunks/node_modules_next_dist_1e8vcs8._.js:776
[  412960ms] [LOG] [Fast Refresh] done in 2250ms @ http://localhost:3000/_next/static/chunks/node_modules_next_dist_1e8vcs8._.js:776
[  413084ms] [LOG] [Fast Refresh] done in 2250ms @ http://localhost:3000/_next/static/chunks/node_modules_next_dist_1e8vcs8._.js:776
[  413209ms] [LOG] [Fast Refresh] done in 2250ms @ http://localhost:3000/_next/static/chunks/node_modules_next_dist_1e8vcs8._.js:776
[  413283ms] [LOG] [Fast Refresh] done in 2250ms @ http://localhost:3000/_next/static/chunks/node_modules_next_dist_1e8vcs8._.js:776
[  413411ms] [LOG] [Fast Refresh] done in 2250ms @ http://localhost:3000/_next/static/chunks/node_modules_next_dist_1e8vcs8._.js:776
[  413559ms] [LOG] [Fast Refresh] done in 2250ms @ http://localhost:3000/_next/static/chunks/node_modules_next_dist_1e8vcs8._.js:776
[  413654ms] [LOG] [Fast Refresh] done in 2250ms @ http://localhost:3000/_next/static/chunks/node_modules_next_dist_1e8vcs8._.js:776
[  413750ms] [LOG] [Fast Refresh] done in 2250ms @ http://localhost:3000/_next/static/chunks/node_modules_next_dist_1e8vcs8._.js:776
[  413833ms] [LOG] [Fast Refresh] done in 2250ms @ http://localhost:3000/_next/static/chunks/node_modules_next_dist_1e8vcs8._.js:776
[  413935ms] [LOG] [Fast Refresh] done in 2250ms @ http://localhost:3000/_next/static/chunks/node_modules_next_dist_1e8vcs8._.js:776
[  414032ms] [LOG] [Fast Refresh] done in 2250ms @ http://localhost:3000/_next/static/chunks/node_modules_next_dist_1e8vcs8._.js:776
[  414127ms] [LOG] [Fast Refresh] done in 2250ms @ http://localhost:3000/_next/static/chunks/node_modules_next_dist_1e8vcs8._.js:776
[  414216ms] [LOG] [Fast Refresh] done in 2250ms @ http://localhost:3000/_next/static/chunks/node_modules_next_dist_1e8vcs8._.js:776
[  414314ms] [LOG] [Fast Refresh] done in 2250ms @ http://localhost:3000/_next/static/chunks/node_modules_next_dist_1e8vcs8._.js:776
[  414434ms] [LOG] [Fast Refresh] done in 2250ms @ http://localhost:3000/_next/static/chunks/node_modules_next_dist_1e8vcs8._.js:776
[  414564ms] [LOG] [Fast Refresh] done in 2250ms @ http://localhost:3000/_next/static/chunks/node_modules_next_dist_1e8vcs8._.js:776
[  414660ms] [LOG] [Fast Refresh] done in 2250ms @ http://localhost:3000/_next/static/chunks/node_modules_next_dist_1e8vcs8._.js:776
[  414771ms] [LOG] [Fast Refresh] done in 2250ms @ http://localhost:3000/_next/static/chunks/node_modules_next_dist_1e8vcs8._.js:776
[  414890ms] [LOG] [Fast Refresh] done in 2250ms @ http://localhost:3000/_next/static/chunks/node_modules_next_dist_1e8vcs8._.js:776
[  414962ms] [LOG] [Fast Refresh] done in 2250ms @ http://localhost:3000/_next/static/chunks/node_modules_next_dist_1e8vcs8._.js:776
[  415048ms] [LOG] [Fast Refresh] done in 2250ms @ http://localhost:3000/_next/static/chunks/node_modules_next_dist_1e8vcs8._.js:776
[  415167ms] [LOG] [Fast Refresh] done in 2250ms @ http://localhost:3000/_next/static/chunks/node_modules_next_dist_1e8vcs8._.js:776
[  415278ms] [LOG] [Fast Refresh] done in 2250ms @ http://localhost:3000/_next/static/chunks/node_modules_next_dist_1e8vcs8._.js:776
[  415347ms] [LOG] [Fast Refresh] done in 2250ms @ http://localhost:3000/_next/static/chunks/node_modules_next_dist_1e8vcs8._.js:776
[  415455ms] [LOG] [Fast Refresh] done in 2250ms @ http://localhost:3000/_next/static/chunks/node_modules_next_dist_1e8vcs8._.js:776
[  415556ms] [LOG] [Fast Refresh] done in 2250ms @ http://localhost:3000/_next/static/chunks/node_modules_next_dist_1e8vcs8._.js:776
[  415670ms] [LOG] [Fast Refresh] done in 2250ms @ http://localhost:3000/_next/static/chunks/node_modules_next_dist_1e8vcs8._.js:776
[  415736ms] [LOG] [Fast Refresh] done in 2250ms @ http://localhost:3000/_next/static/chunks/node_modules_next_dist_1e8vcs8._.js:776
[  415840ms] [LOG] [Fast Refresh] done in 2250ms @ http://localhost:3000/_next/static/chunks/node_modules_next_dist_1e8vcs8._.js:776
[  415921ms] [LOG] [Fast Refresh] done in 2250ms @ http://localhost:3000/_next/static/chunks/node_modules_next_dist_1e8vcs8._.js:776
[  416037ms] [LOG] [Fast Refresh] done in 2250ms @ http://localhost:3000/_next/static/chunks/node_modules_next_dist_1e8vcs8._.js:776
[  416190ms] [LOG] [Fast Refresh] done in 2250ms @ http://localhost:3000/_next/static/chunks/node_modules_next_dist_1e8vcs8._.js:776
[  416245ms] [LOG] [Fast Refresh] done in 2250ms @ http://localhost:3000/_next/static/chunks/node_modules_next_dist_1e8vcs8._.js:776
[  416379ms] [LOG] [Fast Refresh] done in 2250ms @ http://localhost:3000/_next/static/chunks/node_modules_next_dist_1e8vcs8._.js:776
[  416518ms] [LOG] [Fast Refresh] done in 2250ms @ http://localhost:3000/_next/static/chunks/node_modules_next_dist_1e8vcs8._.js:776
[  416660ms] [LOG] [Fast Refresh] done in 2250ms @ http://localhost:3000/_next/static/chunks/node_modules_next_dist_1e8vcs8._.js:776
[  416773ms] [LOG] [Fast Refresh] done in 2250ms @ http://localhost:3000/_next/static/chunks/node_modules_next_dist_1e8vcs8._.js:776
[  416901ms] [LOG] [Fast Refresh] done in 2250ms @ http://localhost:3000/_next/static/chunks/node_modules_next_dist_1e8vcs8._.js:776
[  417039ms] [LOG] [Fast Refresh] done in 2250ms @ http://localhost:3000/_next/static/chunks/node_modules_next_dist_1e8vcs8._.js:776
[  417134ms] [LOG] [Fast Refresh] done in 2250ms @ http://localhost:3000/_next/static/chunks/node_modules_next_dist_1e8vcs8._.js:776
[  417264ms] [LOG] [Fast Refresh] done in 2250ms @ http://localhost:3000/_next/static/chunks/node_modules_next_dist_1e8vcs8._.js:776
[  417350ms] [LOG] [Fast Refresh] done in 2250ms @ http://localhost:3000/_next/static/chunks/node_modules_next_dist_1e8vcs8._.js:776
[  417429ms] [LOG] [Fast Refresh] done in 2250ms @ http://localhost:3000/_next/static/chunks/node_modules_next_dist_1e8vcs8._.js:776
[  417514ms] [LOG] [Fast Refresh] done in 2250ms @ http://localhost:3000/_next/static/chunks/node_modules_next_dist_1e8vcs8._.js:776
[  417623ms] [LOG] [Fast Refresh] done in 2250ms @ http://localhost:3000/_next/static/chunks/node_modules_next_dist_1e8vcs8._.js:776
[  417706ms] [LOG] [Fast Refresh] done in 2250ms @ http://localhost:3000/_next/static/chunks/node_modules_next_dist_1e8vcs8._.js:776
[  417803ms] [LOG] [Fast Refresh] done in 2250ms @ http://localhost:3000/_next/static/chunks/node_modules_next_dist_1e8vcs8._.js:776
[  417918ms] [LOG] [Fast Refresh] done in 2250ms @ http://localhost:3000/_next/static/chunks/node_modules_next_dist_1e8vcs8._.js:776
[  417998ms] [LOG] [Fast Refresh] done in 2250ms @ http://localhost:3000/_next/static/chunks/node_modules_next_dist_1e8vcs8._.js:776
[  418122ms] [LOG] [Fast Refresh] done in 2250ms @ http://localhost:3000/_next/static/chunks/node_modules_next_dist_1e8vcs8._.js:776
[  418219ms] [LOG] [Fast Refresh] done in 2250ms @ http://localhost:3000/_next/static/chunks/node_modules_next_dist_1e8vcs8._.js:776
[  418294ms] [LOG] [Fast Refresh] done in 2250ms @ http://localhost:3000/_next/static/chunks/node_modules_next_dist_1e8vcs8._.js:776
[  418385ms] [LOG] [Fast Refresh] done in 2250ms @ http://localhost:3000/_next/static/chunks/node_modules_next_dist_1e8vcs8._.js:776
[  418471ms] [LOG] [Fast Refresh] done in 2250ms @ http://localhost:3000/_next/static/chunks/node_modules_next_dist_1e8vcs8._.js:776
[  418556ms] [LOG] [Fast Refresh] done in 2250ms @ http://localhost:3000/_next/static/chunks/node_modules_next_dist_1e8vcs8._.js:776
[  418655ms] [LOG] [Fast Refresh] done in 2250ms @ http://localhost:3000/_next/static/chunks/node_modules_next_dist_1e8vcs8._.js:776
[  418761ms] [LOG] [Fast Refresh] done in 2250ms @ http://localhost:3000/_next/static/chunks/node_modules_next_dist_1e8vcs8._.js:776
[  418853ms] [LOG] [Fast Refresh] done in 2250ms @ http://localhost:3000/_next/static/chunks/node_modules_next_dist_1e8vcs8._.js:776
[  418957ms] [LOG] [Fast Refresh] done in 2250ms @ http://localhost:3000/_next/static/chunks/node_modules_next_dist_1e8vcs8._.js:776
[  419060ms] [LOG] [Fast Refresh] done in 2250ms @ http://localhost:3000/_next/static/chunks/node_modules_next_dist_1e8vcs8._.js:776
[  419153ms] [LOG] [Fast Refresh] done in 2250ms @ http://localhost:3000/_next/static/chunks/node_modules_next_dist_1e8vcs8._.js:776
[  419239ms] [LOG] [Fast Refresh] done in 2250ms @ http://localhost:3000/_next/static/chunks/node_modules_next_dist_1e8vcs8._.js:776
[  419402ms] [LOG] [Fast Refresh] done in 2250ms @ http://localhost:3000/_next/static/chunks/node_modules_next_dist_1e8vcs8._.js:776
[  419477ms] [LOG] [Fast Refresh] done in 2250ms @ http://localhost:3000/_next/static/chunks/node_modules_next_dist_1e8vcs8._.js:776
[  419620ms] [LOG] [Fast Refresh] done in 2250ms @ http://localhost:3000/_next/static/chunks/node_modules_next_dist_1e8vcs8._.js:776
[  419712ms] [LOG] [Fast Refresh] done in 2250ms @ http://localhost:3000/_next/static/chunks/node_modules_next_dist_1e8vcs8._.js:776
[  419768ms] [LOG] [Fast Refresh] done in 2250ms @ http://localhost:3000/_next/static/chunks/node_modules_next_dist_1e8vcs8._.js:776
[  419892ms] [LOG] [Fast Refresh] done in 2250ms @ http://localhost:3000/_next/static/chunks/node_modules_next_dist_1e8vcs8._.js:776
[  419984ms] [LOG] [Fast Refresh] done in 2250ms @ http://localhost:3000/_next/static/chunks/node_modules_next_dist_1e8vcs8._.js:776
[  420083ms] [LOG] [Fast Refresh] done in 2250ms @ http://localhost:3000/_next/static/chunks/node_modules_next_dist_1e8vcs8._.js:776
[  420205ms] [LOG] [Fast Refresh] done in 2250ms @ http://localhost:3000/_next/static/chunks/node_modules_next_dist_1e8vcs8._.js:776
[  420308ms] [LOG] [Fast Refresh] done in 2250ms @ http://localhost:3000/_next/static/chunks/node_modules_next_dist_1e8vcs8._.js:776
[  420395ms] [LOG] [Fast Refresh] done in 2250ms @ http://localhost:3000/_next/static/chunks/node_modules_next_dist_1e8vcs8._.js:776
[  420534ms] [LOG] [Fast Refresh] done in 2250ms @ http://localhost:3000/_next/static/chunks/node_modules_next_dist_1e8vcs8._.js:776
[  420607ms] [LOG] [Fast Refresh] done in 2250ms @ http://localhost:3000/_next/static/chunks/node_modules_next_dist_1e8vcs8._.js:776
[  420682ms] [LOG] [Fast Refresh] done in 2250ms @ http://localhost:3000/_next/static/chunks/node_modules_next_dist_1e8vcs8._.js:776
[  420785ms] [LOG] [Fast Refresh] done in 2250ms @ http://localhost:3000/_next/static/chunks/node_modules_next_dist_1e8vcs8._.js:776
[  420855ms] [LOG] [Fast Refresh] done in 2250ms @ http://localhost:3000/_next/static/chunks/node_modules_next_dist_1e8vcs8._.js:776
[  420935ms] [LOG] [Fast Refresh] done in 2250ms @ http://localhost:3000/_next/static/chunks/node_modules_next_dist_1e8vcs8._.js:776
[  421063ms] [LOG] [Fast Refresh] done in 2250ms @ http://localhost:3000/_next/static/chunks/node_modules_next_dist_1e8vcs8._.js:776
[  421205ms] [LOG] [Fast Refresh] done in 2250ms @ http://localhost:3000/_next/static/chunks/node_modules_next_dist_1e8vcs8._.js:776
[  421308ms] [LOG] [Fast Refresh] done in 2250ms @ http://localhost:3000/_next/static/chunks/node_modules_next_dist_1e8vcs8._.js:776
[  421440ms] [LOG] [Fast Refresh] done in 2250ms @ http://localhost:3000/_next/static/chunks/node_modules_next_dist_1e8vcs8._.js:776
[  421537ms] [LOG] [Fast Refresh] done in 2250ms @ http://localhost:3000/_next/static/chunks/node_modules_next_dist_1e8vcs8._.js:776
[  421632ms] [LOG] [Fast Refresh] done in 2250ms @ http://localhost:3000/_next/static/chunks/node_modules_next_dist_1e8vcs8._.js:776
[  421707ms] [LOG] [Fast Refresh] done in 2250ms @ http://localhost:3000/_next/static/chunks/node_modules_next_dist_1e8vcs8._.js:776
[  421782ms] [LOG] [Fast Refresh] done in 2250ms @ http://localhost:3000/_next/static/chunks/node_modules_next_dist_1e8vcs8._.js:776
[  421895ms] [LOG] [Fast Refresh] done in 2250ms @ http://localhost:3000/_next/static/chunks/node_modules_next_dist_1e8vcs8._.js:776
[  421979ms] [LOG] [Fast Refresh] done in 2250ms @ http://localhost:3000/_next/static/chunks/node_modules_next_dist_1e8vcs8._.js:776
[  422057ms] [LOG] [Fast Refresh] done in 2250ms @ http://localhost:3000/_next/static/chunks/node_modules_next_dist_1e8vcs8._.js:776
[  422162ms] [LOG] [Fast Refresh] done in 2250ms @ http://localhost:3000/_next/static/chunks/node_modules_next_dist_1e8vcs8._.js:776
[  422265ms] [LOG] [Fast Refresh] done in 2250ms @ http://localhost:3000/_next/static/chunks/node_modules_next_dist_1e8vcs8._.js:776
[  422342ms] [LOG] [Fast Refresh] done in 2250ms @ http://localhost:3000/_next/static/chunks/node_modules_next_dist_1e8vcs8._.js:776
[  422410ms] [LOG] [Fast Refresh] done in 2250ms @ http://localhost:3000/_next/static/chunks/node_modules_next_dist_1e8vcs8._.js:776
[  422480ms] [LOG] [Fast Refresh] done in 2250ms @ http://localhost:3000/_next/static/chunks/node_modules_next_dist_1e8vcs8._.js:776
[  422567ms] [LOG] [Fast Refresh] done in 2250ms @ http://localhost:3000/_next/static/chunks/node_modules_next_dist_1e8vcs8._.js:776
[  422681ms] [LOG] [Fast Refresh] done in 2250ms @ http://localhost:3000/_next/static/chunks/node_modules_next_dist_1e8vcs8._.js:776
[  422831ms] [LOG] [Fast Refresh] done in 2250ms @ http://localhost:3000/_next/static/chunks/node_modules_next_dist_1e8vcs8._.js:776
[  422929ms] [LOG] [Fast Refresh] done in 2250ms @ http://localhost:3000/_next/static/chunks/node_modules_next_dist_1e8vcs8._.js:776
[  423047ms] [LOG] [Fast Refresh] done in 2250ms @ http://localhost:3000/_next/static/chunks/node_modules_next_dist_1e8vcs8._.js:776
[  423162ms] [LOG] [Fast Refresh] done in 2250ms @ http://localhost:3000/_next/static/chunks/node_modules_next_dist_1e8vcs8._.js:776
[  423267ms] [LOG] [Fast Refresh] done in 2250ms @ http://localhost:3000/_next/static/chunks/node_modules_next_dist_1e8vcs8._.js:776
[  423400ms] [LOG] [Fast Refresh] done in 2250ms @ http://localhost:3000/_next/static/chunks/node_modules_next_dist_1e8vcs8._.js:776
[  423513ms] [LOG] [Fast Refresh] done in 2250ms @ http://localhost:3000/_next/static/chunks/node_modules_next_dist_1e8vcs8._.js:776
[  423601ms] [LOG] [Fast Refresh] done in 2250ms @ http://localhost:3000/_next/static/chunks/node_modules_next_dist_1e8vcs8._.js:776
[  423729ms] [LOG] [Fast Refresh] done in 2250ms @ http://localhost:3000/_next/static/chunks/node_modules_next_dist_1e8vcs8._.js:776
[  423824ms] [LOG] [Fast Refresh] done in 2250ms @ http://localhost:3000/_next/static/chunks/node_modules_next_dist_1e8vcs8._.js:776
[  423941ms] [LOG] [Fast Refresh] done in 2250ms @ http://localhost:3000/_next/static/chunks/node_modules_next_dist_1e8vcs8._.js:776
[  424038ms] [LOG] [Fast Refresh] done in 2250ms @ http://localhost:3000/_next/static/chunks/node_modules_next_dist_1e8vcs8._.js:776
[  424137ms] [LOG] [Fast Refresh] done in 2250ms @ http://localhost:3000/_next/static/chunks/node_modules_next_dist_1e8vcs8._.js:776
[  424266ms] [LOG] [Fast Refresh] done in 2250ms @ http://localhost:3000/_next/static/chunks/node_modules_next_dist_1e8vcs8._.js:776
[  424383ms] [LOG] [Fast Refresh] done in 2250ms @ http://localhost:3000/_next/static/chunks/node_modules_next_dist_1e8vcs8._.js:776
[  424494ms] [LOG] [Fast Refresh] done in 2250ms @ http://localhost:3000/_next/static/chunks/node_modules_next_dist_1e8vcs8._.js:776
[  424564ms] [LOG] [Fast Refresh] done in 2250ms @ http://localhost:3000/_next/static/chunks/node_modules_next_dist_1e8vcs8._.js:776
[  424656ms] [LOG] [Fast Refresh] done in 2250ms @ http://localhost:3000/_next/static/chunks/node_modules_next_dist_1e8vcs8._.js:776
[  424744ms] [LOG] [Fast Refresh] done in 2250ms @ http://localhost:3000/_next/static/chunks/node_modules_next_dist_1e8vcs8._.js:776
[  424859ms] [LOG] [Fast Refresh] done in 2250ms @ http://localhost:3000/_next/static/chunks/node_modules_next_dist_1e8vcs8._.js:776
[  424952ms] [LOG] [Fast Refresh] done in 2250ms @ http://localhost:3000/_next/static/chunks/node_modules_next_dist_1e8vcs8._.js:776
[  425022ms] [LOG] [Fast Refresh] done in 2250ms @ http://localhost:3000/_next/static/chunks/node_modules_next_dist_1e8vcs8._.js:776
[  425149ms] [LOG] [Fast Refresh] done in 2250ms @ http://localhost:3000/_next/static/chunks/node_modules_next_dist_1e8vcs8._.js:776
[  425243ms] [LOG] [Fast Refresh] done in 2250ms @ http://localhost:3000/_next/static/chunks/node_modules_next_dist_1e8vcs8._.js:776
[  425341ms] [LOG] [Fast Refresh] done in 2250ms @ http://localhost:3000/_next/static/chunks/node_modules_next_dist_1e8vcs8._.js:776
[  425446ms] [LOG] [Fast Refresh] done in 2250ms @ http://localhost:3000/_next/static/chunks/node_modules_next_dist_1e8vcs8._.js:776
[  425540ms] [LOG] [Fast Refresh] done in 2250ms @ http://localhost:3000/_next/static/chunks/node_modules_next_dist_1e8vcs8._.js:776
[  425631ms] [LOG] [Fast Refresh] done in 2250ms @ http://localhost:3000/_next/static/chunks/node_modules_next_dist_1e8vcs8._.js:776
[  425739ms] [LOG] [Fast Refresh] done in 2250ms @ http://localhost:3000/_next/static/chunks/node_modules_next_dist_1e8vcs8._.js:776
[  425818ms] [LOG] [Fast Refresh] done in 2250ms @ http://localhost:3000/_next/static/chunks/node_modules_next_dist_1e8vcs8._.js:776
[  425900ms] [LOG] [Fast Refresh] done in 2250ms @ http://localhost:3000/_next/static/chunks/node_modules_next_dist_1e8vcs8._.js:776
[  426003ms] [LOG] [Fast Refresh] done in 2250ms @ http://localhost:3000/_next/static/chunks/node_modules_next_dist_1e8vcs8._.js:776
[  426127ms] [LOG] [Fast Refresh] done in 2250ms @ http://localhost:3000/_next/static/chunks/node_modules_next_dist_1e8vcs8._.js:776
[  426249ms] [LOG] [Fast Refresh] done in 2250ms @ http://localhost:3000/_next/static/chunks/node_modules_next_dist_1e8vcs8._.js:776
[  426318ms] [LOG] [Fast Refresh] done in 2250ms @ http://localhost:3000/_next/static/chunks/node_modules_next_dist_1e8vcs8._.js:776
[  426404ms] [LOG] [Fast Refresh] done in 2250ms @ http://localhost:3000/_next/static/chunks/node_modules_next_dist_1e8vcs8._.js:776
[  426510ms] [LOG] [Fast Refresh] done in 2250ms @ http://localhost:3000/_next/static/chunks/node_modules_next_dist_1e8vcs8._.js:776
[  426628ms] [LOG] [Fast Refresh] done in 2250ms @ http://localhost:3000/_next/static/chunks/node_modules_next_dist_1e8vcs8._.js:776
[  426787ms] [LOG] [Fast Refresh] done in 2250ms @ http://localhost:3000/_next/static/chunks/node_modules_next_dist_1e8vcs8._.js:776
[  426918ms] [LOG] [Fast Refresh] done in 2250ms @ http://localhost:3000/_next/static/chunks/node_modules_next_dist_1e8vcs8._.js:776
[  427054ms] [LOG] [Fast Refresh] done in 2250ms @ http://localhost:3000/_next/static/chunks/node_modules_next_dist_1e8vcs8._.js:776
[  427158ms] [LOG] [Fast Refresh] done in 2250ms @ http://localhost:3000/_next/static/chunks/node_modules_next_dist_1e8vcs8._.js:776
[  427308ms] [LOG] [Fast Refresh] done in 2250ms @ http://localhost:3000/_next/static/chunks/node_modules_next_dist_1e8vcs8._.js:776
[  427425ms] [LOG] [Fast Refresh] done in 2250ms @ http://localhost:3000/_next/static/chunks/node_modules_next_dist_1e8vcs8._.js:776
[  427536ms] [LOG] [Fast Refresh] done in 2250ms @ http://localhost:3000/_next/static/chunks/node_modules_next_dist_1e8vcs8._.js:776
[  427678ms] [LOG] [Fast Refresh] done in 2250ms @ http://localhost:3000/_next/static/chunks/node_modules_next_dist_1e8vcs8._.js:776
[  427767ms] [LOG] [Fast Refresh] done in 2250ms @ http://localhost:3000/_next/static/chunks/node_modules_next_dist_1e8vcs8._.js:776
[  427890ms] [LOG] [Fast Refresh] done in 2250ms @ http://localhost:3000/_next/static/chunks/node_modules_next_dist_1e8vcs8._.js:776
[  427987ms] [LOG] [Fast Refresh] done in 2250ms @ http://localhost:3000/_next/static/chunks/node_modules_next_dist_1e8vcs8._.js:776
[  428101ms] [LOG] [Fast Refresh] done in 2250ms @ http://localhost:3000/_next/static/chunks/node_modules_next_dist_1e8vcs8._.js:776
[  428248ms] [LOG] [Fast Refresh] done in 2250ms @ http://localhost:3000/_next/static/chunks/node_modules_next_dist_1e8vcs8._.js:776
[  428377ms] [LOG] [Fast Refresh] done in 2250ms @ http://localhost:3000/_next/static/chunks/node_modules_next_dist_1e8vcs8._.js:776
[  428497ms] [LOG] [Fast Refresh] done in 2250ms @ http://localhost:3000/_next/static/chunks/node_modules_next_dist_1e8vcs8._.js:776
[  428557ms] [LOG] [Fast Refresh] done in 2250ms @ http://localhost:3000/_next/static/chunks/node_modules_next_dist_1e8vcs8._.js:776
[  428644ms] [LOG] [Fast Refresh] done in 2250ms @ http://localhost:3000/_next/static/chunks/node_modules_next_dist_1e8vcs8._.js:776
[  428756ms] [LOG] [Fast Refresh] done in 2250ms @ http://localhost:3000/_next/static/chunks/node_modules_next_dist_1e8vcs8._.js:776
[  428878ms] [LOG] [Fast Refresh] done in 2250ms @ http://localhost:3000/_next/static/chunks/node_modules_next_dist_1e8vcs8._.js:776
[  429012ms] [LOG] [Fast Refresh] done in 2250ms @ http://localhost:3000/_next/static/chunks/node_modules_next_dist_1e8vcs8._.js:776
[  429117ms] [LOG] [Fast Refresh] done in 2250ms @ http://localhost:3000/_next/static/chunks/node_modules_next_dist_1e8vcs8._.js:776
[  429234ms] [LOG] [Fast Refresh] done in 2250ms @ http://localhost:3000/_next/static/chunks/node_modules_next_dist_1e8vcs8._.js:776
[  429322ms] [LOG] [Fast Refresh] done in 2250ms @ http://localhost:3000/_next/static/chunks/node_modules_next_dist_1e8vcs8._.js:776
[  429433ms] [LOG] [Fast Refresh] done in 2250ms @ http://localhost:3000/_next/static/chunks/node_modules_next_dist_1e8vcs8._.js:776
[  429529ms] [LOG] [Fast Refresh] done in 2250ms @ http://localhost:3000/_next/static/chunks/node_modules_next_dist_1e8vcs8._.js:776
[  429671ms] [LOG] [Fast Refresh] done in 2250ms @ http://localhost:3000/_next/static/chunks/node_modules_next_dist_1e8vcs8._.js:776
[  429812ms] [LOG] [Fast Refresh] done in 2250ms @ http://localhost:3000/_next/static/chunks/node_modules_next_dist_1e8vcs8._.js:776
[  429921ms] [LOG] [Fast Refresh] done in 2250ms @ http://localhost:3000/_next/static/chunks/node_modules_next_dist_1e8vcs8._.js:776
[  430037ms] [LOG] [Fast Refresh] done in 2250ms @ http://localhost:3000/_next/static/chunks/node_modules_next_dist_1e8vcs8._.js:776
[  430145ms] [LOG] [Fast Refresh] done in 2250ms @ http://localhost:3000/_next/static/chunks/node_modules_next_dist_1e8vcs8._.js:776
[  430265ms] [LOG] [Fast Refresh] done in 2250ms @ http://localhost:3000/_next/static/chunks/node_modules_next_dist_1e8vcs8._.js:776
[  430404ms] [LOG] [Fast Refresh] done in 2250ms @ http://localhost:3000/_next/static/chunks/node_modules_next_dist_1e8vcs8._.js:776
[  430513ms] [LOG] [Fast Refresh] done in 2250ms @ http://localhost:3000/_next/static/chunks/node_modules_next_dist_1e8vcs8._.js:776
[  430613ms] [LOG] [Fast Refresh] done in 2250ms @ http://localhost:3000/_next/static/chunks/node_modules_next_dist_1e8vcs8._.js:776
[  430710ms] [LOG] [Fast Refresh] done in 2250ms @ http://localhost:3000/_next/static/chunks/node_modules_next_dist_1e8vcs8._.js:776
[  430809ms] [LOG] [Fast Refresh] done in 2250ms @ http://localhost:3000/_next/static/chunks/node_modules_next_dist_1e8vcs8._.js:776
[  430921ms] [LOG] [Fast Refresh] done in 2250ms @ http://localhost:3000/_next/static/chunks/node_modules_next_dist_1e8vcs8._.js:776
[  431021ms] [LOG] [Fast Refresh] done in 2250ms @ http://localhost:3000/_next/static/chunks/node_modules_next_dist_1e8vcs8._.js:776
[  431139ms] [LOG] [Fast Refresh] done in 2250ms @ http://localhost:3000/_next/static/chunks/node_modules_next_dist_1e8vcs8._.js:776
[  431228ms] [LOG] [Fast Refresh] done in 2250ms @ http://localhost:3000/_next/static/chunks/node_modules_next_dist_1e8vcs8._.js:776
[  431333ms] [LOG] [Fast Refresh] done in 2250ms @ http://localhost:3000/_next/static/chunks/node_modules_next_dist_1e8vcs8._.js:776
[  431409ms] [LOG] [Fast Refresh] done in 2250ms @ http://localhost:3000/_next/static/chunks/node_modules_next_dist_1e8vcs8._.js:776
[  431548ms] [LOG] [Fast Refresh] done in 2250ms @ http://localhost:3000/_next/static/chunks/node_modules_next_dist_1e8vcs8._.js:776
[  431648ms] [LOG] [Fast Refresh] done in 2250ms @ http://localhost:3000/_next/static/chunks/node_modules_next_dist_1e8vcs8._.js:776
[  431772ms] [LOG] [Fast Refresh] done in 2250ms @ http://localhost:3000/_next/static/chunks/node_modules_next_dist_1e8vcs8._.js:776
[  431868ms] [LOG] [Fast Refresh] done in 2250ms @ http://localhost:3000/_next/static/chunks/node_modules_next_dist_1e8vcs8._.js:776
[  431971ms] [LOG] [Fast Refresh] done in 2250ms @ http://localhost:3000/_next/static/chunks/node_modules_next_dist_1e8vcs8._.js:776
[  432080ms] [LOG] [Fast Refresh] done in 2250ms @ http://localhost:3000/_next/static/chunks/node_modules_next_dist_1e8vcs8._.js:776
[  432242ms] [LOG] [Fast Refresh] done in 2250ms @ http://localhost:3000/_next/static/chunks/node_modules_next_dist_1e8vcs8._.js:776
[  432350ms] [LOG] [Fast Refresh] done in 2250ms @ http://localhost:3000/_next/static/chunks/node_modules_next_dist_1e8vcs8._.js:776
[  432434ms] [LOG] [Fast Refresh] done in 2250ms @ http://localhost:3000/_next/static/chunks/node_modules_next_dist_1e8vcs8._.js:776
[  432528ms] [LOG] [Fast Refresh] done in 2250ms @ http://localhost:3000/_next/static/chunks/node_modules_next_dist_1e8vcs8._.js:776
[  432595ms] [LOG] [Fast Refresh] done in 2250ms @ http://localhost:3000/_next/static/chunks/node_modules_next_dist_1e8vcs8._.js:776
[  432743ms] [LOG] [Fast Refresh] done in 2250ms @ http://localhost:3000/_next/static/chunks/node_modules_next_dist_1e8vcs8._.js:776
[  432868ms] [LOG] [Fast Refresh] done in 2250ms @ http://localhost:3000/_next/static/chunks/node_modules_next_dist_1e8vcs8._.js:776
[  432944ms] [LOG] [Fast Refresh] done in 2250ms @ http://localhost:3000/_next/static/chunks/node_modules_next_dist_1e8vcs8._.js:776
[  433010ms] [LOG] [Fast Refresh] done in 2250ms @ http://localhost:3000/_next/static/chunks/node_modules_next_dist_1e8vcs8._.js:776
[  433086ms] [LOG] [Fast Refresh] done in 2250ms @ http://localhost:3000/_next/static/chunks/node_modules_next_dist_1e8vcs8._.js:776
[  433191ms] [LOG] [Fast Refresh] done in 2250ms @ http://localhost:3000/_next/static/chunks/node_modules_next_dist_1e8vcs8._.js:776
[  433312ms] [LOG] [Fast Refresh] done in 2250ms @ http://localhost:3000/_next/static/chunks/node_modules_next_dist_1e8vcs8._.js:776
[  433384ms] [LOG] [Fast Refresh] done in 2250ms @ http://localhost:3000/_next/static/chunks/node_modules_next_dist_1e8vcs8._.js:776
[  433490ms] [LOG] [Fast Refresh] done in 2250ms @ http://localhost:3000/_next/static/chunks/node_modules_next_dist_1e8vcs8._.js:776
[  433581ms] [LOG] [Fast Refresh] done in 2250ms @ http://localhost:3000/_next/static/chunks/node_modules_next_dist_1e8vcs8._.js:776
[  433643ms] [LOG] [Fast Refresh] done in 2250ms @ http://localhost:3000/_next/static/chunks/node_modules_next_dist_1e8vcs8._.js:776
[  433748ms] [LOG] [Fast Refresh] done in 2250ms @ http://localhost:3000/_next/static/chunks/node_modules_next_dist_1e8vcs8._.js:776
[  433866ms] [LOG] [Fast Refresh] done in 2250ms @ http://localhost:3000/_next/static/chunks/node_modules_next_dist_1e8vcs8._.js:776
[  433975ms] [LOG] [Fast Refresh] done in 2250ms @ http://localhost:3000/_next/static/chunks/node_modules_next_dist_1e8vcs8._.js:776
[  434081ms] [LOG] [Fast Refresh] done in 2250ms @ http://localhost:3000/_next/static/chunks/node_modules_next_dist_1e8vcs8._.js:776
[  434147ms] [LOG] [Fast Refresh] done in 2250ms @ http://localhost:3000/_next/static/chunks/node_modules_next_dist_1e8vcs8._.js:776
[  434254ms] [LOG] [Fast Refresh] done in 2250ms @ http://localhost:3000/_next/static/chunks/node_modules_next_dist_1e8vcs8._.js:776
[  434341ms] [LOG] [Fast Refresh] done in 2250ms @ http://localhost:3000/_next/static/chunks/node_modules_next_dist_1e8vcs8._.js:776
[  434423ms] [LOG] [Fast Refresh] done in 2250ms @ http://localhost:3000/_next/static/chunks/node_modules_next_dist_1e8vcs8._.js:776
[  434515ms] [LOG] [Fast Refresh] done in 2250ms @ http://localhost:3000/_next/static/chunks/node_modules_next_dist_1e8vcs8._.js:776
[  434620ms] [LOG] [Fast Refresh] done in 2250ms @ http://localhost:3000/_next/static/chunks/node_modules_next_dist_1e8vcs8._.js:776
[  434693ms] [LOG] [Fast Refresh] done in 2250ms @ http://localhost:3000/_next/static/chunks/node_modules_next_dist_1e8vcs8._.js:776
[  434795ms] [LOG] [Fast Refresh] done in 2250ms @ http://localhost:3000/_next/static/chunks/node_modules_next_dist_1e8vcs8._.js:776
[  434907ms] [LOG] [Fast Refresh] done in 2250ms @ http://localhost:3000/_next/static/chunks/node_modules_next_dist_1e8vcs8._.js:776
[  434976ms] [LOG] [Fast Refresh] done in 2250ms @ http://localhost:3000/_next/static/chunks/node_modules_next_dist_1e8vcs8._.js:776
[  435044ms] [LOG] [Fast Refresh] done in 2250ms @ http://localhost:3000/_next/static/chunks/node_modules_next_dist_1e8vcs8._.js:776
[  435126ms] [LOG] [Fast Refresh] done in 2250ms @ http://localhost:3000/_next/static/chunks/node_modules_next_dist_1e8vcs8._.js:776
[  435214ms] [LOG] [Fast Refresh] done in 2250ms @ http://localhost:3000/_next/static/chunks/node_modules_next_dist_1e8vcs8._.js:776
[  435305ms] [LOG] [Fast Refresh] done in 2250ms @ http://localhost:3000/_next/static/chunks/node_modules_next_dist_1e8vcs8._.js:776
[  435376ms] [LOG] [Fast Refresh] done in 2250ms @ http://localhost:3000/_next/static/chunks/node_modules_next_dist_1e8vcs8._.js:776
[  435461ms] [LOG] [Fast Refresh] done in 2250ms @ http://localhost:3000/_next/static/chunks/node_modules_next_dist_1e8vcs8._.js:776
[  435575ms] [LOG] [Fast Refresh] done in 2250ms @ http://localhost:3000/_next/static/chunks/node_modules_next_dist_1e8vcs8._.js:776
[  435675ms] [LOG] [Fast Refresh] done in 2250ms @ http://localhost:3000/_next/static/chunks/node_modules_next_dist_1e8vcs8._.js:776
[  435776ms] [LOG] [Fast Refresh] done in 2250ms @ http://localhost:3000/_next/static/chunks/node_modules_next_dist_1e8vcs8._.js:776
[  435867ms] [LOG] [Fast Refresh] done in 2250ms @ http://localhost:3000/_next/static/chunks/node_modules_next_dist_1e8vcs8._.js:776
[  435992ms] [LOG] [Fast Refresh] done in 2250ms @ http://localhost:3000/_next/static/chunks/node_modules_next_dist_1e8vcs8._.js:776
[  436070ms] [LOG] [Fast Refresh] done in 2250ms @ http://localhost:3000/_next/static/chunks/node_modules_next_dist_1e8vcs8._.js:776
[  436180ms] [LOG] [Fast Refresh] done in 2250ms @ http://localhost:3000/_next/static/chunks/node_modules_next_dist_1e8vcs8._.js:776
[  436301ms] [LOG] [Fast Refresh] done in 2250ms @ http://localhost:3000/_next/static/chunks/node_modules_next_dist_1e8vcs8._.js:776
[  436386ms] [LOG] [Fast Refresh] done in 2250ms @ http://localhost:3000/_next/static/chunks/node_modules_next_dist_1e8vcs8._.js:776
[  436498ms] [LOG] [Fast Refresh] done in 2250ms @ http://localhost:3000/_next/static/chunks/node_modules_next_dist_1e8vcs8._.js:776
[  436583ms] [LOG] [Fast Refresh] done in 2250ms @ http://localhost:3000/_next/static/chunks/node_modules_next_dist_1e8vcs8._.js:776
[  436680ms] [LOG] [Fast Refresh] done in 2250ms @ http://localhost:3000/_next/static/chunks/node_modules_next_dist_1e8vcs8._.js:776
[  436764ms] [LOG] [Fast Refresh] done in 2250ms @ http://localhost:3000/_next/static/chunks/node_modules_next_dist_1e8vcs8._.js:776
[  436825ms] [LOG] [Fast Refresh] done in 2250ms @ http://localhost:3000/_next/static/chunks/node_modules_next_dist_1e8vcs8._.js:776
[  436917ms] [LOG] [Fast Refresh] done in 2250ms @ http://localhost:3000/_next/static/chunks/node_modules_next_dist_1e8vcs8._.js:776
[  437046ms] [LOG] [Fast Refresh] done in 2250ms @ http://localhost:3000/_next/static/chunks/node_modules_next_dist_1e8vcs8._.js:776
[  437149ms] [LOG] [Fast Refresh] done in 2250ms @ http://localhost:3000/_next/static/chunks/node_modules_next_dist_1e8vcs8._.js:776
[  437256ms] [LOG] [Fast Refresh] done in 2250ms @ http://localhost:3000/_next/static/chunks/node_modules_next_dist_1e8vcs8._.js:776
[  437352ms] [LOG] [Fast Refresh] done in 2250ms @ http://localhost:3000/_next/static/chunks/node_modules_next_dist_1e8vcs8._.js:776
[  437485ms] [LOG] [Fast Refresh] done in 2250ms @ http://localhost:3000/_next/static/chunks/node_modules_next_dist_1e8vcs8._.js:776
[  437673ms] [LOG] [Fast Refresh] done in 2250ms @ http://localhost:3000/_next/static/chunks/node_modules_next_dist_1e8vcs8._.js:776
[  437770ms] [LOG] [Fast Refresh] done in 2250ms @ http://localhost:3000/_next/static/chunks/node_modules_next_dist_1e8vcs8._.js:776
[  437899ms] [LOG] [Fast Refresh] done in 2250ms @ http://localhost:3000/_next/static/chunks/node_modules_next_dist_1e8vcs8._.js:776
[  437987ms] [LOG] [Fast Refresh] done in 2250ms @ http://localhost:3000/_next/static/chunks/node_modules_next_dist_1e8vcs8._.js:776
[  438103ms] [LOG] [Fast Refresh] done in 2250ms @ http://localhost:3000/_next/static/chunks/node_modules_next_dist_1e8vcs8._.js:776
[  438199ms] [LOG] [Fast Refresh] done in 2250ms @ http://localhost:3000/_next/static/chunks/node_modules_next_dist_1e8vcs8._.js:776
[  438279ms] [LOG] [Fast Refresh] done in 2250ms @ http://localhost:3000/_next/static/chunks/node_modules_next_dist_1e8vcs8._.js:776
[  438407ms] [LOG] [Fast Refresh] done in 2250ms @ http://localhost:3000/_next/static/chunks/node_modules_next_dist_1e8vcs8._.js:776
[  438503ms] [LOG] [Fast Refresh] done in 2250ms @ http://localhost:3000/_next/static/chunks/node_modules_next_dist_1e8vcs8._.js:776
[  438635ms] [LOG] [Fast Refresh] done in 2250ms @ http://localhost:3000/_next/static/chunks/node_modules_next_dist_1e8vcs8._.js:776
[  438736ms] [LOG] [Fast Refresh] done in 2250ms @ http://localhost:3000/_next/static/chunks/node_modules_next_dist_1e8vcs8._.js:776
[  438838ms] [LOG] [Fast Refresh] done in 2250ms @ http://localhost:3000/_next/static/chunks/node_modules_next_dist_1e8vcs8._.js:776
[  438965ms] [LOG] [Fast Refresh] done in 2250ms @ http://localhost:3000/_next/static/chunks/node_modules_next_dist_1e8vcs8._.js:776
[  439106ms] [LOG] [Fast Refresh] done in 2250ms @ http://localhost:3000/_next/static/chunks/node_modules_next_dist_1e8vcs8._.js:776
[  439195ms] [LOG] [Fast Refresh] done in 2250ms @ http://localhost:3000/_next/static/chunks/node_modules_next_dist_1e8vcs8._.js:776
[  439286ms] [LOG] [Fast Refresh] done in 2250ms @ http://localhost:3000/_next/static/chunks/node_modules_next_dist_1e8vcs8._.js:776
[  439426ms] [LOG] [Fast Refresh] done in 2250ms @ http://localhost:3000/_next/static/chunks/node_modules_next_dist_1e8vcs8._.js:776
[  439513ms] [LOG] [Fast Refresh] done in 2250ms @ http://localhost:3000/_next/static/chunks/node_modules_next_dist_1e8vcs8._.js:776
[  439586ms] [LOG] [Fast Refresh] done in 2250ms @ http://localhost:3000/_next/static/chunks/node_modules_next_dist_1e8vcs8._.js:776
[  439662ms] [LOG] [Fast Refresh] done in 2250ms @ http://localhost:3000/_next/static/chunks/node_modules_next_dist_1e8vcs8._.js:776
[  439750ms] [LOG] [Fast Refresh] done in 2250ms @ http://localhost:3000/_next/static/chunks/node_modules_next_dist_1e8vcs8._.js:776
[  439864ms] [LOG] [Fast Refresh] done in 2250ms @ http://localhost:3000/_next/static/chunks/node_modules_next_dist_1e8vcs8._.js:776
[  439989ms] [LOG] [Fast Refresh] done in 2250ms @ http://localhost:3000/_next/static/chunks/node_modules_next_dist_1e8vcs8._.js:776
[  440110ms] [LOG] [Fast Refresh] done in 2250ms @ http://localhost:3000/_next/static/chunks/node_modules_next_dist_1e8vcs8._.js:776
[  440220ms] [LOG] [Fast Refresh] done in 2250ms @ http://localhost:3000/_next/static/chunks/node_modules_next_dist_1e8vcs8._.js:776
[  440319ms] [LOG] [Fast Refresh] done in 2250ms @ http://localhost:3000/_next/static/chunks/node_modules_next_dist_1e8vcs8._.js:776
[  440407ms] [LOG] [Fast Refresh] done in 2250ms @ http://localhost:3000/_next/static/chunks/node_modules_next_dist_1e8vcs8._.js:776
[  440491ms] [LOG] [Fast Refresh] done in 2250ms @ http://localhost:3000/_next/static/chunks/node_modules_next_dist_1e8vcs8._.js:776
[  440595ms] [LOG] [Fast Refresh] done in 2250ms @ http://localhost:3000/_next/static/chunks/node_modules_next_dist_1e8vcs8._.js:776
[  440687ms] [LOG] [Fast Refresh] done in 2250ms @ http://localhost:3000/_next/static/chunks/node_modules_next_dist_1e8vcs8._.js:776
[  440792ms] [LOG] [Fast Refresh] done in 2250ms @ http://localhost:3000/_next/static/chunks/node_modules_next_dist_1e8vcs8._.js:776
[  440890ms] [LOG] [Fast Refresh] done in 2250ms @ http://localhost:3000/_next/static/chunks/node_modules_next_dist_1e8vcs8._.js:776
[  441017ms] [LOG] [Fast Refresh] done in 2250ms @ http://localhost:3000/_next/static/chunks/node_modules_next_dist_1e8vcs8._.js:776
[  441128ms] [LOG] [Fast Refresh] done in 2250ms @ http://localhost:3000/_next/static/chunks/node_modules_next_dist_1e8vcs8._.js:776
[  441203ms] [LOG] [Fast Refresh] done in 2250ms @ http://localhost:3000/_next/static/chunks/node_modules_next_dist_1e8vcs8._.js:776
[  441307ms] [LOG] [Fast Refresh] done in 2250ms @ http://localhost:3000/_next/static/chunks/node_modules_next_dist_1e8vcs8._.js:776
[  441414ms] [LOG] [Fast Refresh] done in 2250ms @ http://localhost:3000/_next/static/chunks/node_modules_next_dist_1e8vcs8._.js:776
[  441513ms] [LOG] [Fast Refresh] done in 2250ms @ http://localhost:3000/_next/static/chunks/node_modules_next_dist_1e8vcs8._.js:776
[  441620ms] [LOG] [Fast Refresh] done in 2250ms @ http://localhost:3000/_next/static/chunks/node_modules_next_dist_1e8vcs8._.js:776
[  441767ms] [LOG] [Fast Refresh] done in 2250ms @ http://localhost:3000/_next/static/chunks/node_modules_next_dist_1e8vcs8._.js:776
[  441901ms] [LOG] [Fast Refresh] done in 2250ms @ http://localhost:3000/_next/static/chunks/node_modules_next_dist_1e8vcs8._.js:776
[  442029ms] [LOG] [Fast Refresh] done in 2250ms @ http://localhost:3000/_next/static/chunks/node_modules_next_dist_1e8vcs8._.js:776
[  442129ms] [LOG] [Fast Refresh] done in 2250ms @ http://localhost:3000/_next/static/chunks/node_modules_next_dist_1e8vcs8._.js:776
[  442295ms] [LOG] [Fast Refresh] done in 2250ms @ http://localhost:3000/_next/static/chunks/node_modules_next_dist_1e8vcs8._.js:776
[  442368ms] [LOG] [Fast Refresh] done in 2250ms @ http://localhost:3000/_next/static/chunks/node_modules_next_dist_1e8vcs8._.js:776
[  442428ms] [LOG] [Fast Refresh] done in 2250ms @ http://localhost:3000/_next/static/chunks/node_modules_next_dist_1e8vcs8._.js:776
[  442548ms] [LOG] [Fast Refresh] done in 2250ms @ http://localhost:3000/_next/static/chunks/node_modules_next_dist_1e8vcs8._.js:776
[  442651ms] [LOG] [Fast Refresh] done in 2250ms @ http://localhost:3000/_next/static/chunks/node_modules_next_dist_1e8vcs8._.js:776
[  442736ms] [LOG] [Fast Refresh] done in 2250ms @ http://localhost:3000/_next/static/chunks/node_modules_next_dist_1e8vcs8._.js:776
[  442819ms] [LOG] [Fast Refresh] done in 2250ms @ http://localhost:3000/_next/static/chunks/node_modules_next_dist_1e8vcs8._.js:776
[  442911ms] [LOG] [Fast Refresh] done in 2250ms @ http://localhost:3000/_next/static/chunks/node_modules_next_dist_1e8vcs8._.js:776
[  442984ms] [LOG] [Fast Refresh] done in 2250ms @ http://localhost:3000/_next/static/chunks/node_modules_next_dist_1e8vcs8._.js:776
[  443087ms] [LOG] [Fast Refresh] done in 2250ms @ http://localhost:3000/_next/static/chunks/node_modules_next_dist_1e8vcs8._.js:776
[  443167ms] [LOG] [Fast Refresh] done in 2250ms @ http://localhost:3000/_next/static/chunks/node_modules_next_dist_1e8vcs8._.js:776
[  443237ms] [LOG] [Fast Refresh] done in 2250ms @ http://localhost:3000/_next/static/chunks/node_modules_next_dist_1e8vcs8._.js:776
[  443331ms] [LOG] [Fast Refresh] done in 2250ms @ http://localhost:3000/_next/static/chunks/node_modules_next_dist_1e8vcs8._.js:776
[  443468ms] [LOG] [Fast Refresh] done in 2250ms @ http://localhost:3000/_next/static/chunks/node_modules_next_dist_1e8vcs8._.js:776
[  443582ms] [LOG] [Fast Refresh] done in 2250ms @ http://localhost:3000/_next/static/chunks/node_modules_next_dist_1e8vcs8._.js:776
[  443668ms] [LOG] [Fast Refresh] done in 2250ms @ http://localhost:3000/_next/static/chunks/node_modules_next_dist_1e8vcs8._.js:776
[  443766ms] [LOG] [Fast Refresh] done in 2250ms @ http://localhost:3000/_next/static/chunks/node_modules_next_dist_1e8vcs8._.js:776
[  443844ms] [LOG] [Fast Refresh] done in 2250ms @ http://localhost:3000/_next/static/chunks/node_modules_next_dist_1e8vcs8._.js:776
[  443984ms] [LOG] [Fast Refresh] done in 2250ms @ http://localhost:3000/_next/static/chunks/node_modules_next_dist_1e8vcs8._.js:776
[  444065ms] [LOG] [Fast Refresh] done in 2250ms @ http://localhost:3000/_next/static/chunks/node_modules_next_dist_1e8vcs8._.js:776
[  444166ms] [LOG] [Fast Refresh] done in 2250ms @ http://localhost:3000/_next/static/chunks/node_modules_next_dist_1e8vcs8._.js:776
[  444270ms] [LOG] [Fast Refresh] done in 2250ms @ http://localhost:3000/_next/static/chunks/node_modules_next_dist_1e8vcs8._.js:776
[  444421ms] [LOG] [Fast Refresh] done in 2250ms @ http://localhost:3000/_next/static/chunks/node_modules_next_dist_1e8vcs8._.js:776
[  444531ms] [LOG] [Fast Refresh] done in 2250ms @ http://localhost:3000/_next/static/chunks/node_modules_next_dist_1e8vcs8._.js:776
[  444644ms] [LOG] [Fast Refresh] done in 2250ms @ http://localhost:3000/_next/static/chunks/node_modules_next_dist_1e8vcs8._.js:776
[  444773ms] [LOG] [Fast Refresh] done in 2250ms @ http://localhost:3000/_next/static/chunks/node_modules_next_dist_1e8vcs8._.js:776
[  444873ms] [LOG] [Fast Refresh] done in 2250ms @ http://localhost:3000/_next/static/chunks/node_modules_next_dist_1e8vcs8._.js:776
[  444965ms] [LOG] [Fast Refresh] done in 2250ms @ http://localhost:3000/_next/static/chunks/node_modules_next_dist_1e8vcs8._.js:776
[  445068ms] [LOG] [Fast Refresh] done in 2250ms @ http://localhost:3000/_next/static/chunks/node_modules_next_dist_1e8vcs8._.js:776
[  445136ms] [LOG] [Fast Refresh] done in 2250ms @ http://localhost:3000/_next/static/chunks/node_modules_next_dist_1e8vcs8._.js:776
[  445231ms] [LOG] [Fast Refresh] done in 2250ms @ http://localhost:3000/_next/static/chunks/node_modules_next_dist_1e8vcs8._.js:776
[  445344ms] [LOG] [Fast Refresh] done in 2250ms @ http://localhost:3000/_next/static/chunks/node_modules_next_dist_1e8vcs8._.js:776
[  445438ms] [LOG] [Fast Refresh] done in 2250ms @ http://localhost:3000/_next/static/chunks/node_modules_next_dist_1e8vcs8._.js:776
[  445551ms] [LOG] [Fast Refresh] done in 2250ms @ http://localhost:3000/_next/static/chunks/node_modules_next_dist_1e8vcs8._.js:776
[  445621ms] [LOG] [Fast Refresh] done in 2250ms @ http://localhost:3000/_next/static/chunks/node_modules_next_dist_1e8vcs8._.js:776
[  445741ms] [LOG] [Fast Refresh] done in 2250ms @ http://localhost:3000/_next/static/chunks/node_modules_next_dist_1e8vcs8._.js:776
[  445857ms] [LOG] [Fast Refresh] done in 2250ms @ http://localhost:3000/_next/static/chunks/node_modules_next_dist_1e8vcs8._.js:776
[  445965ms] [LOG] [Fast Refresh] done in 2250ms @ http://localhost:3000/_next/static/chunks/node_modules_next_dist_1e8vcs8._.js:776
[  446082ms] [LOG] [Fast Refresh] done in 2250ms @ http://localhost:3000/_next/static/chunks/node_modules_next_dist_1e8vcs8._.js:776
[  446190ms] [LOG] [Fast Refresh] done in 2250ms @ http://localhost:3000/_next/static/chunks/node_modules_next_dist_1e8vcs8._.js:776
[  446300ms] [LOG] [Fast Refresh] done in 2250ms @ http://localhost:3000/_next/static/chunks/node_modules_next_dist_1e8vcs8._.js:776
[  446400ms] [LOG] [Fast Refresh] done in 2250ms @ http://localhost:3000/_next/static/chunks/node_modules_next_dist_1e8vcs8._.js:776
[  446514ms] [LOG] [Fast Refresh] done in 2250ms @ http://localhost:3000/_next/static/chunks/node_modules_next_dist_1e8vcs8._.js:776
[  446566ms] [LOG] [Fast Refresh] done in 2250ms @ http://localhost:3000/_next/static/chunks/node_modules_next_dist_1e8vcs8._.js:776
[  446680ms] [LOG] [Fast Refresh] done in 2250ms @ http://localhost:3000/_next/static/chunks/node_modules_next_dist_1e8vcs8._.js:776
[  446758ms] [LOG] [Fast Refresh] done in 2250ms @ http://localhost:3000/_next/static/chunks/node_modules_next_dist_1e8vcs8._.js:776
[  446841ms] [LOG] [Fast Refresh] done in 2250ms @ http://localhost:3000/_next/static/chunks/node_modules_next_dist_1e8vcs8._.js:776
[  446907ms] [LOG] [Fast Refresh] done in 2250ms @ http://localhost:3000/_next/static/chunks/node_modules_next_dist_1e8vcs8._.js:776
[  447007ms] [LOG] [Fast Refresh] done in 2250ms @ http://localhost:3000/_next/static/chunks/node_modules_next_dist_1e8vcs8._.js:776
[  447109ms] [LOG] [Fast Refresh] done in 2250ms @ http://localhost:3000/_next/static/chunks/node_modules_next_dist_1e8vcs8._.js:776
[  447218ms] [LOG] [Fast Refresh] done in 2250ms @ http://localhost:3000/_next/static/chunks/node_modules_next_dist_1e8vcs8._.js:776
[  447295ms] [LOG] [Fast Refresh] done in 2250ms @ http://localhost:3000/_next/static/chunks/node_modules_next_dist_1e8vcs8._.js:776
[  447397ms] [LOG] [Fast Refresh] done in 2250ms @ http://localhost:3000/_next/static/chunks/node_modules_next_dist_1e8vcs8._.js:776
[  447483ms] [LOG] [Fast Refresh] done in 2250ms @ http://localhost:3000/_next/static/chunks/node_modules_next_dist_1e8vcs8._.js:776
[  447565ms] [LOG] [Fast Refresh] done in 2250ms @ http://localhost:3000/_next/static/chunks/node_modules_next_dist_1e8vcs8._.js:776
[  447680ms] [LOG] [Fast Refresh] done in 2250ms @ http://localhost:3000/_next/static/chunks/node_modules_next_dist_1e8vcs8._.js:776
[  447802ms] [LOG] [Fast Refresh] done in 2250ms @ http://localhost:3000/_next/static/chunks/node_modules_next_dist_1e8vcs8._.js:776
[  447928ms] [LOG] [Fast Refresh] done in 2250ms @ http://localhost:3000/_next/static/chunks/node_modules_next_dist_1e8vcs8._.js:776
[  448039ms] [LOG] [Fast Refresh] done in 2250ms @ http://localhost:3000/_next/static/chunks/node_modules_next_dist_1e8vcs8._.js:776
[  448118ms] [LOG] [Fast Refresh] done in 2250ms @ http://localhost:3000/_next/static/chunks/node_modules_next_dist_1e8vcs8._.js:776
[  448252ms] [LOG] [Fast Refresh] done in 2250ms @ http://localhost:3000/_next/static/chunks/node_modules_next_dist_1e8vcs8._.js:776
[  448349ms] [LOG] [Fast Refresh] done in 2250ms @ http://localhost:3000/_next/static/chunks/node_modules_next_dist_1e8vcs8._.js:776
[  448425ms] [LOG] [Fast Refresh] done in 2250ms @ http://localhost:3000/_next/static/chunks/node_modules_next_dist_1e8vcs8._.js:776
[  448515ms] [LOG] [Fast Refresh] done in 2250ms @ http://localhost:3000/_next/static/chunks/node_modules_next_dist_1e8vcs8._.js:776
[  448603ms] [LOG] [Fast Refresh] done in 2250ms @ http://localhost:3000/_next/static/chunks/node_modules_next_dist_1e8vcs8._.js:776
[  448684ms] [LOG] [Fast Refresh] done in 2250ms @ http://localhost:3000/_next/static/chunks/node_modules_next_dist_1e8vcs8._.js:776
[  448752ms] [LOG] [Fast Refresh] done in 2250ms @ http://localhost:3000/_next/static/chunks/node_modules_next_dist_1e8vcs8._.js:776
[  448829ms] [LOG] [Fast Refresh] done in 2250ms @ http://localhost:3000/_next/static/chunks/node_modules_next_dist_1e8vcs8._.js:776
[  448943ms] [LOG] [Fast Refresh] done in 2250ms @ http://localhost:3000/_next/static/chunks/node_modules_next_dist_1e8vcs8._.js:776
[  449005ms] [LOG] [Fast Refresh] done in 2250ms @ http://localhost:3000/_next/static/chunks/node_modules_next_dist_1e8vcs8._.js:776
[  449104ms] [LOG] [Fast Refresh] done in 2250ms @ http://localhost:3000/_next/static/chunks/node_modules_next_dist_1e8vcs8._.js:776
[  449180ms] [LOG] [Fast Refresh] done in 2250ms @ http://localhost:3000/_next/static/chunks/node_modules_next_dist_1e8vcs8._.js:776
[  449291ms] [LOG] [Fast Refresh] done in 2250ms @ http://localhost:3000/_next/static/chunks/node_modules_next_dist_1e8vcs8._.js:776
[  449357ms] [LOG] [Fast Refresh] done in 2250ms @ http://localhost:3000/_next/static/chunks/node_modules_next_dist_1e8vcs8._.js:776
[  449477ms] [LOG] [Fast Refresh] done in 2250ms @ http://localhost:3000/_next/static/chunks/node_modules_next_dist_1e8vcs8._.js:776
[  449585ms] [LOG] [Fast Refresh] done in 2250ms @ http://localhost:3000/_next/static/chunks/node_modules_next_dist_1e8vcs8._.js:776
[  449714ms] [LOG] [Fast Refresh] done in 2250ms @ http://localhost:3000/_next/static/chunks/node_modules_next_dist_1e8vcs8._.js:776
[  449829ms] [LOG] [Fast Refresh] done in 2250ms @ http://localhost:3000/_next/static/chunks/node_modules_next_dist_1e8vcs8._.js:776
[  449917ms] [LOG] [Fast Refresh] done in 2250ms @ http://localhost:3000/_next/static/chunks/node_modules_next_dist_1e8vcs8._.js:776
[  450018ms] [LOG] [Fast Refresh] done in 2250ms @ http://localhost:3000/_next/static/chunks/node_modules_next_dist_1e8vcs8._.js:776
[  450081ms] [LOG] [Fast Refresh] done in 2250ms @ http://localhost:3000/_next/static/chunks/node_modules_next_dist_1e8vcs8._.js:776
[  450171ms] [LOG] [Fast Refresh] done in 2250ms @ http://localhost:3000/_next/static/chunks/node_modules_next_dist_1e8vcs8._.js:776
[  450285ms] [LOG] [Fast Refresh] done in 2250ms @ http://localhost:3000/_next/static/chunks/node_modules_next_dist_1e8vcs8._.js:776
[  450477ms] [LOG] [Fast Refresh] done in 2250ms @ http://localhost:3000/_next/static/chunks/node_modules_next_dist_1e8vcs8._.js:776
[  450547ms] [LOG] [Fast Refresh] done in 2250ms @ http://localhost:3000/_next/static/chunks/node_modules_next_dist_1e8vcs8._.js:776
[  450667ms] [LOG] [Fast Refresh] done in 2250ms @ http://localhost:3000/_next/static/chunks/node_modules_next_dist_1e8vcs8._.js:776
[  450792ms] [LOG] [Fast Refresh] done in 2250ms @ http://localhost:3000/_next/static/chunks/node_modules_next_dist_1e8vcs8._.js:776
[  450916ms] [LOG] [Fast Refresh] done in 2250ms @ http://localhost:3000/_next/static/chunks/node_modules_next_dist_1e8vcs8._.js:776
[  451012ms] [LOG] [Fast Refresh] done in 2250ms @ http://localhost:3000/_next/static/chunks/node_modules_next_dist_1e8vcs8._.js:776
[  451083ms] [LOG] [Fast Refresh] done in 2250ms @ http://localhost:3000/_next/static/chunks/node_modules_next_dist_1e8vcs8._.js:776
[  451167ms] [LOG] [Fast Refresh] done in 2250ms @ http://localhost:3000/_next/static/chunks/node_modules_next_dist_1e8vcs8._.js:776
[  451239ms] [LOG] [Fast Refresh] done in 2250ms @ http://localhost:3000/_next/static/chunks/node_modules_next_dist_1e8vcs8._.js:776
[  451337ms] [LOG] [Fast Refresh] done in 2250ms @ http://localhost:3000/_next/static/chunks/node_modules_next_dist_1e8vcs8._.js:776
[  451448ms] [LOG] [Fast Refresh] done in 2250ms @ http://localhost:3000/_next/static/chunks/node_modules_next_dist_1e8vcs8._.js:776
[  451571ms] [LOG] [Fast Refresh] done in 2250ms @ http://localhost:3000/_next/static/chunks/node_modules_next_dist_1e8vcs8._.js:776
[  451666ms] [LOG] [Fast Refresh] done in 2250ms @ http://localhost:3000/_next/static/chunks/node_modules_next_dist_1e8vcs8._.js:776
[  451754ms] [LOG] [Fast Refresh] done in 2250ms @ http://localhost:3000/_next/static/chunks/node_modules_next_dist_1e8vcs8._.js:776
[  451842ms] [LOG] [Fast Refresh] done in 2250ms @ http://localhost:3000/_next/static/chunks/node_modules_next_dist_1e8vcs8._.js:776
[  451926ms] [LOG] [Fast Refresh] done in 2250ms @ http://localhost:3000/_next/static/chunks/node_modules_next_dist_1e8vcs8._.js:776
[  452003ms] [LOG] [Fast Refresh] done in 2250ms @ http://localhost:3000/_next/static/chunks/node_modules_next_dist_1e8vcs8._.js:776
[  452076ms] [LOG] [Fast Refresh] done in 2250ms @ http://localhost:3000/_next/static/chunks/node_modules_next_dist_1e8vcs8._.js:776
[  452183ms] [LOG] [Fast Refresh] done in 2250ms @ http://localhost:3000/_next/static/chunks/node_modules_next_dist_1e8vcs8._.js:776
[  452252ms] [LOG] [Fast Refresh] done in 2250ms @ http://localhost:3000/_next/static/chunks/node_modules_next_dist_1e8vcs8._.js:776
[  452330ms] [LOG] [Fast Refresh] done in 2250ms @ http://localhost:3000/_next/static/chunks/node_modules_next_dist_1e8vcs8._.js:776
[  452432ms] [LOG] [Fast Refresh] done in 2250ms @ http://localhost:3000/_next/static/chunks/node_modules_next_dist_1e8vcs8._.js:776
[  452521ms] [LOG] [Fast Refresh] done in 2250ms @ http://localhost:3000/_next/static/chunks/node_modules_next_dist_1e8vcs8._.js:776
[  452601ms] [LOG] [Fast Refresh] done in 2250ms @ http://localhost:3000/_next/static/chunks/node_modules_next_dist_1e8vcs8._.js:776
[  452687ms] [LOG] [Fast Refresh] done in 2250ms @ http://localhost:3000/_next/static/chunks/node_modules_next_dist_1e8vcs8._.js:776
[  452797ms] [LOG] [Fast Refresh] done in 2250ms @ http://localhost:3000/_next/static/chunks/node_modules_next_dist_1e8vcs8._.js:776
[  452899ms] [LOG] [Fast Refresh] done in 2250ms @ http://localhost:3000/_next/static/chunks/node_modules_next_dist_1e8vcs8._.js:776
[  453178ms] [LOG] [Fast Refresh] done in 2250ms @ http://localhost:3000/_next/static/chunks/node_modules_next_dist_1e8vcs8._.js:776
[  453232ms] [LOG] [Fast Refresh] done in 2250ms @ http://localhost:3000/_next/static/chunks/node_modules_next_dist_1e8vcs8._.js:776
[  453297ms] [LOG] [Fast Refresh] done in 2250ms @ http://localhost:3000/_next/static/chunks/node_modules_next_dist_1e8vcs8._.js:776
[  453422ms] [LOG] [Fast Refresh] done in 2250ms @ http://localhost:3000/_next/static/chunks/node_modules_next_dist_1e8vcs8._.js:776
[  453505ms] [LOG] [Fast Refresh] done in 2250ms @ http://localhost:3000/_next/static/chunks/node_modules_next_dist_1e8vcs8._.js:776
[  453617ms] [LOG] [Fast Refresh] done in 2250ms @ http://localhost:3000/_next/static/chunks/node_modules_next_dist_1e8vcs8._.js:776
[  453736ms] [LOG] [Fast Refresh] done in 2250ms @ http://localhost:3000/_next/static/chunks/node_modules_next_dist_1e8vcs8._.js:776
[  453810ms] [LOG] [Fast Refresh] done in 2250ms @ http://localhost:3000/_next/static/chunks/node_modules_next_dist_1e8vcs8._.js:776
[  453927ms] [LOG] [Fast Refresh] done in 2250ms @ http://localhost:3000/_next/static/chunks/node_modules_next_dist_1e8vcs8._.js:776
[  454048ms] [LOG] [Fast Refresh] done in 2250ms @ http://localhost:3000/_next/static/chunks/node_modules_next_dist_1e8vcs8._.js:776
[  454125ms] [LOG] [Fast Refresh] done in 2250ms @ http://localhost:3000/_next/static/chunks/node_modules_next_dist_1e8vcs8._.js:776
[  454216ms] [LOG] [Fast Refresh] done in 2250ms @ http://localhost:3000/_next/static/chunks/node_modules_next_dist_1e8vcs8._.js:776
[  454323ms] [LOG] [Fast Refresh] done in 2250ms @ http://localhost:3000/_next/static/chunks/node_modules_next_dist_1e8vcs8._.js:776
[  454387ms] [LOG] [Fast Refresh] done in 2250ms @ http://localhost:3000/_next/static/chunks/node_modules_next_dist_1e8vcs8._.js:776
[  454467ms] [LOG] [Fast Refresh] done in 2250ms @ http://localhost:3000/_next/static/chunks/node_modules_next_dist_1e8vcs8._.js:776
[  454564ms] [LOG] [Fast Refresh] done in 2250ms @ http://localhost:3000/_next/static/chunks/node_modules_next_dist_1e8vcs8._.js:776
[  454666ms] [LOG] [Fast Refresh] done in 2250ms @ http://localhost:3000/_next/static/chunks/node_modules_next_dist_1e8vcs8._.js:776
[  454733ms] [LOG] [Fast Refresh] done in 2250ms @ http://localhost:3000/_next/static/chunks/node_modules_next_dist_1e8vcs8._.js:776
[  454831ms] [LOG] [Fast Refresh] done in 2250ms @ http://localhost:3000/_next/static/chunks/node_modules_next_dist_1e8vcs8._.js:776
[  454971ms] [LOG] [Fast Refresh] done in 2250ms @ http://localhost:3000/_next/static/chunks/node_modules_next_dist_1e8vcs8._.js:776
[  455077ms] [LOG] [Fast Refresh] done in 2250ms @ http://localhost:3000/_next/static/chunks/node_modules_next_dist_1e8vcs8._.js:776
[  455174ms] [LOG] [Fast Refresh] done in 2250ms @ http://localhost:3000/_next/static/chunks/node_modules_next_dist_1e8vcs8._.js:776
[  455283ms] [LOG] [Fast Refresh] done in 2250ms @ http://localhost:3000/_next/static/chunks/node_modules_next_dist_1e8vcs8._.js:776
[  455403ms] [LOG] [Fast Refresh] done in 2250ms @ http://localhost:3000/_next/static/chunks/node_modules_next_dist_1e8vcs8._.js:776
[  455537ms] [LOG] [Fast Refresh] done in 2250ms @ http://localhost:3000/_next/static/chunks/node_modules_next_dist_1e8vcs8._.js:776
[  455626ms] [LOG] [Fast Refresh] done in 2250ms @ http://localhost:3000/_next/static/chunks/node_modules_next_dist_1e8vcs8._.js:776
[  455733ms] [LOG] [Fast Refresh] done in 2250ms @ http://localhost:3000/_next/static/chunks/node_modules_next_dist_1e8vcs8._.js:776
[  455833ms] [LOG] [Fast Refresh] done in 2250ms @ http://localhost:3000/_next/static/chunks/node_modules_next_dist_1e8vcs8._.js:776
[  455903ms] [LOG] [Fast Refresh] done in 2250ms @ http://localhost:3000/_next/static/chunks/node_modules_next_dist_1e8vcs8._.js:776
[  455996ms] [LOG] [Fast Refresh] done in 2250ms @ http://localhost:3000/_next/static/chunks/node_modules_next_dist_1e8vcs8._.js:776
[  456074ms] [LOG] [Fast Refresh] done in 2250ms @ http://localhost:3000/_next/static/chunks/node_modules_next_dist_1e8vcs8._.js:776
[  456186ms] [LOG] [Fast Refresh] done in 2250ms @ http://localhost:3000/_next/static/chunks/node_modules_next_dist_1e8vcs8._.js:776
[  456253ms] [LOG] [Fast Refresh] done in 2250ms @ http://localhost:3000/_next/static/chunks/node_modules_next_dist_1e8vcs8._.js:776
[  456354ms] [LOG] [Fast Refresh] done in 2250ms @ http://localhost:3000/_next/static/chunks/node_modules_next_dist_1e8vcs8._.js:776
[  456443ms] [LOG] [Fast Refresh] done in 2250ms @ http://localhost:3000/_next/static/chunks/node_modules_next_dist_1e8vcs8._.js:776
[  456540ms] [LOG] [Fast Refresh] done in 2250ms @ http://localhost:3000/_next/static/chunks/node_modules_next_dist_1e8vcs8._.js:776
[  456643ms] [LOG] [Fast Refresh] done in 2250ms @ http://localhost:3000/_next/static/chunks/node_modules_next_dist_1e8vcs8._.js:776
[  456712ms] [LOG] [Fast Refresh] done in 2250ms @ http://localhost:3000/_next/static/chunks/node_modules_next_dist_1e8vcs8._.js:776
[  456802ms] [LOG] [Fast Refresh] done in 2250ms @ http://localhost:3000/_next/static/chunks/node_modules_next_dist_1e8vcs8._.js:776
[  456876ms] [LOG] [Fast Refresh] done in 2250ms @ http://localhost:3000/_next/static/chunks/node_modules_next_dist_1e8vcs8._.js:776
[  456955ms] [LOG] [Fast Refresh] done in 2250ms @ http://localhost:3000/_next/static/chunks/node_modules_next_dist_1e8vcs8._.js:776
[  457037ms] [LOG] [Fast Refresh] done in 2250ms @ http://localhost:3000/_next/static/chunks/node_modules_next_dist_1e8vcs8._.js:776
[  457140ms] [LOG] [Fast Refresh] done in 2250ms @ http://localhost:3000/_next/static/chunks/node_modules_next_dist_1e8vcs8._.js:776
[  457214ms] [LOG] [Fast Refresh] done in 2250ms @ http://localhost:3000/_next/static/chunks/node_modules_next_dist_1e8vcs8._.js:776
[  457312ms] [LOG] [Fast Refresh] done in 2250ms @ http://localhost:3000/_next/static/chunks/node_modules_next_dist_1e8vcs8._.js:776
[  457430ms] [LOG] [Fast Refresh] done in 2250ms @ http://localhost:3000/_next/static/chunks/node_modules_next_dist_1e8vcs8._.js:776
[  457547ms] [LOG] [Fast Refresh] done in 2250ms @ http://localhost:3000/_next/static/chunks/node_modules_next_dist_1e8vcs8._.js:776
[  457649ms] [LOG] [Fast Refresh] done in 2250ms @ http://localhost:3000/_next/static/chunks/node_modules_next_dist_1e8vcs8._.js:776
[  457740ms] [LOG] [Fast Refresh] done in 2250ms @ http://localhost:3000/_next/static/chunks/node_modules_next_dist_1e8vcs8._.js:776
[  457832ms] [LOG] [Fast Refresh] done in 2250ms @ http://localhost:3000/_next/static/chunks/node_modules_next_dist_1e8vcs8._.js:776
[  457924ms] [LOG] [Fast Refresh] done in 2250ms @ http://localhost:3000/_next/static/chunks/node_modules_next_dist_1e8vcs8._.js:776
[  458012ms] [LOG] [Fast Refresh] done in 2250ms @ http://localhost:3000/_next/static/chunks/node_modules_next_dist_1e8vcs8._.js:776
[  458118ms] [LOG] [Fast Refresh] done in 2250ms @ http://localhost:3000/_next/static/chunks/node_modules_next_dist_1e8vcs8._.js:776
[  458208ms] [LOG] [Fast Refresh] done in 2250ms @ http://localhost:3000/_next/static/chunks/node_modules_next_dist_1e8vcs8._.js:776
[  458314ms] [LOG] [Fast Refresh] done in 2250ms @ http://localhost:3000/_next/static/chunks/node_modules_next_dist_1e8vcs8._.js:776
[  458405ms] [LOG] [Fast Refresh] done in 2250ms @ http://localhost:3000/_next/static/chunks/node_modules_next_dist_1e8vcs8._.js:776
[  458524ms] [LOG] [Fast Refresh] done in 2250ms @ http://localhost:3000/_next/static/chunks/node_modules_next_dist_1e8vcs8._.js:776
[  458611ms] [LOG] [Fast Refresh] done in 2250ms @ http://localhost:3000/_next/static/chunks/node_modules_next_dist_1e8vcs8._.js:776
[  458677ms] [LOG] [Fast Refresh] done in 2250ms @ http://localhost:3000/_next/static/chunks/node_modules_next_dist_1e8vcs8._.js:776
[  458781ms] [LOG] [Fast Refresh] done in 2250ms @ http://localhost:3000/_next/static/chunks/node_modules_next_dist_1e8vcs8._.js:776
[  458874ms] [LOG] [Fast Refresh] done in 2250ms @ http://localhost:3000/_next/static/chunks/node_modules_next_dist_1e8vcs8._.js:776
[  459007ms] [LOG] [Fast Refresh] done in 2250ms @ http://localhost:3000/_next/static/chunks/node_modules_next_dist_1e8vcs8._.js:776
[  459097ms] [LOG] [Fast Refresh] done in 2250ms @ http://localhost:3000/_next/static/chunks/node_modules_next_dist_1e8vcs8._.js:776
[  459207ms] [LOG] [Fast Refresh] done in 2250ms @ http://localhost:3000/_next/static/chunks/node_modules_next_dist_1e8vcs8._.js:776
[  459287ms] [LOG] [Fast Refresh] done in 2250ms @ http://localhost:3000/_next/static/chunks/node_modules_next_dist_1e8vcs8._.js:776
[  459393ms] [LOG] [Fast Refresh] done in 2250ms @ http://localhost:3000/_next/static/chunks/node_modules_next_dist_1e8vcs8._.js:776
[  459482ms] [LOG] [Fast Refresh] done in 2250ms @ http://localhost:3000/_next/static/chunks/node_modules_next_dist_1e8vcs8._.js:776
[  459567ms] [LOG] [Fast Refresh] done in 2250ms @ http://localhost:3000/_next/static/chunks/node_modules_next_dist_1e8vcs8._.js:776
[  459661ms] [LOG] [Fast Refresh] done in 2250ms @ http://localhost:3000/_next/static/chunks/node_modules_next_dist_1e8vcs8._.js:776
[  459757ms] [LOG] [Fast Refresh] done in 2250ms @ http://localhost:3000/_next/static/chunks/node_modules_next_dist_1e8vcs8._.js:776
[  459880ms] [LOG] [Fast Refresh] done in 2250ms @ http://localhost:3000/_next/static/chunks/node_modules_next_dist_1e8vcs8._.js:776
[  460010ms] [LOG] [Fast Refresh] done in 2250ms @ http://localhost:3000/_next/static/chunks/node_modules_next_dist_1e8vcs8._.js:776
[  460105ms] [LOG] [Fast Refresh] done in 2250ms @ http://localhost:3000/_next/static/chunks/node_modules_next_dist_1e8vcs8._.js:776
[  460212ms] [LOG] [Fast Refresh] done in 2250ms @ http://localhost:3000/_next/static/chunks/node_modules_next_dist_1e8vcs8._.js:776
[  460309ms] [LOG] [Fast Refresh] done in 2250ms @ http://localhost:3000/_next/static/chunks/node_modules_next_dist_1e8vcs8._.js:776
[  460424ms] [LOG] [Fast Refresh] done in 2250ms @ http://localhost:3000/_next/static/chunks/node_modules_next_dist_1e8vcs8._.js:776
[  460581ms] [LOG] [Fast Refresh] done in 2250ms @ http://localhost:3000/_next/static/chunks/node_modules_next_dist_1e8vcs8._.js:776
[  460721ms] [LOG] [Fast Refresh] done in 2250ms @ http://localhost:3000/_next/static/chunks/node_modules_next_dist_1e8vcs8._.js:776
[  460810ms] [LOG] [Fast Refresh] done in 2250ms @ http://localhost:3000/_next/static/chunks/node_modules_next_dist_1e8vcs8._.js:776
[  460889ms] [LOG] [Fast Refresh] done in 2250ms @ http://localhost:3000/_next/static/chunks/node_modules_next_dist_1e8vcs8._.js:776
[  460971ms] [LOG] [Fast Refresh] done in 2250ms @ http://localhost:3000/_next/static/chunks/node_modules_next_dist_1e8vcs8._.js:776
[  461072ms] [LOG] [Fast Refresh] done in 2250ms @ http://localhost:3000/_next/static/chunks/node_modules_next_dist_1e8vcs8._.js:776
[  461223ms] [LOG] [Fast Refresh] done in 2250ms @ http://localhost:3000/_next/static/chunks/node_modules_next_dist_1e8vcs8._.js:776
[  461293ms] [LOG] [Fast Refresh] done in 2250ms @ http://localhost:3000/_next/static/chunks/node_modules_next_dist_1e8vcs8._.js:776
[  461385ms] [LOG] [Fast Refresh] done in 2250ms @ http://localhost:3000/_next/static/chunks/node_modules_next_dist_1e8vcs8._.js:776
[  461452ms] [LOG] [Fast Refresh] done in 2250ms @ http://localhost:3000/_next/static/chunks/node_modules_next_dist_1e8vcs8._.js:776
[  461540ms] [LOG] [Fast Refresh] done in 2250ms @ http://localhost:3000/_next/static/chunks/node_modules_next_dist_1e8vcs8._.js:776
[  461669ms] [LOG] [Fast Refresh] done in 2250ms @ http://localhost:3000/_next/static/chunks/node_modules_next_dist_1e8vcs8._.js:776
[  461735ms] [LOG] [Fast Refresh] done in 2250ms @ http://localhost:3000/_next/static/chunks/node_modules_next_dist_1e8vcs8._.js:776
[  461830ms] [LOG] [Fast Refresh] done in 2250ms @ http://localhost:3000/_next/static/chunks/node_modules_next_dist_1e8vcs8._.js:776
[  461903ms] [LOG] [Fast Refresh] done in 2250ms @ http://localhost:3000/_next/static/chunks/node_modules_next_dist_1e8vcs8._.js:776
[  461985ms] [LOG] [Fast Refresh] done in 2250ms @ http://localhost:3000/_next/static/chunks/node_modules_next_dist_1e8vcs8._.js:776
[  462060ms] [LOG] [Fast Refresh] done in 2250ms @ http://localhost:3000/_next/static/chunks/node_modules_next_dist_1e8vcs8._.js:776
[  462128ms] [LOG] [Fast Refresh] done in 2250ms @ http://localhost:3000/_next/static/chunks/node_modules_next_dist_1e8vcs8._.js:776
[  462201ms] [LOG] [Fast Refresh] done in 2250ms @ http://localhost:3000/_next/static/chunks/node_modules_next_dist_1e8vcs8._.js:776
[  462278ms] [LOG] [Fast Refresh] done in 2250ms @ http://localhost:3000/_next/static/chunks/node_modules_next_dist_1e8vcs8._.js:776
[  462377ms] [LOG] [Fast Refresh] done in 2250ms @ http://localhost:3000/_next/static/chunks/node_modules_next_dist_1e8vcs8._.js:776
[  462470ms] [LOG] [Fast Refresh] done in 2250ms @ http://localhost:3000/_next/static/chunks/node_modules_next_dist_1e8vcs8._.js:776
[  462546ms] [LOG] [Fast Refresh] done in 2250ms @ http://localhost:3000/_next/static/chunks/node_modules_next_dist_1e8vcs8._.js:776
[  462634ms] [LOG] [Fast Refresh] done in 2250ms @ http://localhost:3000/_next/static/chunks/node_modules_next_dist_1e8vcs8._.js:776
[  462730ms] [LOG] [Fast Refresh] done in 2250ms @ http://localhost:3000/_next/static/chunks/node_modules_next_dist_1e8vcs8._.js:776
[  462841ms] [LOG] [Fast Refresh] done in 2250ms @ http://localhost:3000/_next/static/chunks/node_modules_next_dist_1e8vcs8._.js:776
[  462900ms] [LOG] [Fast Refresh] done in 2250ms @ http://localhost:3000/_next/static/chunks/node_modules_next_dist_1e8vcs8._.js:776
[  463011ms] [LOG] [Fast Refresh] done in 2250ms @ http://localhost:3000/_next/static/chunks/node_modules_next_dist_1e8vcs8._.js:776
[  463103ms] [LOG] [Fast Refresh] done in 2250ms @ http://localhost:3000/_next/static/chunks/node_modules_next_dist_1e8vcs8._.js:776
[  463193ms] [LOG] [Fast Refresh] done in 2250ms @ http://localhost:3000/_next/static/chunks/node_modules_next_dist_1e8vcs8._.js:776
[  463280ms] [LOG] [Fast Refresh] done in 2250ms @ http://localhost:3000/_next/static/chunks/node_modules_next_dist_1e8vcs8._.js:776
[  463396ms] [LOG] [Fast Refresh] done in 2250ms @ http://localhost:3000/_next/static/chunks/node_modules_next_dist_1e8vcs8._.js:776
[  463467ms] [LOG] [Fast Refresh] done in 2250ms @ http://localhost:3000/_next/static/chunks/node_modules_next_dist_1e8vcs8._.js:776
[  463561ms] [LOG] [Fast Refresh] done in 2250ms @ http://localhost:3000/_next/static/chunks/node_modules_next_dist_1e8vcs8._.js:776
[  463653ms] [LOG] [Fast Refresh] done in 2250ms @ http://localhost:3000/_next/static/chunks/node_modules_next_dist_1e8vcs8._.js:776
[  463743ms] [LOG] [Fast Refresh] done in 2250ms @ http://localhost:3000/_next/static/chunks/node_modules_next_dist_1e8vcs8._.js:776
[  463851ms] [LOG] [Fast Refresh] done in 2250ms @ http://localhost:3000/_next/static/chunks/node_modules_next_dist_1e8vcs8._.js:776
[  463926ms] [LOG] [Fast Refresh] done in 2250ms @ http://localhost:3000/_next/static/chunks/node_modules_next_dist_1e8vcs8._.js:776
[  463988ms] [LOG] [Fast Refresh] done in 2250ms @ http://localhost:3000/_next/static/chunks/node_modules_next_dist_1e8vcs8._.js:776
[  464061ms] [LOG] [Fast Refresh] done in 2250ms @ http://localhost:3000/_next/static/chunks/node_modules_next_dist_1e8vcs8._.js:776
[  464178ms] [LOG] [Fast Refresh] done in 2250ms @ http://localhost:3000/_next/static/chunks/node_modules_next_dist_1e8vcs8._.js:776
[  464240ms] [LOG] [Fast Refresh] done in 2250ms @ http://localhost:3000/_next/static/chunks/node_modules_next_dist_1e8vcs8._.js:776
[  464306ms] [LOG] [Fast Refresh] done in 2250ms @ http://localhost:3000/_next/static/chunks/node_modules_next_dist_1e8vcs8._.js:776
[  464392ms] [LOG] [Fast Refresh] done in 2250ms @ http://localhost:3000/_next/static/chunks/node_modules_next_dist_1e8vcs8._.js:776
[  464493ms] [LOG] [Fast Refresh] done in 2250ms @ http://localhost:3000/_next/static/chunks/node_modules_next_dist_1e8vcs8._.js:776
[  464593ms] [LOG] [Fast Refresh] done in 2250ms @ http://localhost:3000/_next/static/chunks/node_modules_next_dist_1e8vcs8._.js:776
[  464674ms] [LOG] [Fast Refresh] done in 2250ms @ http://localhost:3000/_next/static/chunks/node_modules_next_dist_1e8vcs8._.js:776
[  464744ms] [LOG] [Fast Refresh] done in 2250ms @ http://localhost:3000/_next/static/chunks/node_modules_next_dist_1e8vcs8._.js:776
[  464828ms] [LOG] [Fast Refresh] done in 2250ms @ http://localhost:3000/_next/static/chunks/node_modules_next_dist_1e8vcs8._.js:776
[  464916ms] [LOG] [Fast Refresh] done in 2250ms @ http://localhost:3000/_next/static/chunks/node_modules_next_dist_1e8vcs8._.js:776
[  465024ms] [LOG] [Fast Refresh] done in 2250ms @ http://localhost:3000/_next/static/chunks/node_modules_next_dist_1e8vcs8._.js:776
[  465115ms] [LOG] [Fast Refresh] done in 2250ms @ http://localhost:3000/_next/static/chunks/node_modules_next_dist_1e8vcs8._.js:776
[  465235ms] [LOG] [Fast Refresh] done in 2250ms @ http://localhost:3000/_next/static/chunks/node_modules_next_dist_1e8vcs8._.js:776
[  465310ms] [LOG] [Fast Refresh] done in 2250ms @ http://localhost:3000/_next/static/chunks/node_modules_next_dist_1e8vcs8._.js:776
[  465393ms] [LOG] [Fast Refresh] done in 2250ms @ http://localhost:3000/_next/static/chunks/node_modules_next_dist_1e8vcs8._.js:776
[  465492ms] [LOG] [Fast Refresh] done in 2250ms @ http://localhost:3000/_next/static/chunks/node_modules_next_dist_1e8vcs8._.js:776
[  465569ms] [LOG] [Fast Refresh] done in 2250ms @ http://localhost:3000/_next/static/chunks/node_modules_next_dist_1e8vcs8._.js:776
[  465693ms] [LOG] [Fast Refresh] done in 2250ms @ http://localhost:3000/_next/static/chunks/node_modules_next_dist_1e8vcs8._.js:776
[  465792ms] [LOG] [Fast Refresh] done in 2250ms @ http://localhost:3000/_next/static/chunks/node_modules_next_dist_1e8vcs8._.js:776
[  465920ms] [LOG] [Fast Refresh] done in 2250ms @ http://localhost:3000/_next/static/chunks/node_modules_next_dist_1e8vcs8._.js:776
[  466046ms] [LOG] [Fast Refresh] done in 2250ms @ http://localhost:3000/_next/static/chunks/node_modules_next_dist_1e8vcs8._.js:776
[  466168ms] [LOG] [Fast Refresh] done in 2250ms @ http://localhost:3000/_next/static/chunks/node_modules_next_dist_1e8vcs8._.js:776
[  466300ms] [LOG] [Fast Refresh] done in 2250ms @ http://localhost:3000/_next/static/chunks/node_modules_next_dist_1e8vcs8._.js:776
[  466385ms] [LOG] [Fast Refresh] done in 2250ms @ http://localhost:3000/_next/static/chunks/node_modules_next_dist_1e8vcs8._.js:776
[  466490ms] [LOG] [Fast Refresh] done in 2250ms @ http://localhost:3000/_next/static/chunks/node_modules_next_dist_1e8vcs8._.js:776
[  466572ms] [LOG] [Fast Refresh] done in 2250ms @ http://localhost:3000/_next/static/chunks/node_modules_next_dist_1e8vcs8._.js:776
[  466674ms] [LOG] [Fast Refresh] done in 2250ms @ http://localhost:3000/_next/static/chunks/node_modules_next_dist_1e8vcs8._.js:776
[  466798ms] [LOG] [Fast Refresh] done in 2250ms @ http://localhost:3000/_next/static/chunks/node_modules_next_dist_1e8vcs8._.js:776
[  466906ms] [LOG] [Fast Refresh] done in 2250ms @ http://localhost:3000/_next/static/chunks/node_modules_next_dist_1e8vcs8._.js:776
[  467006ms] [LOG] [Fast Refresh] done in 2250ms @ http://localhost:3000/_next/static/chunks/node_modules_next_dist_1e8vcs8._.js:776
[  467116ms] [LOG] [Fast Refresh] done in 2250ms @ http://localhost:3000/_next/static/chunks/node_modules_next_dist_1e8vcs8._.js:776
[  467212ms] [LOG] [Fast Refresh] done in 2250ms @ http://localhost:3000/_next/static/chunks/node_modules_next_dist_1e8vcs8._.js:776
[  467295ms] [LOG] [Fast Refresh] done in 2250ms @ http://localhost:3000/_next/static/chunks/node_modules_next_dist_1e8vcs8._.js:776
[  467369ms] [LOG] [Fast Refresh] done in 2250ms @ http://localhost:3000/_next/static/chunks/node_modules_next_dist_1e8vcs8._.js:776
[  467468ms] [LOG] [Fast Refresh] done in 2250ms @ http://localhost:3000/_next/static/chunks/node_modules_next_dist_1e8vcs8._.js:776
[  467552ms] [LOG] [Fast Refresh] done in 2250ms @ http://localhost:3000/_next/static/chunks/node_modules_next_dist_1e8vcs8._.js:776
[  467615ms] [LOG] [Fast Refresh] done in 2250ms @ http://localhost:3000/_next/static/chunks/node_modules_next_dist_1e8vcs8._.js:776
[  467747ms] [LOG] [Fast Refresh] done in 2250ms @ http://localhost:3000/_next/static/chunks/node_modules_next_dist_1e8vcs8._.js:776
[  467836ms] [LOG] [Fast Refresh] done in 2250ms @ http://localhost:3000/_next/static/chunks/node_modules_next_dist_1e8vcs8._.js:776
[  467931ms] [LOG] [Fast Refresh] done in 2250ms @ http://localhost:3000/_next/static/chunks/node_modules_next_dist_1e8vcs8._.js:776
[  468017ms] [LOG] [Fast Refresh] done in 2250ms @ http://localhost:3000/_next/static/chunks/node_modules_next_dist_1e8vcs8._.js:776
[  468093ms] [LOG] [Fast Refresh] done in 2250ms @ http://localhost:3000/_next/static/chunks/node_modules_next_dist_1e8vcs8._.js:776
[  468247ms] [LOG] [Fast Refresh] done in 2250ms @ http://localhost:3000/_next/static/chunks/node_modules_next_dist_1e8vcs8._.js:776
[  468328ms] [LOG] [Fast Refresh] done in 2250ms @ http://localhost:3000/_next/static/chunks/node_modules_next_dist_1e8vcs8._.js:776
[  468447ms] [LOG] [Fast Refresh] done in 2250ms @ http://localhost:3000/_next/static/chunks/node_modules_next_dist_1e8vcs8._.js:776
[  468574ms] [LOG] [Fast Refresh] done in 2250ms @ http://localhost:3000/_next/static/chunks/node_modules_next_dist_1e8vcs8._.js:776
[  468648ms] [LOG] [Fast Refresh] done in 2250ms @ http://localhost:3000/_next/static/chunks/node_modules_next_dist_1e8vcs8._.js:776
[  468735ms] [LOG] [Fast Refresh] done in 2250ms @ http://localhost:3000/_next/static/chunks/node_modules_next_dist_1e8vcs8._.js:776
[  468837ms] [LOG] [Fast Refresh] done in 2250ms @ http://localhost:3000/_next/static/chunks/node_modules_next_dist_1e8vcs8._.js:776
[  468953ms] [LOG] [Fast Refresh] done in 2250ms @ http://localhost:3000/_next/static/chunks/node_modules_next_dist_1e8vcs8._.js:776
[  469056ms] [LOG] [Fast Refresh] done in 2250ms @ http://localhost:3000/_next/static/chunks/node_modules_next_dist_1e8vcs8._.js:776
[  469142ms] [LOG] [Fast Refresh] done in 2250ms @ http://localhost:3000/_next/static/chunks/node_modules_next_dist_1e8vcs8._.js:776
[  469263ms] [LOG] [Fast Refresh] done in 2250ms @ http://localhost:3000/_next/static/chunks/node_modules_next_dist_1e8vcs8._.js:776
[  469354ms] [LOG] [Fast Refresh] done in 2250ms @ http://localhost:3000/_next/static/chunks/node_modules_next_dist_1e8vcs8._.js:776
[  469446ms] [LOG] [Fast Refresh] done in 2250ms @ http://localhost:3000/_next/static/chunks/node_modules_next_dist_1e8vcs8._.js:776
[  469535ms] [LOG] [Fast Refresh] done in 2250ms @ http://localhost:3000/_next/static/chunks/node_modules_next_dist_1e8vcs8._.js:776
[  469629ms] [LOG] [Fast Refresh] done in 2250ms @ http://localhost:3000/_next/static/chunks/node_modules_next_dist_1e8vcs8._.js:776
[  469697ms] [LOG] [Fast Refresh] done in 2250ms @ http://localhost:3000/_next/static/chunks/node_modules_next_dist_1e8vcs8._.js:776
[  469790ms] [LOG] [Fast Refresh] done in 2250ms @ http://localhost:3000/_next/static/chunks/node_modules_next_dist_1e8vcs8._.js:776
[  469901ms] [LOG] [Fast Refresh] done in 2250ms @ http://localhost:3000/_next/static/chunks/node_modules_next_dist_1e8vcs8._.js:776
[  469987ms] [LOG] [Fast Refresh] done in 2250ms @ http://localhost:3000/_next/static/chunks/node_modules_next_dist_1e8vcs8._.js:776
[  470087ms] [LOG] [Fast Refresh] done in 2250ms @ http://localhost:3000/_next/static/chunks/node_modules_next_dist_1e8vcs8._.js:776
[  470234ms] [LOG] [Fast Refresh] done in 2250ms @ http://localhost:3000/_next/static/chunks/node_modules_next_dist_1e8vcs8._.js:776
[  470310ms] [LOG] [Fast Refresh] done in 2250ms @ http://localhost:3000/_next/static/chunks/node_modules_next_dist_1e8vcs8._.js:776
[  470404ms] [LOG] [Fast Refresh] done in 2250ms @ http://localhost:3000/_next/static/chunks/node_modules_next_dist_1e8vcs8._.js:776
[  470535ms] [LOG] [Fast Refresh] done in 2250ms @ http://localhost:3000/_next/static/chunks/node_modules_next_dist_1e8vcs8._.js:776
[  470619ms] [LOG] [Fast Refresh] done in 2250ms @ http://localhost:3000/_next/static/chunks/node_modules_next_dist_1e8vcs8._.js:776
[  470689ms] [LOG] [Fast Refresh] done in 2250ms @ http://localhost:3000/_next/static/chunks/node_modules_next_dist_1e8vcs8._.js:776
[  470807ms] [LOG] [Fast Refresh] done in 2250ms @ http://localhost:3000/_next/static/chunks/node_modules_next_dist_1e8vcs8._.js:776
[  470913ms] [LOG] [Fast Refresh] done in 2250ms @ http://localhost:3000/_next/static/chunks/node_modules_next_dist_1e8vcs8._.js:776
[  470994ms] [LOG] [Fast Refresh] done in 2250ms @ http://localhost:3000/_next/static/chunks/node_modules_next_dist_1e8vcs8._.js:776
[  471120ms] [LOG] [Fast Refresh] done in 2250ms @ http://localhost:3000/_next/static/chunks/node_modules_next_dist_1e8vcs8._.js:776
[  471220ms] [LOG] [Fast Refresh] done in 2250ms @ http://localhost:3000/_next/static/chunks/node_modules_next_dist_1e8vcs8._.js:776
[  471349ms] [LOG] [Fast Refresh] done in 2250ms @ http://localhost:3000/_next/static/chunks/node_modules_next_dist_1e8vcs8._.js:776
[  471450ms] [LOG] [Fast Refresh] done in 2250ms @ http://localhost:3000/_next/static/chunks/node_modules_next_dist_1e8vcs8._.js:776
[  471539ms] [LOG] [Fast Refresh] done in 2250ms @ http://localhost:3000/_next/static/chunks/node_modules_next_dist_1e8vcs8._.js:776
[  471640ms] [LOG] [Fast Refresh] done in 2250ms @ http://localhost:3000/_next/static/chunks/node_modules_next_dist_1e8vcs8._.js:776
[  471752ms] [LOG] [Fast Refresh] done in 2250ms @ http://localhost:3000/_next/static/chunks/node_modules_next_dist_1e8vcs8._.js:776
[  471833ms] [LOG] [Fast Refresh] done in 2250ms @ http://localhost:3000/_next/static/chunks/node_modules_next_dist_1e8vcs8._.js:776
[  471916ms] [LOG] [Fast Refresh] done in 2250ms @ http://localhost:3000/_next/static/chunks/node_modules_next_dist_1e8vcs8._.js:776
[  472008ms] [LOG] [Fast Refresh] done in 2250ms @ http://localhost:3000/_next/static/chunks/node_modules_next_dist_1e8vcs8._.js:776
[  472073ms] [LOG] [Fast Refresh] done in 2250ms @ http://localhost:3000/_next/static/chunks/node_modules_next_dist_1e8vcs8._.js:776
[  472152ms] [LOG] [Fast Refresh] done in 2250ms @ http://localhost:3000/_next/static/chunks/node_modules_next_dist_1e8vcs8._.js:776
[  472251ms] [LOG] [Fast Refresh] done in 2250ms @ http://localhost:3000/_next/static/chunks/node_modules_next_dist_1e8vcs8._.js:776
[  472334ms] [LOG] [Fast Refresh] done in 2250ms @ http://localhost:3000/_next/static/chunks/node_modules_next_dist_1e8vcs8._.js:776
[  472441ms] [LOG] [Fast Refresh] done in 2250ms @ http://localhost:3000/_next/static/chunks/node_modules_next_dist_1e8vcs8._.js:776
[  472523ms] [LOG] [Fast Refresh] done in 2250ms @ http://localhost:3000/_next/static/chunks/node_modules_next_dist_1e8vcs8._.js:776
[  472620ms] [LOG] [Fast Refresh] done in 2250ms @ http://localhost:3000/_next/static/chunks/node_modules_next_dist_1e8vcs8._.js:776
[  472716ms] [LOG] [Fast Refresh] done in 2250ms @ http://localhost:3000/_next/static/chunks/node_modules_next_dist_1e8vcs8._.js:776
[  472790ms] [LOG] [Fast Refresh] done in 2250ms @ http://localhost:3000/_next/static/chunks/node_modules_next_dist_1e8vcs8._.js:776
[  472882ms] [LOG] [Fast Refresh] done in 2250ms @ http://localhost:3000/_next/static/chunks/node_modules_next_dist_1e8vcs8._.js:776
[  472983ms] [LOG] [Fast Refresh] done in 2250ms @ http://localhost:3000/_next/static/chunks/node_modules_next_dist_1e8vcs8._.js:776
[  473074ms] [LOG] [Fast Refresh] done in 2250ms @ http://localhost:3000/_next/static/chunks/node_modules_next_dist_1e8vcs8._.js:776
[  473176ms] [LOG] [Fast Refresh] done in 2250ms @ http://localhost:3000/_next/static/chunks/node_modules_next_dist_1e8vcs8._.js:776
[  473246ms] [LOG] [Fast Refresh] done in 2250ms @ http://localhost:3000/_next/static/chunks/node_modules_next_dist_1e8vcs8._.js:776
[  473326ms] [LOG] [Fast Refresh] done in 2250ms @ http://localhost:3000/_next/static/chunks/node_modules_next_dist_1e8vcs8._.js:776
[  473416ms] [LOG] [Fast Refresh] done in 2250ms @ http://localhost:3000/_next/static/chunks/node_modules_next_dist_1e8vcs8._.js:776
[  473489ms] [LOG] [Fast Refresh] done in 2250ms @ http://localhost:3000/_next/static/chunks/node_modules_next_dist_1e8vcs8._.js:776
[  473624ms] [LOG] [Fast Refresh] done in 2250ms @ http://localhost:3000/_next/static/chunks/node_modules_next_dist_1e8vcs8._.js:776
[  473703ms] [LOG] [Fast Refresh] done in 2250ms @ http://localhost:3000/_next/static/chunks/node_modules_next_dist_1e8vcs8._.js:776
[  473794ms] [LOG] [Fast Refresh] done in 2250ms @ http://localhost:3000/_next/static/chunks/node_modules_next_dist_1e8vcs8._.js:776
[  473867ms] [LOG] [Fast Refresh] done in 2250ms @ http://localhost:3000/_next/static/chunks/node_modules_next_dist_1e8vcs8._.js:776
[  473959ms] [LOG] [Fast Refresh] done in 2250ms @ http://localhost:3000/_next/static/chunks/node_modules_next_dist_1e8vcs8._.js:776
[  474044ms] [LOG] [Fast Refresh] done in 2250ms @ http://localhost:3000/_next/static/chunks/node_modules_next_dist_1e8vcs8._.js:776
[  474135ms] [LOG] [Fast Refresh] done in 2250ms @ http://localhost:3000/_next/static/chunks/node_modules_next_dist_1e8vcs8._.js:776
[  474240ms] [LOG] [Fast Refresh] done in 2250ms @ http://localhost:3000/_next/static/chunks/node_modules_next_dist_1e8vcs8._.js:776
[  474355ms] [LOG] [Fast Refresh] done in 2250ms @ http://localhost:3000/_next/static/chunks/node_modules_next_dist_1e8vcs8._.js:776
[  474421ms] [LOG] [Fast Refresh] done in 2250ms @ http://localhost:3000/_next/static/chunks/node_modules_next_dist_1e8vcs8._.js:776
[  474484ms] [LOG] [Fast Refresh] done in 2250ms @ http://localhost:3000/_next/static/chunks/node_modules_next_dist_1e8vcs8._.js:776
[  474599ms] [LOG] [Fast Refresh] done in 2250ms @ http://localhost:3000/_next/static/chunks/node_modules_next_dist_1e8vcs8._.js:776
[  474675ms] [LOG] [Fast Refresh] done in 2250ms @ http://localhost:3000/_next/static/chunks/node_modules_next_dist_1e8vcs8._.js:776
[  474761ms] [LOG] [Fast Refresh] done in 2250ms @ http://localhost:3000/_next/static/chunks/node_modules_next_dist_1e8vcs8._.js:776
[  474865ms] [LOG] [Fast Refresh] done in 2250ms @ http://localhost:3000/_next/static/chunks/node_modules_next_dist_1e8vcs8._.js:776
[  474951ms] [LOG] [Fast Refresh] done in 2250ms @ http://localhost:3000/_next/static/chunks/node_modules_next_dist_1e8vcs8._.js:776
[  475027ms] [LOG] [Fast Refresh] done in 2250ms @ http://localhost:3000/_next/static/chunks/node_modules_next_dist_1e8vcs8._.js:776
[  475117ms] [LOG] [Fast Refresh] done in 2250ms @ http://localhost:3000/_next/static/chunks/node_modules_next_dist_1e8vcs8._.js:776
[  475188ms] [LOG] [Fast Refresh] done in 2250ms @ http://localhost:3000/_next/static/chunks/node_modules_next_dist_1e8vcs8._.js:776
[  475285ms] [LOG] [Fast Refresh] done in 2250ms @ http://localhost:3000/_next/static/chunks/node_modules_next_dist_1e8vcs8._.js:776
[  475389ms] [LOG] [Fast Refresh] done in 2250ms @ http://localhost:3000/_next/static/chunks/node_modules_next_dist_1e8vcs8._.js:776
[  475472ms] [LOG] [Fast Refresh] done in 2250ms @ http://localhost:3000/_next/static/chunks/node_modules_next_dist_1e8vcs8._.js:776
[  475559ms] [LOG] [Fast Refresh] done in 2250ms @ http://localhost:3000/_next/static/chunks/node_modules_next_dist_1e8vcs8._.js:776
[  475642ms] [LOG] [Fast Refresh] done in 2250ms @ http://localhost:3000/_next/static/chunks/node_modules_next_dist_1e8vcs8._.js:776
[  475731ms] [LOG] [Fast Refresh] done in 2250ms @ http://localhost:3000/_next/static/chunks/node_modules_next_dist_1e8vcs8._.js:776
[  475832ms] [LOG] [Fast Refresh] done in 2250ms @ http://localhost:3000/_next/static/chunks/node_modules_next_dist_1e8vcs8._.js:776
[  475978ms] [LOG] [Fast Refresh] done in 2250ms @ http://localhost:3000/_next/static/chunks/node_modules_next_dist_1e8vcs8._.js:776
[  476053ms] [LOG] [Fast Refresh] done in 2250ms @ http://localhost:3000/_next/static/chunks/node_modules_next_dist_1e8vcs8._.js:776
[  476122ms] [LOG] [Fast Refresh] done in 2250ms @ http://localhost:3000/_next/static/chunks/node_modules_next_dist_1e8vcs8._.js:776
[  476208ms] [LOG] [Fast Refresh] done in 2250ms @ http://localhost:3000/_next/static/chunks/node_modules_next_dist_1e8vcs8._.js:776
[  476287ms] [LOG] [Fast Refresh] done in 2250ms @ http://localhost:3000/_next/static/chunks/node_modules_next_dist_1e8vcs8._.js:776
[  476408ms] [LOG] [Fast Refresh] done in 2250ms @ http://localhost:3000/_next/static/chunks/node_modules_next_dist_1e8vcs8._.js:776
[  476516ms] [LOG] [Fast Refresh] done in 2250ms @ http://localhost:3000/_next/static/chunks/node_modules_next_dist_1e8vcs8._.js:776
[  476646ms] [LOG] [Fast Refresh] done in 2250ms @ http://localhost:3000/_next/static/chunks/node_modules_next_dist_1e8vcs8._.js:776
[  476734ms] [LOG] [Fast Refresh] done in 2250ms @ http://localhost:3000/_next/static/chunks/node_modules_next_dist_1e8vcs8._.js:776
[  476823ms] [LOG] [Fast Refresh] done in 2250ms @ http://localhost:3000/_next/static/chunks/node_modules_next_dist_1e8vcs8._.js:776
[  476952ms] [LOG] [Fast Refresh] done in 2250ms @ http://localhost:3000/_next/static/chunks/node_modules_next_dist_1e8vcs8._.js:776
[  477044ms] [LOG] [Fast Refresh] done in 2250ms @ http://localhost:3000/_next/static/chunks/node_modules_next_dist_1e8vcs8._.js:776
[  477101ms] [LOG] [Fast Refresh] done in 2250ms @ http://localhost:3000/_next/static/chunks/node_modules_next_dist_1e8vcs8._.js:776
[  477198ms] [LOG] [Fast Refresh] done in 2250ms @ http://localhost:3000/_next/static/chunks/node_modules_next_dist_1e8vcs8._.js:776
[  477313ms] [LOG] [Fast Refresh] done in 2250ms @ http://localhost:3000/_next/static/chunks/node_modules_next_dist_1e8vcs8._.js:776
[  477403ms] [LOG] [Fast Refresh] done in 2250ms @ http://localhost:3000/_next/static/chunks/node_modules_next_dist_1e8vcs8._.js:776
[  477484ms] [LOG] [Fast Refresh] done in 2250ms @ http://localhost:3000/_next/static/chunks/node_modules_next_dist_1e8vcs8._.js:776
[  477558ms] [LOG] [Fast Refresh] done in 2250ms @ http://localhost:3000/_next/static/chunks/node_modules_next_dist_1e8vcs8._.js:776
[  477642ms] [LOG] [Fast Refresh] done in 2250ms @ http://localhost:3000/_next/static/chunks/node_modules_next_dist_1e8vcs8._.js:776
[  477759ms] [LOG] [Fast Refresh] done in 2250ms @ http://localhost:3000/_next/static/chunks/node_modules_next_dist_1e8vcs8._.js:776
[  477904ms] [LOG] [Fast Refresh] done in 2250ms @ http://localhost:3000/_next/static/chunks/node_modules_next_dist_1e8vcs8._.js:776
[  478010ms] [LOG] [Fast Refresh] done in 2250ms @ http://localhost:3000/_next/static/chunks/node_modules_next_dist_1e8vcs8._.js:776
[  478103ms] [LOG] [Fast Refresh] done in 2250ms @ http://localhost:3000/_next/static/chunks/node_modules_next_dist_1e8vcs8._.js:776
[  478226ms] [LOG] [Fast Refresh] done in 2250ms @ http://localhost:3000/_next/static/chunks/node_modules_next_dist_1e8vcs8._.js:776
[  478311ms] [LOG] [Fast Refresh] done in 2250ms @ http://localhost:3000/_next/static/chunks/node_modules_next_dist_1e8vcs8._.js:776
[  478394ms] [LOG] [Fast Refresh] done in 2250ms @ http://localhost:3000/_next/static/chunks/node_modules_next_dist_1e8vcs8._.js:776
[  478536ms] [LOG] [Fast Refresh] done in 2250ms @ http://localhost:3000/_next/static/chunks/node_modules_next_dist_1e8vcs8._.js:776
[  478680ms] [LOG] [Fast Refresh] done in 2250ms @ http://localhost:3000/_next/static/chunks/node_modules_next_dist_1e8vcs8._.js:776
[  478774ms] [LOG] [Fast Refresh] done in 2250ms @ http://localhost:3000/_next/static/chunks/node_modules_next_dist_1e8vcs8._.js:776
[  478874ms] [LOG] [Fast Refresh] done in 2250ms @ http://localhost:3000/_next/static/chunks/node_modules_next_dist_1e8vcs8._.js:776
[  478989ms] [LOG] [Fast Refresh] done in 2250ms @ http://localhost:3000/_next/static/chunks/node_modules_next_dist_1e8vcs8._.js:776
[  479094ms] [LOG] [Fast Refresh] done in 2250ms @ http://localhost:3000/_next/static/chunks/node_modules_next_dist_1e8vcs8._.js:776
[  479183ms] [LOG] [Fast Refresh] done in 2250ms @ http://localhost:3000/_next/static/chunks/node_modules_next_dist_1e8vcs8._.js:776
[  479259ms] [LOG] [Fast Refresh] done in 2250ms @ http://localhost:3000/_next/static/chunks/node_modules_next_dist_1e8vcs8._.js:776
[  479348ms] [LOG] [Fast Refresh] done in 2250ms @ http://localhost:3000/_next/static/chunks/node_modules_next_dist_1e8vcs8._.js:776
[  479440ms] [LOG] [Fast Refresh] done in 2250ms @ http://localhost:3000/_next/static/chunks/node_modules_next_dist_1e8vcs8._.js:776
[  479506ms] [LOG] [Fast Refresh] done in 2250ms @ http://localhost:3000/_next/static/chunks/node_modules_next_dist_1e8vcs8._.js:776
[  479590ms] [LOG] [Fast Refresh] done in 2250ms @ http://localhost:3000/_next/static/chunks/node_modules_next_dist_1e8vcs8._.js:776
[  479659ms] [LOG] [Fast Refresh] done in 2250ms @ http://localhost:3000/_next/static/chunks/node_modules_next_dist_1e8vcs8._.js:776
[  479737ms] [LOG] [Fast Refresh] done in 2250ms @ http://localhost:3000/_next/static/chunks/node_modules_next_dist_1e8vcs8._.js:776
[  479819ms] [LOG] [Fast Refresh] done in 2250ms @ http://localhost:3000/_next/static/chunks/node_modules_next_dist_1e8vcs8._.js:776
[  479916ms] [LOG] [Fast Refresh] done in 2250ms @ http://localhost:3000/_next/static/chunks/node_modules_next_dist_1e8vcs8._.js:776
[  479972ms] [LOG] [Fast Refresh] done in 2250ms @ http://localhost:3000/_next/static/chunks/node_modules_next_dist_1e8vcs8._.js:776
[  480040ms] [LOG] [Fast Refresh] done in 2250ms @ http://localhost:3000/_next/static/chunks/node_modules_next_dist_1e8vcs8._.js:776
[  480137ms] [LOG] [Fast Refresh] done in 2250ms @ http://localhost:3000/_next/static/chunks/node_modules_next_dist_1e8vcs8._.js:776
[  480235ms] [LOG] [Fast Refresh] done in 2250ms @ http://localhost:3000/_next/static/chunks/node_modules_next_dist_1e8vcs8._.js:776
[  480297ms] [LOG] [Fast Refresh] done in 2250ms @ http://localhost:3000/_next/static/chunks/node_modules_next_dist_1e8vcs8._.js:776
[  480404ms] [LOG] [Fast Refresh] done in 2250ms @ http://localhost:3000/_next/static/chunks/node_modules_next_dist_1e8vcs8._.js:776
[  480500ms] [LOG] [Fast Refresh] done in 2250ms @ http://localhost:3000/_next/static/chunks/node_modules_next_dist_1e8vcs8._.js:776
[  480563ms] [LOG] [Fast Refresh] done in 2250ms @ http://localhost:3000/_next/static/chunks/node_modules_next_dist_1e8vcs8._.js:776
[  480666ms] [LOG] [Fast Refresh] done in 2250ms @ http://localhost:3000/_next/static/chunks/node_modules_next_dist_1e8vcs8._.js:776
[  480749ms] [LOG] [Fast Refresh] done in 2250ms @ http://localhost:3000/_next/static/chunks/node_modules_next_dist_1e8vcs8._.js:776
[  480826ms] [LOG] [Fast Refresh] done in 2250ms @ http://localhost:3000/_next/static/chunks/node_modules_next_dist_1e8vcs8._.js:776
[  480912ms] [LOG] [Fast Refresh] done in 2250ms @ http://localhost:3000/_next/static/chunks/node_modules_next_dist_1e8vcs8._.js:776
[  481012ms] [LOG] [Fast Refresh] done in 2250ms @ http://localhost:3000/_next/static/chunks/node_modules_next_dist_1e8vcs8._.js:776
[  481086ms] [LOG] [Fast Refresh] done in 2250ms @ http://localhost:3000/_next/static/chunks/node_modules_next_dist_1e8vcs8._.js:776
[  481219ms] [LOG] [Fast Refresh] done in 2250ms @ http://localhost:3000/_next/static/chunks/node_modules_next_dist_1e8vcs8._.js:776
[  481335ms] [LOG] [Fast Refresh] done in 2250ms @ http://localhost:3000/_next/static/chunks/node_modules_next_dist_1e8vcs8._.js:776
[  481453ms] [LOG] [Fast Refresh] done in 2250ms @ http://localhost:3000/_next/static/chunks/node_modules_next_dist_1e8vcs8._.js:776
[  481593ms] [LOG] [Fast Refresh] done in 2250ms @ http://localhost:3000/_next/static/chunks/node_modules_next_dist_1e8vcs8._.js:776
[  481697ms] [LOG] [Fast Refresh] done in 2250ms @ http://localhost:3000/_next/static/chunks/node_modules_next_dist_1e8vcs8._.js:776
[  481790ms] [LOG] [Fast Refresh] done in 2250ms @ http://localhost:3000/_next/static/chunks/node_modules_next_dist_1e8vcs8._.js:776
[  481859ms] [LOG] [Fast Refresh] done in 2250ms @ http://localhost:3000/_next/static/chunks/node_modules_next_dist_1e8vcs8._.js:776
[  481964ms] [LOG] [Fast Refresh] done in 2250ms @ http://localhost:3000/_next/static/chunks/node_modules_next_dist_1e8vcs8._.js:776
[  482032ms] [LOG] [Fast Refresh] done in 2250ms @ http://localhost:3000/_next/static/chunks/node_modules_next_dist_1e8vcs8._.js:776
[  482095ms] [LOG] [Fast Refresh] done in 2250ms @ http://localhost:3000/_next/static/chunks/node_modules_next_dist_1e8vcs8._.js:776
[  482176ms] [LOG] [Fast Refresh] done in 2250ms @ http://localhost:3000/_next/static/chunks/node_modules_next_dist_1e8vcs8._.js:776
[  482239ms] [LOG] [Fast Refresh] done in 2250ms @ http://localhost:3000/_next/static/chunks/node_modules_next_dist_1e8vcs8._.js:776
[  482344ms] [LOG] [Fast Refresh] done in 2250ms @ http://localhost:3000/_next/static/chunks/node_modules_next_dist_1e8vcs8._.js:776
[  482448ms] [LOG] [Fast Refresh] done in 2250ms @ http://localhost:3000/_next/static/chunks/node_modules_next_dist_1e8vcs8._.js:776
[  482531ms] [LOG] [Fast Refresh] done in 2250ms @ http://localhost:3000/_next/static/chunks/node_modules_next_dist_1e8vcs8._.js:776
[  482630ms] [LOG] [Fast Refresh] done in 2250ms @ http://localhost:3000/_next/static/chunks/node_modules_next_dist_1e8vcs8._.js:776
[  482726ms] [LOG] [Fast Refresh] done in 2250ms @ http://localhost:3000/_next/static/chunks/node_modules_next_dist_1e8vcs8._.js:776
[  482807ms] [LOG] [Fast Refresh] done in 2250ms @ http://localhost:3000/_next/static/chunks/node_modules_next_dist_1e8vcs8._.js:776
[  482875ms] [LOG] [Fast Refresh] done in 2250ms @ http://localhost:3000/_next/static/chunks/node_modules_next_dist_1e8vcs8._.js:776
[  482983ms] [LOG] [Fast Refresh] done in 2250ms @ http://localhost:3000/_next/static/chunks/node_modules_next_dist_1e8vcs8._.js:776
[  483060ms] [LOG] [Fast Refresh] done in 2250ms @ http://localhost:3000/_next/static/chunks/node_modules_next_dist_1e8vcs8._.js:776
[  483162ms] [LOG] [Fast Refresh] done in 2250ms @ http://localhost:3000/_next/static/chunks/node_modules_next_dist_1e8vcs8._.js:776
[  483254ms] [LOG] [Fast Refresh] done in 2250ms @ http://localhost:3000/_next/static/chunks/node_modules_next_dist_1e8vcs8._.js:776
[  483355ms] [LOG] [Fast Refresh] done in 2250ms @ http://localhost:3000/_next/static/chunks/node_modules_next_dist_1e8vcs8._.js:776
[  483423ms] [LOG] [Fast Refresh] done in 2250ms @ http://localhost:3000/_next/static/chunks/node_modules_next_dist_1e8vcs8._.js:776
[  483511ms] [LOG] [Fast Refresh] done in 2250ms @ http://localhost:3000/_next/static/chunks/node_modules_next_dist_1e8vcs8._.js:776
[  483580ms] [LOG] [Fast Refresh] done in 2250ms @ http://localhost:3000/_next/static/chunks/node_modules_next_dist_1e8vcs8._.js:776
[  483674ms] [LOG] [Fast Refresh] done in 2250ms @ http://localhost:3000/_next/static/chunks/node_modules_next_dist_1e8vcs8._.js:776
[  483751ms] [LOG] [Fast Refresh] done in 2250ms @ http://localhost:3000/_next/static/chunks/node_modules_next_dist_1e8vcs8._.js:776
[  483830ms] [LOG] [Fast Refresh] done in 2250ms @ http://localhost:3000/_next/static/chunks/node_modules_next_dist_1e8vcs8._.js:776
[  483902ms] [LOG] [Fast Refresh] done in 2250ms @ http://localhost:3000/_next/static/chunks/node_modules_next_dist_1e8vcs8._.js:776
[  483989ms] [LOG] [Fast Refresh] done in 2250ms @ http://localhost:3000/_next/static/chunks/node_modules_next_dist_1e8vcs8._.js:776
[  484081ms] [LOG] [Fast Refresh] done in 2250ms @ http://localhost:3000/_next/static/chunks/node_modules_next_dist_1e8vcs8._.js:776
[  484164ms] [LOG] [Fast Refresh] done in 2250ms @ http://localhost:3000/_next/static/chunks/node_modules_next_dist_1e8vcs8._.js:776
[  484271ms] [LOG] [Fast Refresh] done in 2250ms @ http://localhost:3000/_next/static/chunks/node_modules_next_dist_1e8vcs8._.js:776
[  484333ms] [LOG] [Fast Refresh] done in 2250ms @ http://localhost:3000/_next/static/chunks/node_modules_next_dist_1e8vcs8._.js:776
[  484391ms] [LOG] [Fast Refresh] done in 2250ms @ http://localhost:3000/_next/static/chunks/node_modules_next_dist_1e8vcs8._.js:776
[  484466ms] [LOG] [Fast Refresh] done in 2250ms @ http://localhost:3000/_next/static/chunks/node_modules_next_dist_1e8vcs8._.js:776
[  484559ms] [LOG] [Fast Refresh] done in 2250ms @ http://localhost:3000/_next/static/chunks/node_modules_next_dist_1e8vcs8._.js:776
[  484645ms] [LOG] [Fast Refresh] done in 2250ms @ http://localhost:3000/_next/static/chunks/node_modules_next_dist_1e8vcs8._.js:776
[  484747ms] [LOG] [Fast Refresh] done in 2250ms @ http://localhost:3000/_next/static/chunks/node_modules_next_dist_1e8vcs8._.js:776
[  484827ms] [LOG] [Fast Refresh] done in 2250ms @ http://localhost:3000/_next/static/chunks/node_modules_next_dist_1e8vcs8._.js:776
[  484935ms] [LOG] [Fast Refresh] done in 2250ms @ http://localhost:3000/_next/static/chunks/node_modules_next_dist_1e8vcs8._.js:776
[  485033ms] [LOG] [Fast Refresh] done in 2250ms @ http://localhost:3000/_next/static/chunks/node_modules_next_dist_1e8vcs8._.js:776
[  485111ms] [LOG] [Fast Refresh] done in 2250ms @ http://localhost:3000/_next/static/chunks/node_modules_next_dist_1e8vcs8._.js:776
[  485210ms] [LOG] [Fast Refresh] done in 2250ms @ http://localhost:3000/_next/static/chunks/node_modules_next_dist_1e8vcs8._.js:776
[  485279ms] [LOG] [Fast Refresh] done in 2250ms @ http://localhost:3000/_next/static/chunks/node_modules_next_dist_1e8vcs8._.js:776
[  485355ms] [LOG] [Fast Refresh] done in 2250ms @ http://localhost:3000/_next/static/chunks/node_modules_next_dist_1e8vcs8._.js:776
[  485423ms] [LOG] [Fast Refresh] done in 2250ms @ http://localhost:3000/_next/static/chunks/node_modules_next_dist_1e8vcs8._.js:776
[  485534ms] [LOG] [Fast Refresh] done in 2250ms @ http://localhost:3000/_next/static/chunks/node_modules_next_dist_1e8vcs8._.js:776
[  485621ms] [LOG] [Fast Refresh] done in 2250ms @ http://localhost:3000/_next/static/chunks/node_modules_next_dist_1e8vcs8._.js:776
[  485716ms] [LOG] [Fast Refresh] done in 2250ms @ http://localhost:3000/_next/static/chunks/node_modules_next_dist_1e8vcs8._.js:776
[  485816ms] [LOG] [Fast Refresh] done in 2250ms @ http://localhost:3000/_next/static/chunks/node_modules_next_dist_1e8vcs8._.js:776
[  485897ms] [LOG] [Fast Refresh] done in 2250ms @ http://localhost:3000/_next/static/chunks/node_modules_next_dist_1e8vcs8._.js:776
[  485976ms] [LOG] [Fast Refresh] done in 2250ms @ http://localhost:3000/_next/static/chunks/node_modules_next_dist_1e8vcs8._.js:776
[  486058ms] [LOG] [Fast Refresh] done in 2250ms @ http://localhost:3000/_next/static/chunks/node_modules_next_dist_1e8vcs8._.js:776
[  486133ms] [LOG] [Fast Refresh] done in 2250ms @ http://localhost:3000/_next/static/chunks/node_modules_next_dist_1e8vcs8._.js:776
[  486215ms] [LOG] [Fast Refresh] done in 2250ms @ http://localhost:3000/_next/static/chunks/node_modules_next_dist_1e8vcs8._.js:776
[  486297ms] [LOG] [Fast Refresh] done in 2250ms @ http://localhost:3000/_next/static/chunks/node_modules_next_dist_1e8vcs8._.js:776
[  486434ms] [LOG] [Fast Refresh] done in 2250ms @ http://localhost:3000/_next/static/chunks/node_modules_next_dist_1e8vcs8._.js:776
[  486498ms] [LOG] [Fast Refresh] done in 2250ms @ http://localhost:3000/_next/static/chunks/node_modules_next_dist_1e8vcs8._.js:776
[  486586ms] [LOG] [Fast Refresh] done in 2250ms @ http://localhost:3000/_next/static/chunks/node_modules_next_dist_1e8vcs8._.js:776
[  486676ms] [LOG] [Fast Refresh] done in 2250ms @ http://localhost:3000/_next/static/chunks/node_modules_next_dist_1e8vcs8._.js:776
[  486768ms] [LOG] [Fast Refresh] done in 2250ms @ http://localhost:3000/_next/static/chunks/node_modules_next_dist_1e8vcs8._.js:776
[  486856ms] [LOG] [Fast Refresh] done in 2250ms @ http://localhost:3000/_next/static/chunks/node_modules_next_dist_1e8vcs8._.js:776
[  486977ms] [LOG] [Fast Refresh] done in 2250ms @ http://localhost:3000/_next/static/chunks/node_modules_next_dist_1e8vcs8._.js:776
[  487100ms] [LOG] [Fast Refresh] done in 2250ms @ http://localhost:3000/_next/static/chunks/node_modules_next_dist_1e8vcs8._.js:776
[  487241ms] [LOG] [Fast Refresh] done in 2250ms @ http://localhost:3000/_next/static/chunks/node_modules_next_dist_1e8vcs8._.js:776
[  487357ms] [LOG] [Fast Refresh] done in 2250ms @ http://localhost:3000/_next/static/chunks/node_modules_next_dist_1e8vcs8._.js:776
[  487453ms] [LOG] [Fast Refresh] done in 2250ms @ http://localhost:3000/_next/static/chunks/node_modules_next_dist_1e8vcs8._.js:776
[  487544ms] [LOG] [Fast Refresh] done in 2250ms @ http://localhost:3000/_next/static/chunks/node_modules_next_dist_1e8vcs8._.js:776
[  487605ms] [LOG] [Fast Refresh] done in 2250ms @ http://localhost:3000/_next/static/chunks/node_modules_next_dist_1e8vcs8._.js:776
[  487668ms] [LOG] [Fast Refresh] done in 2250ms @ http://localhost:3000/_next/static/chunks/node_modules_next_dist_1e8vcs8._.js:776
[  487734ms] [LOG] [Fast Refresh] done in 2250ms @ http://localhost:3000/_next/static/chunks/node_modules_next_dist_1e8vcs8._.js:776
[  487836ms] [LOG] [Fast Refresh] done in 2250ms @ http://localhost:3000/_next/static/chunks/node_modules_next_dist_1e8vcs8._.js:776
[  487921ms] [LOG] [Fast Refresh] done in 2250ms @ http://localhost:3000/_next/static/chunks/node_modules_next_dist_1e8vcs8._.js:776
[  488047ms] [LOG] [Fast Refresh] done in 2250ms @ http://localhost:3000/_next/static/chunks/node_modules_next_dist_1e8vcs8._.js:776
[  488164ms] [LOG] [Fast Refresh] done in 2250ms @ http://localhost:3000/_next/static/chunks/node_modules_next_dist_1e8vcs8._.js:776
[  488248ms] [LOG] [Fast Refresh] done in 2250ms @ http://localhost:3000/_next/static/chunks/node_modules_next_dist_1e8vcs8._.js:776
[  488338ms] [LOG] [Fast Refresh] done in 2250ms @ http://localhost:3000/_next/static/chunks/node_modules_next_dist_1e8vcs8._.js:776
[  488486ms] [LOG] [Fast Refresh] done in 2250ms @ http://localhost:3000/_next/static/chunks/node_modules_next_dist_1e8vcs8._.js:776
[  488570ms] [LOG] [Fast Refresh] done in 2250ms @ http://localhost:3000/_next/static/chunks/node_modules_next_dist_1e8vcs8._.js:776
[  488670ms] [LOG] [Fast Refresh] done in 2250ms @ http://localhost:3000/_next/static/chunks/node_modules_next_dist_1e8vcs8._.js:776
[  488763ms] [LOG] [Fast Refresh] done in 2250ms @ http://localhost:3000/_next/static/chunks/node_modules_next_dist_1e8vcs8._.js:776
[  488876ms] [LOG] [Fast Refresh] done in 2250ms @ http://localhost:3000/_next/static/chunks/node_modules_next_dist_1e8vcs8._.js:776
[  488953ms] [LOG] [Fast Refresh] done in 2250ms @ http://localhost:3000/_next/static/chunks/node_modules_next_dist_1e8vcs8._.js:776
[  489071ms] [LOG] [Fast Refresh] done in 2250ms @ http://localhost:3000/_next/static/chunks/node_modules_next_dist_1e8vcs8._.js:776
[  489173ms] [LOG] [Fast Refresh] done in 2250ms @ http://localhost:3000/_next/static/chunks/node_modules_next_dist_1e8vcs8._.js:776
[  489253ms] [LOG] [Fast Refresh] done in 2250ms @ http://localhost:3000/_next/static/chunks/node_modules_next_dist_1e8vcs8._.js:776
[  489323ms] [LOG] [Fast Refresh] done in 2250ms @ http://localhost:3000/_next/static/chunks/node_modules_next_dist_1e8vcs8._.js:776
[  489427ms] [LOG] [Fast Refresh] done in 2250ms @ http://localhost:3000/_next/static/chunks/node_modules_next_dist_1e8vcs8._.js:776
[  489489ms] [LOG] [Fast Refresh] done in 2250ms @ http://localhost:3000/_next/static/chunks/node_modules_next_dist_1e8vcs8._.js:776
[  489582ms] [LOG] [Fast Refresh] done in 2250ms @ http://localhost:3000/_next/static/chunks/node_modules_next_dist_1e8vcs8._.js:776
[  489643ms] [LOG] [Fast Refresh] done in 2250ms @ http://localhost:3000/_next/static/chunks/node_modules_next_dist_1e8vcs8._.js:776
[  489759ms] [LOG] [Fast Refresh] done in 2250ms @ http://localhost:3000/_next/static/chunks/node_modules_next_dist_1e8vcs8._.js:776
[  489824ms] [LOG] [Fast Refresh] done in 2250ms @ http://localhost:3000/_next/static/chunks/node_modules_next_dist_1e8vcs8._.js:776
[  489898ms] [LOG] [Fast Refresh] done in 2250ms @ http://localhost:3000/_next/static/chunks/node_modules_next_dist_1e8vcs8._.js:776
[  489965ms] [LOG] [Fast Refresh] done in 2250ms @ http://localhost:3000/_next/static/chunks/node_modules_next_dist_1e8vcs8._.js:776
[  490058ms] [LOG] [Fast Refresh] done in 2250ms @ http://localhost:3000/_next/static/chunks/node_modules_next_dist_1e8vcs8._.js:776
[  490143ms] [LOG] [Fast Refresh] done in 2250ms @ http://localhost:3000/_next/static/chunks/node_modules_next_dist_1e8vcs8._.js:776
[  490227ms] [LOG] [Fast Refresh] done in 2250ms @ http://localhost:3000/_next/static/chunks/node_modules_next_dist_1e8vcs8._.js:776
[  490340ms] [LOG] [Fast Refresh] done in 2250ms @ http://localhost:3000/_next/static/chunks/node_modules_next_dist_1e8vcs8._.js:776
[  490428ms] [LOG] [Fast Refresh] done in 2250ms @ http://localhost:3000/_next/static/chunks/node_modules_next_dist_1e8vcs8._.js:776
[  490500ms] [LOG] [Fast Refresh] done in 2250ms @ http://localhost:3000/_next/static/chunks/node_modules_next_dist_1e8vcs8._.js:776
[  490577ms] [LOG] [Fast Refresh] done in 2250ms @ http://localhost:3000/_next/static/chunks/node_modules_next_dist_1e8vcs8._.js:776
[  490668ms] [LOG] [Fast Refresh] done in 2250ms @ http://localhost:3000/_next/static/chunks/node_modules_next_dist_1e8vcs8._.js:776
[  490748ms] [LOG] [Fast Refresh] done in 2250ms @ http://localhost:3000/_next/static/chunks/node_modules_next_dist_1e8vcs8._.js:776
[  490846ms] [LOG] [Fast Refresh] done in 2250ms @ http://localhost:3000/_next/static/chunks/node_modules_next_dist_1e8vcs8._.js:776
[  490914ms] [LOG] [Fast Refresh] done in 2250ms @ http://localhost:3000/_next/static/chunks/node_modules_next_dist_1e8vcs8._.js:776
[  490975ms] [LOG] [Fast Refresh] done in 2250ms @ http://localhost:3000/_next/static/chunks/node_modules_next_dist_1e8vcs8._.js:776
[  491070ms] [LOG] [Fast Refresh] done in 2250ms @ http://localhost:3000/_next/static/chunks/node_modules_next_dist_1e8vcs8._.js:776
[  491177ms] [LOG] [Fast Refresh] done in 2250ms @ http://localhost:3000/_next/static/chunks/node_modules_next_dist_1e8vcs8._.js:776
[  491267ms] [LOG] [Fast Refresh] done in 2250ms @ http://localhost:3000/_next/static/chunks/node_modules_next_dist_1e8vcs8._.js:776
[  491383ms] [LOG] [Fast Refresh] done in 2250ms @ http://localhost:3000/_next/static/chunks/node_modules_next_dist_1e8vcs8._.js:776
[  491469ms] [LOG] [Fast Refresh] done in 2250ms @ http://localhost:3000/_next/static/chunks/node_modules_next_dist_1e8vcs8._.js:776
[  491570ms] [LOG] [Fast Refresh] done in 2250ms @ http://localhost:3000/_next/static/chunks/node_modules_next_dist_1e8vcs8._.js:776
[  491642ms] [LOG] [Fast Refresh] done in 2250ms @ http://localhost:3000/_next/static/chunks/node_modules_next_dist_1e8vcs8._.js:776
[  491710ms] [LOG] [Fast Refresh] done in 2250ms @ http://localhost:3000/_next/static/chunks/node_modules_next_dist_1e8vcs8._.js:776
[  491767ms] [LOG] [Fast Refresh] done in 2250ms @ http://localhost:3000/_next/static/chunks/node_modules_next_dist_1e8vcs8._.js:776
[  491879ms] [LOG] [Fast Refresh] done in 2250ms @ http://localhost:3000/_next/static/chunks/node_modules_next_dist_1e8vcs8._.js:776
[  491957ms] [LOG] [Fast Refresh] done in 2250ms @ http://localhost:3000/_next/static/chunks/node_modules_next_dist_1e8vcs8._.js:776
[  492019ms] [LOG] [Fast Refresh] done in 2250ms @ http://localhost:3000/_next/static/chunks/node_modules_next_dist_1e8vcs8._.js:776
[  492154ms] [LOG] [Fast Refresh] done in 2250ms @ http://localhost:3000/_next/static/chunks/node_modules_next_dist_1e8vcs8._.js:776
[  492261ms] [LOG] [Fast Refresh] done in 2250ms @ http://localhost:3000/_next/static/chunks/node_modules_next_dist_1e8vcs8._.js:776
[  492336ms] [LOG] [Fast Refresh] done in 2250ms @ http://localhost:3000/_next/static/chunks/node_modules_next_dist_1e8vcs8._.js:776
[  492452ms] [LOG] [Fast Refresh] done in 2250ms @ http://localhost:3000/_next/static/chunks/node_modules_next_dist_1e8vcs8._.js:776
[  492553ms] [LOG] [Fast Refresh] done in 2250ms @ http://localhost:3000/_next/static/chunks/node_modules_next_dist_1e8vcs8._.js:776
[  492667ms] [LOG] [Fast Refresh] done in 2250ms @ http://localhost:3000/_next/static/chunks/node_modules_next_dist_1e8vcs8._.js:776
[  492745ms] [LOG] [Fast Refresh] done in 2250ms @ http://localhost:3000/_next/static/chunks/node_modules_next_dist_1e8vcs8._.js:776
[  492812ms] [LOG] [Fast Refresh] done in 2250ms @ http://localhost:3000/_next/static/chunks/node_modules_next_dist_1e8vcs8._.js:776
[  492889ms] [LOG] [Fast Refresh] done in 2250ms @ http://localhost:3000/_next/static/chunks/node_modules_next_dist_1e8vcs8._.js:776
[  492975ms] [LOG] [Fast Refresh] done in 2250ms @ http://localhost:3000/_next/static/chunks/node_modules_next_dist_1e8vcs8._.js:776
[  493033ms] [LOG] [Fast Refresh] done in 2250ms @ http://localhost:3000/_next/static/chunks/node_modules_next_dist_1e8vcs8._.js:776
[  493122ms] [LOG] [Fast Refresh] done in 2250ms @ http://localhost:3000/_next/static/chunks/node_modules_next_dist_1e8vcs8._.js:776
[  493218ms] [LOG] [Fast Refresh] done in 2250ms @ http://localhost:3000/_next/static/chunks/node_modules_next_dist_1e8vcs8._.js:776
[  493328ms] [LOG] [Fast Refresh] done in 2250ms @ http://localhost:3000/_next/static/chunks/node_modules_next_dist_1e8vcs8._.js:776
[  493436ms] [LOG] [Fast Refresh] done in 2250ms @ http://localhost:3000/_next/static/chunks/node_modules_next_dist_1e8vcs8._.js:776
[  493521ms] [LOG] [Fast Refresh] done in 2250ms @ http://localhost:3000/_next/static/chunks/node_modules_next_dist_1e8vcs8._.js:776
[  493605ms] [LOG] [Fast Refresh] done in 2250ms @ http://localhost:3000/_next/static/chunks/node_modules_next_dist_1e8vcs8._.js:776
[  493682ms] [LOG] [Fast Refresh] done in 2250ms @ http://localhost:3000/_next/static/chunks/node_modules_next_dist_1e8vcs8._.js:776
[  493785ms] [LOG] [Fast Refresh] done in 2250ms @ http://localhost:3000/_next/static/chunks/node_modules_next_dist_1e8vcs8._.js:776
[  493878ms] [LOG] [Fast Refresh] done in 2250ms @ http://localhost:3000/_next/static/chunks/node_modules_next_dist_1e8vcs8._.js:776
[  493976ms] [LOG] [Fast Refresh] done in 2250ms @ http://localhost:3000/_next/static/chunks/node_modules_next_dist_1e8vcs8._.js:776
[  494073ms] [LOG] [Fast Refresh] done in 2250ms @ http://localhost:3000/_next/static/chunks/node_modules_next_dist_1e8vcs8._.js:776
[  494163ms] [LOG] [Fast Refresh] done in 2250ms @ http://localhost:3000/_next/static/chunks/node_modules_next_dist_1e8vcs8._.js:776
[  494257ms] [LOG] [Fast Refresh] done in 2250ms @ http://localhost:3000/_next/static/chunks/node_modules_next_dist_1e8vcs8._.js:776
[  494356ms] [LOG] [Fast Refresh] done in 2250ms @ http://localhost:3000/_next/static/chunks/node_modules_next_dist_1e8vcs8._.js:776
[  494472ms] [LOG] [Fast Refresh] done in 2250ms @ http://localhost:3000/_next/static/chunks/node_modules_next_dist_1e8vcs8._.js:776
[  494543ms] [LOG] [Fast Refresh] done in 2250ms @ http://localhost:3000/_next/static/chunks/node_modules_next_dist_1e8vcs8._.js:776
[  494656ms] [LOG] [Fast Refresh] done in 2250ms @ http://localhost:3000/_next/static/chunks/node_modules_next_dist_1e8vcs8._.js:776
[  494730ms] [LOG] [Fast Refresh] done in 2250ms @ http://localhost:3000/_next/static/chunks/node_modules_next_dist_1e8vcs8._.js:776
[  494821ms] [LOG] [Fast Refresh] done in 2250ms @ http://localhost:3000/_next/static/chunks/node_modules_next_dist_1e8vcs8._.js:776
[  494908ms] [LOG] [Fast Refresh] done in 2250ms @ http://localhost:3000/_next/static/chunks/node_modules_next_dist_1e8vcs8._.js:776
[  494972ms] [LOG] [Fast Refresh] done in 2250ms @ http://localhost:3000/_next/static/chunks/node_modules_next_dist_1e8vcs8._.js:776
[  495082ms] [LOG] [Fast Refresh] done in 2250ms @ http://localhost:3000/_next/static/chunks/node_modules_next_dist_1e8vcs8._.js:776
[  495159ms] [LOG] [Fast Refresh] done in 2250ms @ http://localhost:3000/_next/static/chunks/node_modules_next_dist_1e8vcs8._.js:776
[  495217ms] [LOG] [Fast Refresh] done in 2250ms @ http://localhost:3000/_next/static/chunks/node_modules_next_dist_1e8vcs8._.js:776
[  495281ms] [LOG] [Fast Refresh] done in 2250ms @ http://localhost:3000/_next/static/chunks/node_modules_next_dist_1e8vcs8._.js:776
[  495377ms] [LOG] [Fast Refresh] done in 2250ms @ http://localhost:3000/_next/static/chunks/node_modules_next_dist_1e8vcs8._.js:776
[  495476ms] [LOG] [Fast Refresh] done in 2250ms @ http://localhost:3000/_next/static/chunks/node_modules_next_dist_1e8vcs8._.js:776
[  495586ms] [LOG] [Fast Refresh] done in 2250ms @ http://localhost:3000/_next/static/chunks/node_modules_next_dist_1e8vcs8._.js:776
[  495666ms] [LOG] [Fast Refresh] done in 2250ms @ http://localhost:3000/_next/static/chunks/node_modules_next_dist_1e8vcs8._.js:776
[  495761ms] [LOG] [Fast Refresh] done in 2250ms @ http://localhost:3000/_next/static/chunks/node_modules_next_dist_1e8vcs8._.js:776
[  495862ms] [LOG] [Fast Refresh] done in 2250ms @ http://localhost:3000/_next/static/chunks/node_modules_next_dist_1e8vcs8._.js:776
[  495976ms] [LOG] [Fast Refresh] done in 2250ms @ http://localhost:3000/_next/static/chunks/node_modules_next_dist_1e8vcs8._.js:776
[  496048ms] [LOG] [Fast Refresh] done in 2250ms @ http://localhost:3000/_next/static/chunks/node_modules_next_dist_1e8vcs8._.js:776
[  496131ms] [LOG] [Fast Refresh] done in 2250ms @ http://localhost:3000/_next/static/chunks/node_modules_next_dist_1e8vcs8._.js:776
[  496203ms] [LOG] [Fast Refresh] done in 2250ms @ http://localhost:3000/_next/static/chunks/node_modules_next_dist_1e8vcs8._.js:776
[  496277ms] [LOG] [Fast Refresh] done in 2250ms @ http://localhost:3000/_next/static/chunks/node_modules_next_dist_1e8vcs8._.js:776
[  496374ms] [LOG] [Fast Refresh] done in 2250ms @ http://localhost:3000/_next/static/chunks/node_modules_next_dist_1e8vcs8._.js:776
[  496471ms] [LOG] [Fast Refresh] done in 2250ms @ http://localhost:3000/_next/static/chunks/node_modules_next_dist_1e8vcs8._.js:776
[  496537ms] [LOG] [Fast Refresh] done in 2250ms @ http://localhost:3000/_next/static/chunks/node_modules_next_dist_1e8vcs8._.js:776
[  496642ms] [LOG] [Fast Refresh] done in 2250ms @ http://localhost:3000/_next/static/chunks/node_modules_next_dist_1e8vcs8._.js:776
[  496732ms] [LOG] [Fast Refresh] done in 2250ms @ http://localhost:3000/_next/static/chunks/node_modules_next_dist_1e8vcs8._.js:776
[  496841ms] [LOG] [Fast Refresh] done in 2250ms @ http://localhost:3000/_next/static/chunks/node_modules_next_dist_1e8vcs8._.js:776
[  496939ms] [LOG] [Fast Refresh] done in 2250ms @ http://localhost:3000/_next/static/chunks/node_modules_next_dist_1e8vcs8._.js:776
[  497022ms] [LOG] [Fast Refresh] done in 2250ms @ http://localhost:3000/_next/static/chunks/node_modules_next_dist_1e8vcs8._.js:776
[  497097ms] [LOG] [Fast Refresh] done in 2250ms @ http://localhost:3000/_next/static/chunks/node_modules_next_dist_1e8vcs8._.js:776
[  497168ms] [LOG] [Fast Refresh] done in 2250ms @ http://localhost:3000/_next/static/chunks/node_modules_next_dist_1e8vcs8._.js:776
[  497222ms] [LOG] [Fast Refresh] done in 2250ms @ http://localhost:3000/_next/static/chunks/node_modules_next_dist_1e8vcs8._.js:776
[  497318ms] [LOG] [Fast Refresh] done in 2250ms @ http://localhost:3000/_next/static/chunks/node_modules_next_dist_1e8vcs8._.js:776
[  497412ms] [LOG] [Fast Refresh] done in 2250ms @ http://localhost:3000/_next/static/chunks/node_modules_next_dist_1e8vcs8._.js:776
[  497474ms] [LOG] [Fast Refresh] done in 2250ms @ http://localhost:3000/_next/static/chunks/node_modules_next_dist_1e8vcs8._.js:776
[  497556ms] [LOG] [Fast Refresh] done in 2250ms @ http://localhost:3000/_next/static/chunks/node_modules_next_dist_1e8vcs8._.js:776
[  497640ms] [LOG] [Fast Refresh] done in 2250ms @ http://localhost:3000/_next/static/chunks/node_modules_next_dist_1e8vcs8._.js:776
[  497726ms] [LOG] [Fast Refresh] done in 2250ms @ http://localhost:3000/_next/static/chunks/node_modules_next_dist_1e8vcs8._.js:776
[  497820ms] [LOG] [Fast Refresh] done in 2250ms @ http://localhost:3000/_next/static/chunks/node_modules_next_dist_1e8vcs8._.js:776
[  497903ms] [LOG] [Fast Refresh] done in 2250ms @ http://localhost:3000/_next/static/chunks/node_modules_next_dist_1e8vcs8._.js:776
[  498037ms] [LOG] [Fast Refresh] done in 2250ms @ http://localhost:3000/_next/static/chunks/node_modules_next_dist_1e8vcs8._.js:776
[  498152ms] [LOG] [Fast Refresh] done in 2250ms @ http://localhost:3000/_next/static/chunks/node_modules_next_dist_1e8vcs8._.js:776
[  498266ms] [LOG] [Fast Refresh] done in 2250ms @ http://localhost:3000/_next/static/chunks/node_modules_next_dist_1e8vcs8._.js:776
[  498405ms] [LOG] [Fast Refresh] done in 2250ms @ http://localhost:3000/_next/static/chunks/node_modules_next_dist_1e8vcs8._.js:776
[  498526ms] [LOG] [Fast Refresh] done in 2250ms @ http://localhost:3000/_next/static/chunks/node_modules_next_dist_1e8vcs8._.js:776
[  498615ms] [LOG] [Fast Refresh] done in 2250ms @ http://localhost:3000/_next/static/chunks/node_modules_next_dist_1e8vcs8._.js:776
[  498734ms] [LOG] [Fast Refresh] done in 2250ms @ http://localhost:3000/_next/static/chunks/node_modules_next_dist_1e8vcs8._.js:776
[  498873ms] [LOG] [Fast Refresh] done in 2250ms @ http://localhost:3000/_next/static/chunks/node_modules_next_dist_1e8vcs8._.js:776
[  498967ms] [LOG] [Fast Refresh] done in 2250ms @ http://localhost:3000/_next/static/chunks/node_modules_next_dist_1e8vcs8._.js:776
[  499071ms] [LOG] [Fast Refresh] done in 2250ms @ http://localhost:3000/_next/static/chunks/node_modules_next_dist_1e8vcs8._.js:776
[  499156ms] [LOG] [Fast Refresh] done in 2250ms @ http://localhost:3000/_next/static/chunks/node_modules_next_dist_1e8vcs8._.js:776
[  499245ms] [LOG] [Fast Refresh] done in 2250ms @ http://localhost:3000/_next/static/chunks/node_modules_next_dist_1e8vcs8._.js:776
[  499321ms] [LOG] [Fast Refresh] done in 2250ms @ http://localhost:3000/_next/static/chunks/node_modules_next_dist_1e8vcs8._.js:776
[  499376ms] [LOG] [Fast Refresh] done in 2250ms @ http://localhost:3000/_next/static/chunks/node_modules_next_dist_1e8vcs8._.js:776
[  499486ms] [LOG] [Fast Refresh] done in 2250ms @ http://localhost:3000/_next/static/chunks/node_modules_next_dist_1e8vcs8._.js:776
[  499571ms] [LOG] [Fast Refresh] done in 2250ms @ http://localhost:3000/_next/static/chunks/node_modules_next_dist_1e8vcs8._.js:776
[  499670ms] [LOG] [Fast Refresh] done in 2250ms @ http://localhost:3000/_next/static/chunks/node_modules_next_dist_1e8vcs8._.js:776
[  499770ms] [LOG] [Fast Refresh] done in 2250ms @ http://localhost:3000/_next/static/chunks/node_modules_next_dist_1e8vcs8._.js:776
[  499832ms] [LOG] [Fast Refresh] done in 2250ms @ http://localhost:3000/_next/static/chunks/node_modules_next_dist_1e8vcs8._.js:776
[  499915ms] [LOG] [Fast Refresh] done in 2250ms @ http://localhost:3000/_next/static/chunks/node_modules_next_dist_1e8vcs8._.js:776
[  500023ms] [LOG] [Fast Refresh] done in 2250ms @ http://localhost:3000/_next/static/chunks/node_modules_next_dist_1e8vcs8._.js:776
[  500098ms] [LOG] [Fast Refresh] done in 2250ms @ http://localhost:3000/_next/static/chunks/node_modules_next_dist_1e8vcs8._.js:776
[  500209ms] [LOG] [Fast Refresh] done in 2250ms @ http://localhost:3000/_next/static/chunks/node_modules_next_dist_1e8vcs8._.js:776
[  500307ms] [LOG] [Fast Refresh] done in 2250ms @ http://localhost:3000/_next/static/chunks/node_modules_next_dist_1e8vcs8._.js:776
[  500395ms] [LOG] [Fast Refresh] done in 2250ms @ http://localhost:3000/_next/static/chunks/node_modules_next_dist_1e8vcs8._.js:776
[  500490ms] [LOG] [Fast Refresh] done in 2250ms @ http://localhost:3000/_next/static/chunks/node_modules_next_dist_1e8vcs8._.js:776
[  500575ms] [LOG] [Fast Refresh] done in 2250ms @ http://localhost:3000/_next/static/chunks/node_modules_next_dist_1e8vcs8._.js:776
[  500638ms] [LOG] [Fast Refresh] done in 2250ms @ http://localhost:3000/_next/static/chunks/node_modules_next_dist_1e8vcs8._.js:776
[  500722ms] [LOG] [Fast Refresh] done in 2250ms @ http://localhost:3000/_next/static/chunks/node_modules_next_dist_1e8vcs8._.js:776
[  500826ms] [LOG] [Fast Refresh] done in 2250ms @ http://localhost:3000/_next/static/chunks/node_modules_next_dist_1e8vcs8._.js:776
[  500907ms] [LOG] [Fast Refresh] done in 2250ms @ http://localhost:3000/_next/static/chunks/node_modules_next_dist_1e8vcs8._.js:776
[  500970ms] [LOG] [Fast Refresh] done in 2250ms @ http://localhost:3000/_next/static/chunks/node_modules_next_dist_1e8vcs8._.js:776
[  501032ms] [LOG] [Fast Refresh] done in 2250ms @ http://localhost:3000/_next/static/chunks/node_modules_next_dist_1e8vcs8._.js:776
[  501175ms] [LOG] [Fast Refresh] done in 2250ms @ http://localhost:3000/_next/static/chunks/node_modules_next_dist_1e8vcs8._.js:776
[  501238ms] [LOG] [Fast Refresh] done in 2250ms @ http://localhost:3000/_next/static/chunks/node_modules_next_dist_1e8vcs8._.js:776
[  501320ms] [LOG] [Fast Refresh] done in 2250ms @ http://localhost:3000/_next/static/chunks/node_modules_next_dist_1e8vcs8._.js:776
[  501411ms] [LOG] [Fast Refresh] done in 2250ms @ http://localhost:3000/_next/static/chunks/node_modules_next_dist_1e8vcs8._.js:776
[  501492ms] [LOG] [Fast Refresh] done in 2250ms @ http://localhost:3000/_next/static/chunks/node_modules_next_dist_1e8vcs8._.js:776
[  501587ms] [LOG] [Fast Refresh] done in 2250ms @ http://localhost:3000/_next/static/chunks/node_modules_next_dist_1e8vcs8._.js:776
[  501708ms] [LOG] [Fast Refresh] done in 2250ms @ http://localhost:3000/_next/static/chunks/node_modules_next_dist_1e8vcs8._.js:776
[  501825ms] [LOG] [Fast Refresh] done in 2250ms @ http://localhost:3000/_next/static/chunks/node_modules_next_dist_1e8vcs8._.js:776
[  501936ms] [LOG] [Fast Refresh] done in 2250ms @ http://localhost:3000/_next/static/chunks/node_modules_next_dist_1e8vcs8._.js:776
[  502049ms] [LOG] [Fast Refresh] done in 2250ms @ http://localhost:3000/_next/static/chunks/node_modules_next_dist_1e8vcs8._.js:776
[  502154ms] [LOG] [Fast Refresh] done in 2250ms @ http://localhost:3000/_next/static/chunks/node_modules_next_dist_1e8vcs8._.js:776
[  502270ms] [LOG] [Fast Refresh] done in 2250ms @ http://localhost:3000/_next/static/chunks/node_modules_next_dist_1e8vcs8._.js:776
[  502353ms] [LOG] [Fast Refresh] done in 2250ms @ http://localhost:3000/_next/static/chunks/node_modules_next_dist_1e8vcs8._.js:776
[  502457ms] [LOG] [Fast Refresh] done in 2250ms @ http://localhost:3000/_next/static/chunks/node_modules_next_dist_1e8vcs8._.js:776
[  502520ms] [LOG] [Fast Refresh] done in 2250ms @ http://localhost:3000/_next/static/chunks/node_modules_next_dist_1e8vcs8._.js:776
[  502589ms] [LOG] [Fast Refresh] done in 2250ms @ http://localhost:3000/_next/static/chunks/node_modules_next_dist_1e8vcs8._.js:776
[  502662ms] [LOG] [Fast Refresh] done in 2250ms @ http://localhost:3000/_next/static/chunks/node_modules_next_dist_1e8vcs8._.js:776
[  502765ms] [LOG] [Fast Refresh] done in 2250ms @ http://localhost:3000/_next/static/chunks/node_modules_next_dist_1e8vcs8._.js:776
[  502867ms] [LOG] [Fast Refresh] done in 2250ms @ http://localhost:3000/_next/static/chunks/node_modules_next_dist_1e8vcs8._.js:776
[  502990ms] [LOG] [Fast Refresh] done in 2250ms @ http://localhost:3000/_next/static/chunks/node_modules_next_dist_1e8vcs8._.js:776
[  503071ms] [LOG] [Fast Refresh] done in 2250ms @ http://localhost:3000/_next/static/chunks/node_modules_next_dist_1e8vcs8._.js:776
[  503196ms] [LOG] [Fast Refresh] done in 2250ms @ http://localhost:3000/_next/static/chunks/node_modules_next_dist_1e8vcs8._.js:776
[  503275ms] [LOG] [Fast Refresh] done in 2250ms @ http://localhost:3000/_next/static/chunks/node_modules_next_dist_1e8vcs8._.js:776
[  503393ms] [LOG] [Fast Refresh] done in 2250ms @ http://localhost:3000/_next/static/chunks/node_modules_next_dist_1e8vcs8._.js:776
[  503511ms] [LOG] [Fast Refresh] done in 2250ms @ http://localhost:3000/_next/static/chunks/node_modules_next_dist_1e8vcs8._.js:776
[  503604ms] [LOG] [Fast Refresh] done in 2250ms @ http://localhost:3000/_next/static/chunks/node_modules_next_dist_1e8vcs8._.js:776
[  503673ms] [LOG] [Fast Refresh] done in 2250ms @ http://localhost:3000/_next/static/chunks/node_modules_next_dist_1e8vcs8._.js:776
[  503774ms] [LOG] [Fast Refresh] done in 2250ms @ http://localhost:3000/_next/static/chunks/node_modules_next_dist_1e8vcs8._.js:776
[  503869ms] [LOG] [Fast Refresh] done in 2250ms @ http://localhost:3000/_next/static/chunks/node_modules_next_dist_1e8vcs8._.js:776
[  503958ms] [LOG] [Fast Refresh] done in 2250ms @ http://localhost:3000/_next/static/chunks/node_modules_next_dist_1e8vcs8._.js:776
[  504054ms] [LOG] [Fast Refresh] done in 2250ms @ http://localhost:3000/_next/static/chunks/node_modules_next_dist_1e8vcs8._.js:776
[  504138ms] [LOG] [Fast Refresh] done in 2250ms @ http://localhost:3000/_next/static/chunks/node_modules_next_dist_1e8vcs8._.js:776
[  504210ms] [LOG] [Fast Refresh] done in 2250ms @ http://localhost:3000/_next/static/chunks/node_modules_next_dist_1e8vcs8._.js:776
[  504301ms] [LOG] [Fast Refresh] done in 2250ms @ http://localhost:3000/_next/static/chunks/node_modules_next_dist_1e8vcs8._.js:776
[  504381ms] [LOG] [Fast Refresh] done in 2250ms @ http://localhost:3000/_next/static/chunks/node_modules_next_dist_1e8vcs8._.js:776
[  504439ms] [LOG] [Fast Refresh] done in 2250ms @ http://localhost:3000/_next/static/chunks/node_modules_next_dist_1e8vcs8._.js:776
[  504539ms] [LOG] [Fast Refresh] done in 2250ms @ http://localhost:3000/_next/static/chunks/node_modules_next_dist_1e8vcs8._.js:776
[  504628ms] [LOG] [Fast Refresh] done in 2250ms @ http://localhost:3000/_next/static/chunks/node_modules_next_dist_1e8vcs8._.js:776
[  504689ms] [LOG] [Fast Refresh] done in 2250ms @ http://localhost:3000/_next/static/chunks/node_modules_next_dist_1e8vcs8._.js:776
[  504813ms] [LOG] [Fast Refresh] done in 2250ms @ http://localhost:3000/_next/static/chunks/node_modules_next_dist_1e8vcs8._.js:776
[  504908ms] [LOG] [Fast Refresh] done in 2250ms @ http://localhost:3000/_next/static/chunks/node_modules_next_dist_1e8vcs8._.js:776
[  504993ms] [LOG] [Fast Refresh] done in 2250ms @ http://localhost:3000/_next/static/chunks/node_modules_next_dist_1e8vcs8._.js:776
[  505076ms] [LOG] [Fast Refresh] done in 2250ms @ http://localhost:3000/_next/static/chunks/node_modules_next_dist_1e8vcs8._.js:776
[  505166ms] [LOG] [Fast Refresh] done in 2250ms @ http://localhost:3000/_next/static/chunks/node_modules_next_dist_1e8vcs8._.js:776
[  505255ms] [LOG] [Fast Refresh] done in 2250ms @ http://localhost:3000/_next/static/chunks/node_modules_next_dist_1e8vcs8._.js:776
[  505365ms] [LOG] [Fast Refresh] done in 2250ms @ http://localhost:3000/_next/static/chunks/node_modules_next_dist_1e8vcs8._.js:776
[  505465ms] [LOG] [Fast Refresh] done in 2250ms @ http://localhost:3000/_next/static/chunks/node_modules_next_dist_1e8vcs8._.js:776
[  505558ms] [LOG] [Fast Refresh] done in 2250ms @ http://localhost:3000/_next/static/chunks/node_modules_next_dist_1e8vcs8._.js:776
[  505637ms] [LOG] [Fast Refresh] done in 2250ms @ http://localhost:3000/_next/static/chunks/node_modules_next_dist_1e8vcs8._.js:776
[  505731ms] [LOG] [Fast Refresh] done in 2250ms @ http://localhost:3000/_next/static/chunks/node_modules_next_dist_1e8vcs8._.js:776
[  505806ms] [LOG] [Fast Refresh] done in 2250ms @ http://localhost:3000/_next/static/chunks/node_modules_next_dist_1e8vcs8._.js:776
[  505907ms] [LOG] [Fast Refresh] done in 2250ms @ http://localhost:3000/_next/static/chunks/node_modules_next_dist_1e8vcs8._.js:776
[  505980ms] [LOG] [Fast Refresh] done in 2250ms @ http://localhost:3000/_next/static/chunks/node_modules_next_dist_1e8vcs8._.js:776
[  506057ms] [LOG] [Fast Refresh] done in 2250ms @ http://localhost:3000/_next/static/chunks/node_modules_next_dist_1e8vcs8._.js:776
[  506169ms] [LOG] [Fast Refresh] done in 2250ms @ http://localhost:3000/_next/static/chunks/node_modules_next_dist_1e8vcs8._.js:776
[  506267ms] [LOG] [Fast Refresh] done in 2250ms @ http://localhost:3000/_next/static/chunks/node_modules_next_dist_1e8vcs8._.js:776
[  506359ms] [LOG] [Fast Refresh] done in 2250ms @ http://localhost:3000/_next/static/chunks/node_modules_next_dist_1e8vcs8._.js:776
[  506476ms] [LOG] [Fast Refresh] done in 2250ms @ http://localhost:3000/_next/static/chunks/node_modules_next_dist_1e8vcs8._.js:776
[  506564ms] [LOG] [Fast Refresh] done in 2250ms @ http://localhost:3000/_next/static/chunks/node_modules_next_dist_1e8vcs8._.js:776
[  506663ms] [LOG] [Fast Refresh] done in 2250ms @ http://localhost:3000/_next/static/chunks/node_modules_next_dist_1e8vcs8._.js:776
[  506735ms] [LOG] [Fast Refresh] done in 2250ms @ http://localhost:3000/_next/static/chunks/node_modules_next_dist_1e8vcs8._.js:776
[  506840ms] [LOG] [Fast Refresh] done in 2250ms @ http://localhost:3000/_next/static/chunks/node_modules_next_dist_1e8vcs8._.js:776
[  506926ms] [LOG] [Fast Refresh] done in 2250ms @ http://localhost:3000/_next/static/chunks/node_modules_next_dist_1e8vcs8._.js:776
[  507002ms] [LOG] [Fast Refresh] done in 2250ms @ http://localhost:3000/_next/static/chunks/node_modules_next_dist_1e8vcs8._.js:776
[  507089ms] [LOG] [Fast Refresh] done in 2250ms @ http://localhost:3000/_next/static/chunks/node_modules_next_dist_1e8vcs8._.js:776
[  507194ms] [LOG] [Fast Refresh] done in 2250ms @ http://localhost:3000/_next/static/chunks/node_modules_next_dist_1e8vcs8._.js:776
[  507305ms] [LOG] [Fast Refresh] done in 2250ms @ http://localhost:3000/_next/static/chunks/node_modules_next_dist_1e8vcs8._.js:776
[  507434ms] [LOG] [Fast Refresh] done in 2250ms @ http://localhost:3000/_next/static/chunks/node_modules_next_dist_1e8vcs8._.js:776
[  507547ms] [LOG] [Fast Refresh] done in 2250ms @ http://localhost:3000/_next/static/chunks/node_modules_next_dist_1e8vcs8._.js:776
[  507673ms] [LOG] [Fast Refresh] done in 2250ms @ http://localhost:3000/_next/static/chunks/node_modules_next_dist_1e8vcs8._.js:776
[  507788ms] [LOG] [Fast Refresh] done in 2250ms @ http://localhost:3000/_next/static/chunks/node_modules_next_dist_1e8vcs8._.js:776
[  507893ms] [LOG] [Fast Refresh] done in 2250ms @ http://localhost:3000/_next/static/chunks/node_modules_next_dist_1e8vcs8._.js:776
[  507980ms] [LOG] [Fast Refresh] done in 2250ms @ http://localhost:3000/_next/static/chunks/node_modules_next_dist_1e8vcs8._.js:776
[  508042ms] [LOG] [Fast Refresh] done in 2250ms @ http://localhost:3000/_next/static/chunks/node_modules_next_dist_1e8vcs8._.js:776
[  508140ms] [LOG] [Fast Refresh] done in 2250ms @ http://localhost:3000/_next/static/chunks/node_modules_next_dist_1e8vcs8._.js:776
[  508212ms] [LOG] [Fast Refresh] done in 2250ms @ http://localhost:3000/_next/static/chunks/node_modules_next_dist_1e8vcs8._.js:776
[  508322ms] [LOG] [Fast Refresh] done in 2250ms @ http://localhost:3000/_next/static/chunks/node_modules_next_dist_1e8vcs8._.js:776
[  508394ms] [LOG] [Fast Refresh] done in 2250ms @ http://localhost:3000/_next/static/chunks/node_modules_next_dist_1e8vcs8._.js:776
[  508492ms] [LOG] [Fast Refresh] done in 2250ms @ http://localhost:3000/_next/static/chunks/node_modules_next_dist_1e8vcs8._.js:776
[  508619ms] [LOG] [Fast Refresh] done in 2250ms @ http://localhost:3000/_next/static/chunks/node_modules_next_dist_1e8vcs8._.js:776
[  508723ms] [LOG] [Fast Refresh] done in 2250ms @ http://localhost:3000/_next/static/chunks/node_modules_next_dist_1e8vcs8._.js:776
[  508866ms] [LOG] [Fast Refresh] done in 2250ms @ http://localhost:3000/_next/static/chunks/node_modules_next_dist_1e8vcs8._.js:776
[  508974ms] [LOG] [Fast Refresh] done in 2250ms @ http://localhost:3000/_next/static/chunks/node_modules_next_dist_1e8vcs8._.js:776
[  509090ms] [LOG] [Fast Refresh] done in 2250ms @ http://localhost:3000/_next/static/chunks/node_modules_next_dist_1e8vcs8._.js:776
[  509207ms] [LOG] [Fast Refresh] done in 2250ms @ http://localhost:3000/_next/static/chunks/node_modules_next_dist_1e8vcs8._.js:776
[  509331ms] [LOG] [Fast Refresh] done in 2250ms @ http://localhost:3000/_next/static/chunks/node_modules_next_dist_1e8vcs8._.js:776
[  509420ms] [LOG] [Fast Refresh] done in 2250ms @ http://localhost:3000/_next/static/chunks/node_modules_next_dist_1e8vcs8._.js:776
[  509508ms] [LOG] [Fast Refresh] done in 2250ms @ http://localhost:3000/_next/static/chunks/node_modules_next_dist_1e8vcs8._.js:776
[  509614ms] [LOG] [Fast Refresh] done in 2250ms @ http://localhost:3000/_next/static/chunks/node_modules_next_dist_1e8vcs8._.js:776
[  509678ms] [LOG] [Fast Refresh] done in 2250ms @ http://localhost:3000/_next/static/chunks/node_modules_next_dist_1e8vcs8._.js:776
[  509777ms] [LOG] [Fast Refresh] done in 2250ms @ http://localhost:3000/_next/static/chunks/node_modules_next_dist_1e8vcs8._.js:776
[  509875ms] [LOG] [Fast Refresh] done in 2250ms @ http://localhost:3000/_next/static/chunks/node_modules_next_dist_1e8vcs8._.js:776
[  509944ms] [LOG] [Fast Refresh] done in 2250ms @ http://localhost:3000/_next/static/chunks/node_modules_next_dist_1e8vcs8._.js:776
[  510044ms] [LOG] [Fast Refresh] done in 2250ms @ http://localhost:3000/_next/static/chunks/node_modules_next_dist_1e8vcs8._.js:776
[  510182ms] [LOG] [Fast Refresh] done in 2250ms @ http://localhost:3000/_next/static/chunks/node_modules_next_dist_1e8vcs8._.js:776
[  510250ms] [LOG] [Fast Refresh] done in 2250ms @ http://localhost:3000/_next/static/chunks/node_modules_next_dist_1e8vcs8._.js:776
[  510335ms] [LOG] [Fast Refresh] done in 2250ms @ http://localhost:3000/_next/static/chunks/node_modules_next_dist_1e8vcs8._.js:776
[  510426ms] [LOG] [Fast Refresh] done in 2250ms @ http://localhost:3000/_next/static/chunks/node_modules_next_dist_1e8vcs8._.js:776
[  510531ms] [LOG] [Fast Refresh] done in 2250ms @ http://localhost:3000/_next/static/chunks/node_modules_next_dist_1e8vcs8._.js:776
[  510636ms] [LOG] [Fast Refresh] done in 2250ms @ http://localhost:3000/_next/static/chunks/node_modules_next_dist_1e8vcs8._.js:776
[  510736ms] [LOG] [Fast Refresh] done in 2250ms @ http://localhost:3000/_next/static/chunks/node_modules_next_dist_1e8vcs8._.js:776
[  510839ms] [LOG] [Fast Refresh] done in 2250ms @ http://localhost:3000/_next/static/chunks/node_modules_next_dist_1e8vcs8._.js:776
[  510927ms] [LOG] [Fast Refresh] done in 2250ms @ http://localhost:3000/_next/static/chunks/node_modules_next_dist_1e8vcs8._.js:776
[  511045ms] [LOG] [Fast Refresh] done in 2250ms @ http://localhost:3000/_next/static/chunks/node_modules_next_dist_1e8vcs8._.js:776
[  511121ms] [LOG] [Fast Refresh] done in 2250ms @ http://localhost:3000/_next/static/chunks/node_modules_next_dist_1e8vcs8._.js:776
[  511211ms] [LOG] [Fast Refresh] done in 2250ms @ http://localhost:3000/_next/static/chunks/node_modules_next_dist_1e8vcs8._.js:776
[  511313ms] [LOG] [Fast Refresh] done in 2250ms @ http://localhost:3000/_next/static/chunks/node_modules_next_dist_1e8vcs8._.js:776
[  511407ms] [LOG] [Fast Refresh] done in 2250ms @ http://localhost:3000/_next/static/chunks/node_modules_next_dist_1e8vcs8._.js:776
[  511477ms] [LOG] [Fast Refresh] done in 2250ms @ http://localhost:3000/_next/static/chunks/node_modules_next_dist_1e8vcs8._.js:776
[  511579ms] [LOG] [Fast Refresh] done in 2250ms @ http://localhost:3000/_next/static/chunks/node_modules_next_dist_1e8vcs8._.js:776
[  511655ms] [LOG] [Fast Refresh] done in 2250ms @ http://localhost:3000/_next/static/chunks/node_modules_next_dist_1e8vcs8._.js:776
[  511745ms] [LOG] [Fast Refresh] done in 2250ms @ http://localhost:3000/_next/static/chunks/node_modules_next_dist_1e8vcs8._.js:776
[  511866ms] [LOG] [Fast Refresh] done in 2250ms @ http://localhost:3000/_next/static/chunks/node_modules_next_dist_1e8vcs8._.js:776
[  511977ms] [LOG] [Fast Refresh] done in 2250ms @ http://localhost:3000/_next/static/chunks/node_modules_next_dist_1e8vcs8._.js:776
[  512114ms] [LOG] [Fast Refresh] done in 2250ms @ http://localhost:3000/_next/static/chunks/node_modules_next_dist_1e8vcs8._.js:776
[  512214ms] [LOG] [Fast Refresh] done in 2250ms @ http://localhost:3000/_next/static/chunks/node_modules_next_dist_1e8vcs8._.js:776
[  512284ms] [LOG] [Fast Refresh] done in 2250ms @ http://localhost:3000/_next/static/chunks/node_modules_next_dist_1e8vcs8._.js:776
[  512368ms] [LOG] [Fast Refresh] done in 2250ms @ http://localhost:3000/_next/static/chunks/node_modules_next_dist_1e8vcs8._.js:776
[  512492ms] [LOG] [Fast Refresh] done in 2250ms @ http://localhost:3000/_next/static/chunks/node_modules_next_dist_1e8vcs8._.js:776
[  512593ms] [LOG] [Fast Refresh] done in 2250ms @ http://localhost:3000/_next/static/chunks/node_modules_next_dist_1e8vcs8._.js:776
[  512694ms] [LOG] [Fast Refresh] done in 2250ms @ http://localhost:3000/_next/static/chunks/node_modules_next_dist_1e8vcs8._.js:776
[  512805ms] [LOG] [Fast Refresh] done in 2250ms @ http://localhost:3000/_next/static/chunks/node_modules_next_dist_1e8vcs8._.js:776
[  512926ms] [LOG] [Fast Refresh] done in 2250ms @ http://localhost:3000/_next/static/chunks/node_modules_next_dist_1e8vcs8._.js:776
[  513002ms] [LOG] [Fast Refresh] done in 2250ms @ http://localhost:3000/_next/static/chunks/node_modules_next_dist_1e8vcs8._.js:776
[  513085ms] [LOG] [Fast Refresh] done in 2250ms @ http://localhost:3000/_next/static/chunks/node_modules_next_dist_1e8vcs8._.js:776
[  513184ms] [LOG] [Fast Refresh] done in 2250ms @ http://localhost:3000/_next/static/chunks/node_modules_next_dist_1e8vcs8._.js:776
[  513253ms] [LOG] [Fast Refresh] done in 2250ms @ http://localhost:3000/_next/static/chunks/node_modules_next_dist_1e8vcs8._.js:776
[  513348ms] [LOG] [Fast Refresh] done in 2250ms @ http://localhost:3000/_next/static/chunks/node_modules_next_dist_1e8vcs8._.js:776
[  513467ms] [LOG] [Fast Refresh] done in 2250ms @ http://localhost:3000/_next/static/chunks/node_modules_next_dist_1e8vcs8._.js:776
[  513576ms] [LOG] [Fast Refresh] done in 2250ms @ http://localhost:3000/_next/static/chunks/node_modules_next_dist_1e8vcs8._.js:776
[  513707ms] [LOG] [Fast Refresh] done in 2250ms @ http://localhost:3000/_next/static/chunks/node_modules_next_dist_1e8vcs8._.js:776
[  513811ms] [LOG] [Fast Refresh] done in 2250ms @ http://localhost:3000/_next/static/chunks/node_modules_next_dist_1e8vcs8._.js:776
[  513930ms] [LOG] [Fast Refresh] done in 2250ms @ http://localhost:3000/_next/static/chunks/node_modules_next_dist_1e8vcs8._.js:776
[  514030ms] [LOG] [Fast Refresh] done in 2250ms @ http://localhost:3000/_next/static/chunks/node_modules_next_dist_1e8vcs8._.js:776
[  514114ms] [LOG] [Fast Refresh] done in 2250ms @ http://localhost:3000/_next/static/chunks/node_modules_next_dist_1e8vcs8._.js:776
[  514222ms] [LOG] [Fast Refresh] done in 2250ms @ http://localhost:3000/_next/static/chunks/node_modules_next_dist_1e8vcs8._.js:776
[  514302ms] [LOG] [Fast Refresh] done in 2250ms @ http://localhost:3000/_next/static/chunks/node_modules_next_dist_1e8vcs8._.js:776
[  514393ms] [LOG] [Fast Refresh] done in 2250ms @ http://localhost:3000/_next/static/chunks/node_modules_next_dist_1e8vcs8._.js:776
[  514502ms] [LOG] [Fast Refresh] done in 2250ms @ http://localhost:3000/_next/static/chunks/node_modules_next_dist_1e8vcs8._.js:776
[  514586ms] [LOG] [Fast Refresh] done in 2250ms @ http://localhost:3000/_next/static/chunks/node_modules_next_dist_1e8vcs8._.js:776
[  514679ms] [LOG] [Fast Refresh] done in 2250ms @ http://localhost:3000/_next/static/chunks/node_modules_next_dist_1e8vcs8._.js:776
[  514782ms] [LOG] [Fast Refresh] done in 2250ms @ http://localhost:3000/_next/static/chunks/node_modules_next_dist_1e8vcs8._.js:776
[  514856ms] [LOG] [Fast Refresh] done in 2250ms @ http://localhost:3000/_next/static/chunks/node_modules_next_dist_1e8vcs8._.js:776
[  514939ms] [LOG] [Fast Refresh] done in 2250ms @ http://localhost:3000/_next/static/chunks/node_modules_next_dist_1e8vcs8._.js:776
[  515029ms] [LOG] [Fast Refresh] done in 2250ms @ http://localhost:3000/_next/static/chunks/node_modules_next_dist_1e8vcs8._.js:776
[  515110ms] [LOG] [Fast Refresh] done in 2250ms @ http://localhost:3000/_next/static/chunks/node_modules_next_dist_1e8vcs8._.js:776
[  515233ms] [LOG] [Fast Refresh] done in 2250ms @ http://localhost:3000/_next/static/chunks/node_modules_next_dist_1e8vcs8._.js:776
[  515386ms] [LOG] [Fast Refresh] done in 2250ms @ http://localhost:3000/_next/static/chunks/node_modules_next_dist_1e8vcs8._.js:776
[  515514ms] [LOG] [Fast Refresh] done in 2250ms @ http://localhost:3000/_next/static/chunks/node_modules_next_dist_1e8vcs8._.js:776
[  515627ms] [LOG] [Fast Refresh] done in 2250ms @ http://localhost:3000/_next/static/chunks/node_modules_next_dist_1e8vcs8._.js:776
[  515703ms] [LOG] [Fast Refresh] done in 2250ms @ http://localhost:3000/_next/static/chunks/node_modules_next_dist_1e8vcs8._.js:776
[  515812ms] [LOG] [Fast Refresh] done in 2250ms @ http://localhost:3000/_next/static/chunks/node_modules_next_dist_1e8vcs8._.js:776
[  515899ms] [LOG] [Fast Refresh] done in 2250ms @ http://localhost:3000/_next/static/chunks/node_modules_next_dist_1e8vcs8._.js:776
[  516025ms] [LOG] [Fast Refresh] done in 2250ms @ http://localhost:3000/_next/static/chunks/node_modules_next_dist_1e8vcs8._.js:776
[  516120ms] [LOG] [Fast Refresh] done in 2250ms @ http://localhost:3000/_next/static/chunks/node_modules_next_dist_1e8vcs8._.js:776
[  516246ms] [LOG] [Fast Refresh] done in 2250ms @ http://localhost:3000/_next/static/chunks/node_modules_next_dist_1e8vcs8._.js:776
[  516327ms] [LOG] [Fast Refresh] done in 2250ms @ http://localhost:3000/_next/static/chunks/node_modules_next_dist_1e8vcs8._.js:776
[  516411ms] [LOG] [Fast Refresh] done in 2250ms @ http://localhost:3000/_next/static/chunks/node_modules_next_dist_1e8vcs8._.js:776
[  516511ms] [LOG] [Fast Refresh] done in 2250ms @ http://localhost:3000/_next/static/chunks/node_modules_next_dist_1e8vcs8._.js:776
[  516600ms] [LOG] [Fast Refresh] done in 2250ms @ http://localhost:3000/_next/static/chunks/node_modules_next_dist_1e8vcs8._.js:776
[  516658ms] [LOG] [Fast Refresh] done in 2250ms @ http://localhost:3000/_next/static/chunks/node_modules_next_dist_1e8vcs8._.js:776
[  516751ms] [LOG] [Fast Refresh] done in 2250ms @ http://localhost:3000/_next/static/chunks/node_modules_next_dist_1e8vcs8._.js:776
[  516869ms] [LOG] [Fast Refresh] done in 2250ms @ http://localhost:3000/_next/static/chunks/node_modules_next_dist_1e8vcs8._.js:776
[  516942ms] [LOG] [Fast Refresh] done in 2250ms @ http://localhost:3000/_next/static/chunks/node_modules_next_dist_1e8vcs8._.js:776
[  517038ms] [LOG] [Fast Refresh] done in 2250ms @ http://localhost:3000/_next/static/chunks/node_modules_next_dist_1e8vcs8._.js:776
[  517135ms] [LOG] [Fast Refresh] done in 2250ms @ http://localhost:3000/_next/static/chunks/node_modules_next_dist_1e8vcs8._.js:776
[  517260ms] [LOG] [Fast Refresh] done in 2250ms @ http://localhost:3000/_next/static/chunks/node_modules_next_dist_1e8vcs8._.js:776
[  517339ms] [LOG] [Fast Refresh] done in 2250ms @ http://localhost:3000/_next/static/chunks/node_modules_next_dist_1e8vcs8._.js:776
[  517431ms] [LOG] [Fast Refresh] done in 2250ms @ http://localhost:3000/_next/static/chunks/node_modules_next_dist_1e8vcs8._.js:776
[  517531ms] [LOG] [Fast Refresh] done in 2250ms @ http://localhost:3000/_next/static/chunks/node_modules_next_dist_1e8vcs8._.js:776
[  517625ms] [LOG] [Fast Refresh] done in 2250ms @ http://localhost:3000/_next/static/chunks/node_modules_next_dist_1e8vcs8._.js:776
[  517704ms] [LOG] [Fast Refresh] done in 2250ms @ http://localhost:3000/_next/static/chunks/node_modules_next_dist_1e8vcs8._.js:776
[  517805ms] [LOG] [Fast Refresh] done in 2250ms @ http://localhost:3000/_next/static/chunks/node_modules_next_dist_1e8vcs8._.js:776
[  517902ms] [LOG] [Fast Refresh] done in 2250ms @ http://localhost:3000/_next/static/chunks/node_modules_next_dist_1e8vcs8._.js:776
[  517984ms] [LOG] [Fast Refresh] done in 2250ms @ http://localhost:3000/_next/static/chunks/node_modules_next_dist_1e8vcs8._.js:776
[  518099ms] [LOG] [Fast Refresh] done in 2250ms @ http://localhost:3000/_next/static/chunks/node_modules_next_dist_1e8vcs8._.js:776
[  518168ms] [LOG] [Fast Refresh] done in 2250ms @ http://localhost:3000/_next/static/chunks/node_modules_next_dist_1e8vcs8._.js:776
[  518277ms] [LOG] [Fast Refresh] done in 2250ms @ http://localhost:3000/_next/static/chunks/node_modules_next_dist_1e8vcs8._.js:776
[  518401ms] [LOG] [Fast Refresh] done in 2250ms @ http://localhost:3000/_next/static/chunks/node_modules_next_dist_1e8vcs8._.js:776
[  518500ms] [LOG] [Fast Refresh] done in 2250ms @ http://localhost:3000/_next/static/chunks/node_modules_next_dist_1e8vcs8._.js:776
[  518615ms] [LOG] [Fast Refresh] done in 2250ms @ http://localhost:3000/_next/static/chunks/node_modules_next_dist_1e8vcs8._.js:776
[  518688ms] [LOG] [Fast Refresh] done in 2250ms @ http://localhost:3000/_next/static/chunks/node_modules_next_dist_1e8vcs8._.js:776
[  518802ms] [LOG] [Fast Refresh] done in 2250ms @ http://localhost:3000/_next/static/chunks/node_modules_next_dist_1e8vcs8._.js:776
[  518926ms] [LOG] [Fast Refresh] done in 2250ms @ http://localhost:3000/_next/static/chunks/node_modules_next_dist_1e8vcs8._.js:776
[  519047ms] [LOG] [Fast Refresh] done in 2250ms @ http://localhost:3000/_next/static/chunks/node_modules_next_dist_1e8vcs8._.js:776
[  519207ms] [LOG] [Fast Refresh] done in 2250ms @ http://localhost:3000/_next/static/chunks/node_modules_next_dist_1e8vcs8._.js:776
[  519325ms] [LOG] [Fast Refresh] done in 2250ms @ http://localhost:3000/_next/static/chunks/node_modules_next_dist_1e8vcs8._.js:776
[  519444ms] [LOG] [Fast Refresh] done in 2250ms @ http://localhost:3000/_next/static/chunks/node_modules_next_dist_1e8vcs8._.js:776
[  519565ms] [LOG] [Fast Refresh] done in 2250ms @ http://localhost:3000/_next/static/chunks/node_modules_next_dist_1e8vcs8._.js:776
[  519674ms] [LOG] [Fast Refresh] done in 2250ms @ http://localhost:3000/_next/static/chunks/node_modules_next_dist_1e8vcs8._.js:776
[  519777ms] [LOG] [Fast Refresh] done in 2250ms @ http://localhost:3000/_next/static/chunks/node_modules_next_dist_1e8vcs8._.js:776
[  519841ms] [LOG] [Fast Refresh] done in 2250ms @ http://localhost:3000/_next/static/chunks/node_modules_next_dist_1e8vcs8._.js:776
[  519964ms] [LOG] [Fast Refresh] done in 2250ms @ http://localhost:3000/_next/static/chunks/node_modules_next_dist_1e8vcs8._.js:776
[  520053ms] [LOG] [Fast Refresh] done in 2250ms @ http://localhost:3000/_next/static/chunks/node_modules_next_dist_1e8vcs8._.js:776
[  520160ms] [LOG] [Fast Refresh] done in 2250ms @ http://localhost:3000/_next/static/chunks/node_modules_next_dist_1e8vcs8._.js:776
[  520234ms] [LOG] [Fast Refresh] done in 2250ms @ http://localhost:3000/_next/static/chunks/node_modules_next_dist_1e8vcs8._.js:776
[  520325ms] [LOG] [Fast Refresh] done in 2250ms @ http://localhost:3000/_next/static/chunks/node_modules_next_dist_1e8vcs8._.js:776
[  520420ms] [LOG] [Fast Refresh] done in 2250ms @ http://localhost:3000/_next/static/chunks/node_modules_next_dist_1e8vcs8._.js:776
[  520517ms] [LOG] [Fast Refresh] done in 2250ms @ http://localhost:3000/_next/static/chunks/node_modules_next_dist_1e8vcs8._.js:776
[  520584ms] [LOG] [Fast Refresh] done in 2250ms @ http://localhost:3000/_next/static/chunks/node_modules_next_dist_1e8vcs8._.js:776
[  520643ms] [LOG] [Fast Refresh] done in 2250ms @ http://localhost:3000/_next/static/chunks/node_modules_next_dist_1e8vcs8._.js:776
[  520747ms] [LOG] [Fast Refresh] done in 2250ms @ http://localhost:3000/_next/static/chunks/node_modules_next_dist_1e8vcs8._.js:776
[  520828ms] [LOG] [Fast Refresh] done in 2250ms @ http://localhost:3000/_next/static/chunks/node_modules_next_dist_1e8vcs8._.js:776
[  520914ms] [LOG] [Fast Refresh] done in 2250ms @ http://localhost:3000/_next/static/chunks/node_modules_next_dist_1e8vcs8._.js:776
[  521019ms] [LOG] [Fast Refresh] done in 2250ms @ http://localhost:3000/_next/static/chunks/node_modules_next_dist_1e8vcs8._.js:776
[  521098ms] [LOG] [Fast Refresh] done in 2250ms @ http://localhost:3000/_next/static/chunks/node_modules_next_dist_1e8vcs8._.js:776
[  521186ms] [LOG] [Fast Refresh] done in 2250ms @ http://localhost:3000/_next/static/chunks/node_modules_next_dist_1e8vcs8._.js:776
[  521281ms] [LOG] [Fast Refresh] done in 2250ms @ http://localhost:3000/_next/static/chunks/node_modules_next_dist_1e8vcs8._.js:776
[  521401ms] [LOG] [Fast Refresh] done in 2250ms @ http://localhost:3000/_next/static/chunks/node_modules_next_dist_1e8vcs8._.js:776
[  521469ms] [LOG] [Fast Refresh] done in 2250ms @ http://localhost:3000/_next/static/chunks/node_modules_next_dist_1e8vcs8._.js:776
[  521555ms] [LOG] [Fast Refresh] done in 2250ms @ http://localhost:3000/_next/static/chunks/node_modules_next_dist_1e8vcs8._.js:776
[  521649ms] [LOG] [Fast Refresh] done in 2250ms @ http://localhost:3000/_next/static/chunks/node_modules_next_dist_1e8vcs8._.js:776
[  521758ms] [LOG] [Fast Refresh] done in 2250ms @ http://localhost:3000/_next/static/chunks/node_modules_next_dist_1e8vcs8._.js:776
[  521846ms] [LOG] [Fast Refresh] done in 2250ms @ http://localhost:3000/_next/static/chunks/node_modules_next_dist_1e8vcs8._.js:776
[  521915ms] [LOG] [Fast Refresh] done in 2250ms @ http://localhost:3000/_next/static/chunks/node_modules_next_dist_1e8vcs8._.js:776
[  521998ms] [LOG] [Fast Refresh] done in 2250ms @ http://localhost:3000/_next/static/chunks/node_modules_next_dist_1e8vcs8._.js:776
[  522070ms] [LOG] [Fast Refresh] done in 2250ms @ http://localhost:3000/_next/static/chunks/node_modules_next_dist_1e8vcs8._.js:776
[  522151ms] [LOG] [Fast Refresh] done in 2250ms @ http://localhost:3000/_next/static/chunks/node_modules_next_dist_1e8vcs8._.js:776
[  522286ms] [LOG] [Fast Refresh] done in 2250ms @ http://localhost:3000/_next/static/chunks/node_modules_next_dist_1e8vcs8._.js:776
[  522397ms] [LOG] [Fast Refresh] done in 2250ms @ http://localhost:3000/_next/static/chunks/node_modules_next_dist_1e8vcs8._.js:776
[  522460ms] [LOG] [Fast Refresh] done in 2250ms @ http://localhost:3000/_next/static/chunks/node_modules_next_dist_1e8vcs8._.js:776
[  522545ms] [LOG] [Fast Refresh] done in 2250ms @ http://localhost:3000/_next/static/chunks/node_modules_next_dist_1e8vcs8._.js:776
[  522633ms] [LOG] [Fast Refresh] done in 2250ms @ http://localhost:3000/_next/static/chunks/node_modules_next_dist_1e8vcs8._.js:776
[  522746ms] [LOG] [Fast Refresh] done in 2250ms @ http://localhost:3000/_next/static/chunks/node_modules_next_dist_1e8vcs8._.js:776
[  522874ms] [LOG] [Fast Refresh] done in 2250ms @ http://localhost:3000/_next/static/chunks/node_modules_next_dist_1e8vcs8._.js:776
[  522982ms] [LOG] [Fast Refresh] done in 2250ms @ http://localhost:3000/_next/static/chunks/node_modules_next_dist_1e8vcs8._.js:776
[  523086ms] [LOG] [Fast Refresh] done in 2250ms @ http://localhost:3000/_next/static/chunks/node_modules_next_dist_1e8vcs8._.js:776
[  523163ms] [LOG] [Fast Refresh] done in 2250ms @ http://localhost:3000/_next/static/chunks/node_modules_next_dist_1e8vcs8._.js:776
[  523234ms] [LOG] [Fast Refresh] done in 2250ms @ http://localhost:3000/_next/static/chunks/node_modules_next_dist_1e8vcs8._.js:776
[  523345ms] [LOG] [Fast Refresh] done in 2250ms @ http://localhost:3000/_next/static/chunks/node_modules_next_dist_1e8vcs8._.js:776
[  523433ms] [LOG] [Fast Refresh] done in 2250ms @ http://localhost:3000/_next/static/chunks/node_modules_next_dist_1e8vcs8._.js:776
[  523525ms] [LOG] [Fast Refresh] done in 2250ms @ http://localhost:3000/_next/static/chunks/node_modules_next_dist_1e8vcs8._.js:776
[  523625ms] [LOG] [Fast Refresh] done in 2250ms @ http://localhost:3000/_next/static/chunks/node_modules_next_dist_1e8vcs8._.js:776
[  523701ms] [LOG] [Fast Refresh] done in 2250ms @ http://localhost:3000/_next/static/chunks/node_modules_next_dist_1e8vcs8._.js:776
[  523791ms] [LOG] [Fast Refresh] done in 2250ms @ http://localhost:3000/_next/static/chunks/node_modules_next_dist_1e8vcs8._.js:776
[  523881ms] [LOG] [Fast Refresh] done in 2250ms @ http://localhost:3000/_next/static/chunks/node_modules_next_dist_1e8vcs8._.js:776
[  523968ms] [LOG] [Fast Refresh] done in 2250ms @ http://localhost:3000/_next/static/chunks/node_modules_next_dist_1e8vcs8._.js:776
[  524045ms] [LOG] [Fast Refresh] done in 2250ms @ http://localhost:3000/_next/static/chunks/node_modules_next_dist_1e8vcs8._.js:776
[  524134ms] [LOG] [Fast Refresh] done in 2250ms @ http://localhost:3000/_next/static/chunks/node_modules_next_dist_1e8vcs8._.js:776
[  524227ms] [LOG] [Fast Refresh] done in 2250ms @ http://localhost:3000/_next/static/chunks/node_modules_next_dist_1e8vcs8._.js:776
[  524315ms] [LOG] [Fast Refresh] done in 2250ms @ http://localhost:3000/_next/static/chunks/node_modules_next_dist_1e8vcs8._.js:776
[  524421ms] [LOG] [Fast Refresh] done in 2250ms @ http://localhost:3000/_next/static/chunks/node_modules_next_dist_1e8vcs8._.js:776
[  524517ms] [LOG] [Fast Refresh] done in 2250ms @ http://localhost:3000/_next/static/chunks/node_modules_next_dist_1e8vcs8._.js:776
[  524644ms] [LOG] [Fast Refresh] done in 2250ms @ http://localhost:3000/_next/static/chunks/node_modules_next_dist_1e8vcs8._.js:776
[  524756ms] [LOG] [Fast Refresh] done in 2250ms @ http://localhost:3000/_next/static/chunks/node_modules_next_dist_1e8vcs8._.js:776
[  524877ms] [LOG] [Fast Refresh] done in 2250ms @ http://localhost:3000/_next/static/chunks/node_modules_next_dist_1e8vcs8._.js:776
[  524966ms] [LOG] [Fast Refresh] done in 2250ms @ http://localhost:3000/_next/static/chunks/node_modules_next_dist_1e8vcs8._.js:776
[  525045ms] [LOG] [Fast Refresh] done in 2250ms @ http://localhost:3000/_next/static/chunks/node_modules_next_dist_1e8vcs8._.js:776
[  525159ms] [LOG] [Fast Refresh] done in 2250ms @ http://localhost:3000/_next/static/chunks/node_modules_next_dist_1e8vcs8._.js:776
[  525230ms] [LOG] [Fast Refresh] done in 2250ms @ http://localhost:3000/_next/static/chunks/node_modules_next_dist_1e8vcs8._.js:776
[  525311ms] [LOG] [Fast Refresh] done in 2250ms @ http://localhost:3000/_next/static/chunks/node_modules_next_dist_1e8vcs8._.js:776
[  525416ms] [LOG] [Fast Refresh] done in 2250ms @ http://localhost:3000/_next/static/chunks/node_modules_next_dist_1e8vcs8._.js:776
[  525508ms] [LOG] [Fast Refresh] done in 2250ms @ http://localhost:3000/_next/static/chunks/node_modules_next_dist_1e8vcs8._.js:776
[  525619ms] [LOG] [Fast Refresh] done in 2250ms @ http://localhost:3000/_next/static/chunks/node_modules_next_dist_1e8vcs8._.js:776
[  525713ms] [LOG] [Fast Refresh] done in 2250ms @ http://localhost:3000/_next/static/chunks/node_modules_next_dist_1e8vcs8._.js:776
[  525803ms] [LOG] [Fast Refresh] done in 2250ms @ http://localhost:3000/_next/static/chunks/node_modules_next_dist_1e8vcs8._.js:776
[  525897ms] [LOG] [Fast Refresh] done in 2250ms @ http://localhost:3000/_next/static/chunks/node_modules_next_dist_1e8vcs8._.js:776
[  526002ms] [LOG] [Fast Refresh] done in 2250ms @ http://localhost:3000/_next/static/chunks/node_modules_next_dist_1e8vcs8._.js:776
[  526060ms] [LOG] [Fast Refresh] done in 2250ms @ http://localhost:3000/_next/static/chunks/node_modules_next_dist_1e8vcs8._.js:776
[  526136ms] [LOG] [Fast Refresh] done in 2250ms @ http://localhost:3000/_next/static/chunks/node_modules_next_dist_1e8vcs8._.js:776
[  526227ms] [LOG] [Fast Refresh] done in 2250ms @ http://localhost:3000/_next/static/chunks/node_modules_next_dist_1e8vcs8._.js:776
[  526328ms] [LOG] [Fast Refresh] done in 2250ms @ http://localhost:3000/_next/static/chunks/node_modules_next_dist_1e8vcs8._.js:776
[  526406ms] [LOG] [Fast Refresh] done in 2250ms @ http://localhost:3000/_next/static/chunks/node_modules_next_dist_1e8vcs8._.js:776
[  526487ms] [LOG] [Fast Refresh] done in 2250ms @ http://localhost:3000/_next/static/chunks/node_modules_next_dist_1e8vcs8._.js:776
[  526580ms] [LOG] [Fast Refresh] done in 2250ms @ http://localhost:3000/_next/static/chunks/node_modules_next_dist_1e8vcs8._.js:776
[  526666ms] [LOG] [Fast Refresh] done in 2250ms @ http://localhost:3000/_next/static/chunks/node_modules_next_dist_1e8vcs8._.js:776
[  526775ms] [LOG] [Fast Refresh] done in 2250ms @ http://localhost:3000/_next/static/chunks/node_modules_next_dist_1e8vcs8._.js:776
[  526829ms] [LOG] [Fast Refresh] done in 2250ms @ http://localhost:3000/_next/static/chunks/node_modules_next_dist_1e8vcs8._.js:776
[  526898ms] [LOG] [Fast Refresh] done in 2250ms @ http://localhost:3000/_next/static/chunks/node_modules_next_dist_1e8vcs8._.js:776
[  527010ms] [LOG] [Fast Refresh] done in 2250ms @ http://localhost:3000/_next/static/chunks/node_modules_next_dist_1e8vcs8._.js:776
[  527066ms] [LOG] [Fast Refresh] done in 2250ms @ http://localhost:3000/_next/static/chunks/node_modules_next_dist_1e8vcs8._.js:776
[  527190ms] [LOG] [Fast Refresh] done in 2250ms @ http://localhost:3000/_next/static/chunks/node_modules_next_dist_1e8vcs8._.js:776
[  527261ms] [LOG] [Fast Refresh] done in 2250ms @ http://localhost:3000/_next/static/chunks/node_modules_next_dist_1e8vcs8._.js:776
[  527336ms] [LOG] [Fast Refresh] done in 2250ms @ http://localhost:3000/_next/static/chunks/node_modules_next_dist_1e8vcs8._.js:776
[  527411ms] [LOG] [Fast Refresh] done in 2250ms @ http://localhost:3000/_next/static/chunks/node_modules_next_dist_1e8vcs8._.js:776
[  527521ms] [LOG] [Fast Refresh] done in 2250ms @ http://localhost:3000/_next/static/chunks/node_modules_next_dist_1e8vcs8._.js:776
[  527597ms] [LOG] [Fast Refresh] done in 2250ms @ http://localhost:3000/_next/static/chunks/node_modules_next_dist_1e8vcs8._.js:776
[  527669ms] [LOG] [Fast Refresh] done in 2250ms @ http://localhost:3000/_next/static/chunks/node_modules_next_dist_1e8vcs8._.js:776
[  527783ms] [LOG] [Fast Refresh] done in 2250ms @ http://localhost:3000/_next/static/chunks/node_modules_next_dist_1e8vcs8._.js:776
[  527851ms] [LOG] [Fast Refresh] done in 2250ms @ http://localhost:3000/_next/static/chunks/node_modules_next_dist_1e8vcs8._.js:776
[  527921ms] [LOG] [Fast Refresh] done in 2250ms @ http://localhost:3000/_next/static/chunks/node_modules_next_dist_1e8vcs8._.js:776
[  528003ms] [LOG] [Fast Refresh] done in 2250ms @ http://localhost:3000/_next/static/chunks/node_modules_next_dist_1e8vcs8._.js:776
[  528127ms] [LOG] [Fast Refresh] done in 2250ms @ http://localhost:3000/_next/static/chunks/node_modules_next_dist_1e8vcs8._.js:776
[  528208ms] [LOG] [Fast Refresh] done in 2250ms @ http://localhost:3000/_next/static/chunks/node_modules_next_dist_1e8vcs8._.js:776
[  528288ms] [LOG] [Fast Refresh] done in 2250ms @ http://localhost:3000/_next/static/chunks/node_modules_next_dist_1e8vcs8._.js:776
[  528361ms] [LOG] [Fast Refresh] done in 2250ms @ http://localhost:3000/_next/static/chunks/node_modules_next_dist_1e8vcs8._.js:776
[  528428ms] [LOG] [Fast Refresh] done in 2250ms @ http://localhost:3000/_next/static/chunks/node_modules_next_dist_1e8vcs8._.js:776
[  528519ms] [LOG] [Fast Refresh] done in 2250ms @ http://localhost:3000/_next/static/chunks/node_modules_next_dist_1e8vcs8._.js:776
[  528629ms] [LOG] [Fast Refresh] done in 2250ms @ http://localhost:3000/_next/static/chunks/node_modules_next_dist_1e8vcs8._.js:776
[  528721ms] [LOG] [Fast Refresh] done in 2250ms @ http://localhost:3000/_next/static/chunks/node_modules_next_dist_1e8vcs8._.js:776
[  528812ms] [LOG] [Fast Refresh] done in 2250ms @ http://localhost:3000/_next/static/chunks/node_modules_next_dist_1e8vcs8._.js:776
[  528878ms] [LOG] [Fast Refresh] done in 2250ms @ http://localhost:3000/_next/static/chunks/node_modules_next_dist_1e8vcs8._.js:776
[  528942ms] [LOG] [Fast Refresh] done in 2250ms @ http://localhost:3000/_next/static/chunks/node_modules_next_dist_1e8vcs8._.js:776
[  529039ms] [LOG] [Fast Refresh] done in 2250ms @ http://localhost:3000/_next/static/chunks/node_modules_next_dist_1e8vcs8._.js:776
[  529182ms] [LOG] [Fast Refresh] done in 2250ms @ http://localhost:3000/_next/static/chunks/node_modules_next_dist_1e8vcs8._.js:776
[  529250ms] [LOG] [Fast Refresh] done in 2250ms @ http://localhost:3000/_next/static/chunks/node_modules_next_dist_1e8vcs8._.js:776
[  529330ms] [LOG] [Fast Refresh] done in 2250ms @ http://localhost:3000/_next/static/chunks/node_modules_next_dist_1e8vcs8._.js:776
[  529394ms] [LOG] [Fast Refresh] done in 2250ms @ http://localhost:3000/_next/static/chunks/node_modules_next_dist_1e8vcs8._.js:776
[  529484ms] [LOG] [Fast Refresh] done in 2250ms @ http://localhost:3000/_next/static/chunks/node_modules_next_dist_1e8vcs8._.js:776
[  529578ms] [LOG] [Fast Refresh] done in 2250ms @ http://localhost:3000/_next/static/chunks/node_modules_next_dist_1e8vcs8._.js:776
[  529692ms] [LOG] [Fast Refresh] done in 2250ms @ http://localhost:3000/_next/static/chunks/node_modules_next_dist_1e8vcs8._.js:776
[  529778ms] [LOG] [Fast Refresh] done in 2250ms @ http://localhost:3000/_next/static/chunks/node_modules_next_dist_1e8vcs8._.js:776
[  529918ms] [LOG] [Fast Refresh] done in 2250ms @ http://localhost:3000/_next/static/chunks/node_modules_next_dist_1e8vcs8._.js:776
[  530020ms] [LOG] [Fast Refresh] done in 2250ms @ http://localhost:3000/_next/static/chunks/node_modules_next_dist_1e8vcs8._.js:776
[  530134ms] [LOG] [Fast Refresh] done in 2250ms @ http://localhost:3000/_next/static/chunks/node_modules_next_dist_1e8vcs8._.js:776
[  530227ms] [LOG] [Fast Refresh] done in 2250ms @ http://localhost:3000/_next/static/chunks/node_modules_next_dist_1e8vcs8._.js:776
[  530368ms] [LOG] [Fast Refresh] done in 2250ms @ http://localhost:3000/_next/static/chunks/node_modules_next_dist_1e8vcs8._.js:776
[  530475ms] [LOG] [Fast Refresh] done in 2250ms @ http://localhost:3000/_next/static/chunks/node_modules_next_dist_1e8vcs8._.js:776
[  530588ms] [LOG] [Fast Refresh] done in 2250ms @ http://localhost:3000/_next/static/chunks/node_modules_next_dist_1e8vcs8._.js:776
[  530727ms] [LOG] [Fast Refresh] done in 2250ms @ http://localhost:3000/_next/static/chunks/node_modules_next_dist_1e8vcs8._.js:776
[  530798ms] [LOG] [Fast Refresh] done in 2250ms @ http://localhost:3000/_next/static/chunks/node_modules_next_dist_1e8vcs8._.js:776
[  530903ms] [LOG] [Fast Refresh] done in 2250ms @ http://localhost:3000/_next/static/chunks/node_modules_next_dist_1e8vcs8._.js:776
[  530994ms] [LOG] [Fast Refresh] done in 2250ms @ http://localhost:3000/_next/static/chunks/node_modules_next_dist_1e8vcs8._.js:776
[  531091ms] [LOG] [Fast Refresh] done in 2250ms @ http://localhost:3000/_next/static/chunks/node_modules_next_dist_1e8vcs8._.js:776
[  531246ms] [LOG] [Fast Refresh] done in 2250ms @ http://localhost:3000/_next/static/chunks/node_modules_next_dist_1e8vcs8._.js:776
[  531310ms] [LOG] [Fast Refresh] done in 2250ms @ http://localhost:3000/_next/static/chunks/node_modules_next_dist_1e8vcs8._.js:776
[  531416ms] [LOG] [Fast Refresh] done in 2250ms @ http://localhost:3000/_next/static/chunks/node_modules_next_dist_1e8vcs8._.js:776
[  531496ms] [LOG] [Fast Refresh] done in 2250ms @ http://localhost:3000/_next/static/chunks/node_modules_next_dist_1e8vcs8._.js:776
[  531574ms] [LOG] [Fast Refresh] done in 2250ms @ http://localhost:3000/_next/static/chunks/node_modules_next_dist_1e8vcs8._.js:776
[  531680ms] [LOG] [Fast Refresh] done in 2250ms @ http://localhost:3000/_next/static/chunks/node_modules_next_dist_1e8vcs8._.js:776
[  531792ms] [LOG] [Fast Refresh] done in 2250ms @ http://localhost:3000/_next/static/chunks/node_modules_next_dist_1e8vcs8._.js:776
[  531883ms] [LOG] [Fast Refresh] done in 2250ms @ http://localhost:3000/_next/static/chunks/node_modules_next_dist_1e8vcs8._.js:776
[  531979ms] [LOG] [Fast Refresh] done in 2250ms @ http://localhost:3000/_next/static/chunks/node_modules_next_dist_1e8vcs8._.js:776
[  532056ms] [LOG] [Fast Refresh] done in 2250ms @ http://localhost:3000/_next/static/chunks/node_modules_next_dist_1e8vcs8._.js:776
[  532153ms] [LOG] [Fast Refresh] done in 2250ms @ http://localhost:3000/_next/static/chunks/node_modules_next_dist_1e8vcs8._.js:776
[  532256ms] [LOG] [Fast Refresh] done in 2250ms @ http://localhost:3000/_next/static/chunks/node_modules_next_dist_1e8vcs8._.js:776
[  532335ms] [LOG] [Fast Refresh] done in 2250ms @ http://localhost:3000/_next/static/chunks/node_modules_next_dist_1e8vcs8._.js:776
[  532450ms] [LOG] [Fast Refresh] done in 2250ms @ http://localhost:3000/_next/static/chunks/node_modules_next_dist_1e8vcs8._.js:776
[  532565ms] [LOG] [Fast Refresh] done in 2250ms @ http://localhost:3000/_next/static/chunks/node_modules_next_dist_1e8vcs8._.js:776
[  532656ms] [LOG] [Fast Refresh] done in 2250ms @ http://localhost:3000/_next/static/chunks/node_modules_next_dist_1e8vcs8._.js:776
[  532733ms] [LOG] [Fast Refresh] done in 2250ms @ http://localhost:3000/_next/static/chunks/node_modules_next_dist_1e8vcs8._.js:776
[  532831ms] [LOG] [Fast Refresh] done in 2250ms @ http://localhost:3000/_next/static/chunks/node_modules_next_dist_1e8vcs8._.js:776
[  532940ms] [LOG] [Fast Refresh] done in 2250ms @ http://localhost:3000/_next/static/chunks/node_modules_next_dist_1e8vcs8._.js:776
[  533062ms] [LOG] [Fast Refresh] done in 2250ms @ http://localhost:3000/_next/static/chunks/node_modules_next_dist_1e8vcs8._.js:776
[  533134ms] [LOG] [Fast Refresh] done in 2250ms @ http://localhost:3000/_next/static/chunks/node_modules_next_dist_1e8vcs8._.js:776
[  533248ms] [LOG] [Fast Refresh] done in 2250ms @ http://localhost:3000/_next/static/chunks/node_modules_next_dist_1e8vcs8._.js:776
[  533347ms] [LOG] [Fast Refresh] done in 2250ms @ http://localhost:3000/_next/static/chunks/node_modules_next_dist_1e8vcs8._.js:776
[  533448ms] [LOG] [Fast Refresh] done in 2250ms @ http://localhost:3000/_next/static/chunks/node_modules_next_dist_1e8vcs8._.js:776
[  533529ms] [LOG] [Fast Refresh] done in 2250ms @ http://localhost:3000/_next/static/chunks/node_modules_next_dist_1e8vcs8._.js:776
[  533632ms] [LOG] [Fast Refresh] done in 2250ms @ http://localhost:3000/_next/static/chunks/node_modules_next_dist_1e8vcs8._.js:776
[  533750ms] [LOG] [Fast Refresh] done in 2250ms @ http://localhost:3000/_next/static/chunks/node_modules_next_dist_1e8vcs8._.js:776
[  533857ms] [LOG] [Fast Refresh] done in 2250ms @ http://localhost:3000/_next/static/chunks/node_modules_next_dist_1e8vcs8._.js:776
[  533967ms] [LOG] [Fast Refresh] done in 2250ms @ http://localhost:3000/_next/static/chunks/node_modules_next_dist_1e8vcs8._.js:776
[  534051ms] [LOG] [Fast Refresh] done in 2250ms @ http://localhost:3000/_next/static/chunks/node_modules_next_dist_1e8vcs8._.js:776
[  534151ms] [LOG] [Fast Refresh] done in 2250ms @ http://localhost:3000/_next/static/chunks/node_modules_next_dist_1e8vcs8._.js:776
[  534217ms] [LOG] [Fast Refresh] done in 2250ms @ http://localhost:3000/_next/static/chunks/node_modules_next_dist_1e8vcs8._.js:776
[  534326ms] [LOG] [Fast Refresh] done in 2250ms @ http://localhost:3000/_next/static/chunks/node_modules_next_dist_1e8vcs8._.js:776
[  534425ms] [LOG] [Fast Refresh] done in 2250ms @ http://localhost:3000/_next/static/chunks/node_modules_next_dist_1e8vcs8._.js:776
[  534518ms] [LOG] [Fast Refresh] done in 2250ms @ http://localhost:3000/_next/static/chunks/node_modules_next_dist_1e8vcs8._.js:776
[  534622ms] [LOG] [Fast Refresh] done in 2250ms @ http://localhost:3000/_next/static/chunks/node_modules_next_dist_1e8vcs8._.js:776
[  534743ms] [LOG] [Fast Refresh] done in 2250ms @ http://localhost:3000/_next/static/chunks/node_modules_next_dist_1e8vcs8._.js:776
[  534845ms] [LOG] [Fast Refresh] done in 2250ms @ http://localhost:3000/_next/static/chunks/node_modules_next_dist_1e8vcs8._.js:776
[  534967ms] [LOG] [Fast Refresh] done in 2250ms @ http://localhost:3000/_next/static/chunks/node_modules_next_dist_1e8vcs8._.js:776
[  535084ms] [LOG] [Fast Refresh] done in 2250ms @ http://localhost:3000/_next/static/chunks/node_modules_next_dist_1e8vcs8._.js:776
[  535230ms] [LOG] [Fast Refresh] done in 2250ms @ http://localhost:3000/_next/static/chunks/node_modules_next_dist_1e8vcs8._.js:776
[  535326ms] [LOG] [Fast Refresh] done in 2250ms @ http://localhost:3000/_next/static/chunks/node_modules_next_dist_1e8vcs8._.js:776
[  535417ms] [LOG] [Fast Refresh] done in 2250ms @ http://localhost:3000/_next/static/chunks/node_modules_next_dist_1e8vcs8._.js:776
[  535535ms] [LOG] [Fast Refresh] done in 2250ms @ http://localhost:3000/_next/static/chunks/node_modules_next_dist_1e8vcs8._.js:776
[  535599ms] [LOG] [Fast Refresh] done in 2250ms @ http://localhost:3000/_next/static/chunks/node_modules_next_dist_1e8vcs8._.js:776
[  535713ms] [LOG] [Fast Refresh] done in 2250ms @ http://localhost:3000/_next/static/chunks/node_modules_next_dist_1e8vcs8._.js:776
[  535783ms] [LOG] [Fast Refresh] done in 2250ms @ http://localhost:3000/_next/static/chunks/node_modules_next_dist_1e8vcs8._.js:776
[  535867ms] [LOG] [Fast Refresh] done in 2250ms @ http://localhost:3000/_next/static/chunks/node_modules_next_dist_1e8vcs8._.js:776
[  535948ms] [LOG] [Fast Refresh] done in 2250ms @ http://localhost:3000/_next/static/chunks/node_modules_next_dist_1e8vcs8._.js:776
[  536043ms] [LOG] [Fast Refresh] done in 2250ms @ http://localhost:3000/_next/static/chunks/node_modules_next_dist_1e8vcs8._.js:776
[  536157ms] [LOG] [Fast Refresh] done in 2250ms @ http://localhost:3000/_next/static/chunks/node_modules_next_dist_1e8vcs8._.js:776
[  536282ms] [LOG] [Fast Refresh] done in 2250ms @ http://localhost:3000/_next/static/chunks/node_modules_next_dist_1e8vcs8._.js:776
[  536380ms] [LOG] [Fast Refresh] done in 2250ms @ http://localhost:3000/_next/static/chunks/node_modules_next_dist_1e8vcs8._.js:776
[  536464ms] [LOG] [Fast Refresh] done in 2250ms @ http://localhost:3000/_next/static/chunks/node_modules_next_dist_1e8vcs8._.js:776
[  536552ms] [LOG] [Fast Refresh] done in 2250ms @ http://localhost:3000/_next/static/chunks/node_modules_next_dist_1e8vcs8._.js:776
[  536620ms] [LOG] [Fast Refresh] done in 2250ms @ http://localhost:3000/_next/static/chunks/node_modules_next_dist_1e8vcs8._.js:776
[  536719ms] [LOG] [Fast Refresh] done in 2250ms @ http://localhost:3000/_next/static/chunks/node_modules_next_dist_1e8vcs8._.js:776
[  536810ms] [LOG] [Fast Refresh] done in 2250ms @ http://localhost:3000/_next/static/chunks/node_modules_next_dist_1e8vcs8._.js:776
[  536872ms] [LOG] [Fast Refresh] done in 2250ms @ http://localhost:3000/_next/static/chunks/node_modules_next_dist_1e8vcs8._.js:776
[  536934ms] [LOG] [Fast Refresh] done in 2250ms @ http://localhost:3000/_next/static/chunks/node_modules_next_dist_1e8vcs8._.js:776
[  537004ms] [LOG] [Fast Refresh] done in 2250ms @ http://localhost:3000/_next/static/chunks/node_modules_next_dist_1e8vcs8._.js:776
[  537076ms] [LOG] [Fast Refresh] done in 2250ms @ http://localhost:3000/_next/static/chunks/node_modules_next_dist_1e8vcs8._.js:776
[  537158ms] [LOG] [Fast Refresh] done in 2250ms @ http://localhost:3000/_next/static/chunks/node_modules_next_dist_1e8vcs8._.js:776
[  537259ms] [LOG] [Fast Refresh] done in 2250ms @ http://localhost:3000/_next/static/chunks/node_modules_next_dist_1e8vcs8._.js:776
[  537325ms] [LOG] [Fast Refresh] done in 2250ms @ http://localhost:3000/_next/static/chunks/node_modules_next_dist_1e8vcs8._.js:776
[  537388ms] [LOG] [Fast Refresh] done in 2250ms @ http://localhost:3000/_next/static/chunks/node_modules_next_dist_1e8vcs8._.js:776
[  537509ms] [LOG] [Fast Refresh] done in 2250ms @ http://localhost:3000/_next/static/chunks/node_modules_next_dist_1e8vcs8._.js:776
[  537603ms] [LOG] [Fast Refresh] done in 2250ms @ http://localhost:3000/_next/static/chunks/node_modules_next_dist_1e8vcs8._.js:776
[  537687ms] [LOG] [Fast Refresh] done in 2250ms @ http://localhost:3000/_next/static/chunks/node_modules_next_dist_1e8vcs8._.js:776
[  537791ms] [LOG] [Fast Refresh] done in 2250ms @ http://localhost:3000/_next/static/chunks/node_modules_next_dist_1e8vcs8._.js:776
[  537893ms] [LOG] [Fast Refresh] done in 2250ms @ http://localhost:3000/_next/static/chunks/node_modules_next_dist_1e8vcs8._.js:776
[  537982ms] [LOG] [Fast Refresh] done in 2250ms @ http://localhost:3000/_next/static/chunks/node_modules_next_dist_1e8vcs8._.js:776
[  538077ms] [LOG] [Fast Refresh] done in 2250ms @ http://localhost:3000/_next/static/chunks/node_modules_next_dist_1e8vcs8._.js:776
[  538180ms] [LOG] [Fast Refresh] done in 2250ms @ http://localhost:3000/_next/static/chunks/node_modules_next_dist_1e8vcs8._.js:776
[  538295ms] [LOG] [Fast Refresh] done in 2250ms @ http://localhost:3000/_next/static/chunks/node_modules_next_dist_1e8vcs8._.js:776
[  538415ms] [LOG] [Fast Refresh] done in 2250ms @ http://localhost:3000/_next/static/chunks/node_modules_next_dist_1e8vcs8._.js:776
[  538474ms] [LOG] [Fast Refresh] done in 2250ms @ http://localhost:3000/_next/static/chunks/node_modules_next_dist_1e8vcs8._.js:776
[  538581ms] [LOG] [Fast Refresh] done in 2250ms @ http://localhost:3000/_next/static/chunks/node_modules_next_dist_1e8vcs8._.js:776
[  538717ms] [LOG] [Fast Refresh] done in 2250ms @ http://localhost:3000/_next/static/chunks/node_modules_next_dist_1e8vcs8._.js:776
[  538802ms] [LOG] [Fast Refresh] done in 2250ms @ http://localhost:3000/_next/static/chunks/node_modules_next_dist_1e8vcs8._.js:776
[  538870ms] [LOG] [Fast Refresh] done in 2250ms @ http://localhost:3000/_next/static/chunks/node_modules_next_dist_1e8vcs8._.js:776
[  538987ms] [LOG] [Fast Refresh] done in 2250ms @ http://localhost:3000/_next/static/chunks/node_modules_next_dist_1e8vcs8._.js:776
[  539061ms] [LOG] [Fast Refresh] done in 2250ms @ http://localhost:3000/_next/static/chunks/node_modules_next_dist_1e8vcs8._.js:776
[  539176ms] [LOG] [Fast Refresh] done in 2250ms @ http://localhost:3000/_next/static/chunks/node_modules_next_dist_1e8vcs8._.js:776
[  539314ms] [LOG] [Fast Refresh] done in 2250ms @ http://localhost:3000/_next/static/chunks/node_modules_next_dist_1e8vcs8._.js:776
[  539384ms] [LOG] [Fast Refresh] done in 2250ms @ http://localhost:3000/_next/static/chunks/node_modules_next_dist_1e8vcs8._.js:776
[  539467ms] [LOG] [Fast Refresh] done in 2250ms @ http://localhost:3000/_next/static/chunks/node_modules_next_dist_1e8vcs8._.js:776
[  539557ms] [LOG] [Fast Refresh] done in 2250ms @ http://localhost:3000/_next/static/chunks/node_modules_next_dist_1e8vcs8._.js:776
[  539636ms] [LOG] [Fast Refresh] done in 2250ms @ http://localhost:3000/_next/static/chunks/node_modules_next_dist_1e8vcs8._.js:776
[  539744ms] [LOG] [Fast Refresh] done in 2250ms @ http://localhost:3000/_next/static/chunks/node_modules_next_dist_1e8vcs8._.js:776
[  539897ms] [LOG] [Fast Refresh] done in 2250ms @ http://localhost:3000/_next/static/chunks/node_modules_next_dist_1e8vcs8._.js:776
[  540011ms] [LOG] [Fast Refresh] done in 2250ms @ http://localhost:3000/_next/static/chunks/node_modules_next_dist_1e8vcs8._.js:776
[  540082ms] [LOG] [Fast Refresh] done in 2250ms @ http://localhost:3000/_next/static/chunks/node_modules_next_dist_1e8vcs8._.js:776
[  540186ms] [LOG] [Fast Refresh] done in 2250ms @ http://localhost:3000/_next/static/chunks/node_modules_next_dist_1e8vcs8._.js:776
[  540293ms] [LOG] [Fast Refresh] done in 2250ms @ http://localhost:3000/_next/static/chunks/node_modules_next_dist_1e8vcs8._.js:776
[  540394ms] [LOG] [Fast Refresh] done in 2250ms @ http://localhost:3000/_next/static/chunks/node_modules_next_dist_1e8vcs8._.js:776
[  540491ms] [LOG] [Fast Refresh] done in 2250ms @ http://localhost:3000/_next/static/chunks/node_modules_next_dist_1e8vcs8._.js:776
[  540580ms] [LOG] [Fast Refresh] done in 2250ms @ http://localhost:3000/_next/static/chunks/node_modules_next_dist_1e8vcs8._.js:776
[  540711ms] [LOG] [Fast Refresh] done in 2250ms @ http://localhost:3000/_next/static/chunks/node_modules_next_dist_1e8vcs8._.js:776
[  540826ms] [LOG] [Fast Refresh] done in 2250ms @ http://localhost:3000/_next/static/chunks/node_modules_next_dist_1e8vcs8._.js:776
[  540929ms] [LOG] [Fast Refresh] done in 2250ms @ http://localhost:3000/_next/static/chunks/node_modules_next_dist_1e8vcs8._.js:776
[  541017ms] [LOG] [Fast Refresh] done in 2250ms @ http://localhost:3000/_next/static/chunks/node_modules_next_dist_1e8vcs8._.js:776
[  541090ms] [LOG] [Fast Refresh] done in 2250ms @ http://localhost:3000/_next/static/chunks/node_modules_next_dist_1e8vcs8._.js:776
[  541223ms] [LOG] [Fast Refresh] done in 2250ms @ http://localhost:3000/_next/static/chunks/node_modules_next_dist_1e8vcs8._.js:776
[  541292ms] [LOG] [Fast Refresh] done in 2250ms @ http://localhost:3000/_next/static/chunks/node_modules_next_dist_1e8vcs8._.js:776
[  541399ms] [LOG] [Fast Refresh] done in 2250ms @ http://localhost:3000/_next/static/chunks/node_modules_next_dist_1e8vcs8._.js:776
[  541492ms] [LOG] [Fast Refresh] done in 2250ms @ http://localhost:3000/_next/static/chunks/node_modules_next_dist_1e8vcs8._.js:776
[  541613ms] [LOG] [Fast Refresh] done in 2250ms @ http://localhost:3000/_next/static/chunks/node_modules_next_dist_1e8vcs8._.js:776
[  541698ms] [LOG] [Fast Refresh] done in 2250ms @ http://localhost:3000/_next/static/chunks/node_modules_next_dist_1e8vcs8._.js:776
[  541814ms] [LOG] [Fast Refresh] done in 2250ms @ http://localhost:3000/_next/static/chunks/node_modules_next_dist_1e8vcs8._.js:776
[  541879ms] [LOG] [Fast Refresh] done in 2250ms @ http://localhost:3000/_next/static/chunks/node_modules_next_dist_1e8vcs8._.js:776
[  541985ms] [LOG] [Fast Refresh] done in 2250ms @ http://localhost:3000/_next/static/chunks/node_modules_next_dist_1e8vcs8._.js:776
[  542055ms] [LOG] [Fast Refresh] done in 2250ms @ http://localhost:3000/_next/static/chunks/node_modules_next_dist_1e8vcs8._.js:776
[  542149ms] [LOG] [Fast Refresh] done in 2250ms @ http://localhost:3000/_next/static/chunks/node_modules_next_dist_1e8vcs8._.js:776
[  542289ms] [LOG] [Fast Refresh] done in 2250ms @ http://localhost:3000/_next/static/chunks/node_modules_next_dist_1e8vcs8._.js:776
[  542553ms] [LOG] [Fast Refresh] done in 2250ms @ http://localhost:3000/_next/static/chunks/node_modules_next_dist_1e8vcs8._.js:776
[  542763ms] [LOG] [Fast Refresh] done in 2250ms @ http://localhost:3000/_next/static/chunks/node_modules_next_dist_1e8vcs8._.js:776
[  542892ms] [LOG] [Fast Refresh] done in 2250ms @ http://localhost:3000/_next/static/chunks/node_modules_next_dist_1e8vcs8._.js:776
[  542993ms] [LOG] [Fast Refresh] done in 2250ms @ http://localhost:3000/_next/static/chunks/node_modules_next_dist_1e8vcs8._.js:776
[  543130ms] [LOG] [Fast Refresh] done in 2250ms @ http://localhost:3000/_next/static/chunks/node_modules_next_dist_1e8vcs8._.js:776
[  543279ms] [LOG] [Fast Refresh] done in 2250ms @ http://localhost:3000/_next/static/chunks/node_modules_next_dist_1e8vcs8._.js:776
[  543414ms] [LOG] [Fast Refresh] done in 2250ms @ http://localhost:3000/_next/static/chunks/node_modules_next_dist_1e8vcs8._.js:776
[  543486ms] [LOG] [Fast Refresh] done in 2250ms @ http://localhost:3000/_next/static/chunks/node_modules_next_dist_1e8vcs8._.js:776
[  543584ms] [LOG] [Fast Refresh] done in 2250ms @ http://localhost:3000/_next/static/chunks/node_modules_next_dist_1e8vcs8._.js:776
[  543651ms] [LOG] [Fast Refresh] done in 2250ms @ http://localhost:3000/_next/static/chunks/node_modules_next_dist_1e8vcs8._.js:776
[  543725ms] [LOG] [Fast Refresh] done in 2250ms @ http://localhost:3000/_next/static/chunks/node_modules_next_dist_1e8vcs8._.js:776
[  543838ms] [LOG] [Fast Refresh] done in 2250ms @ http://localhost:3000/_next/static/chunks/node_modules_next_dist_1e8vcs8._.js:776
[  543939ms] [LOG] [Fast Refresh] done in 2250ms @ http://localhost:3000/_next/static/chunks/node_modules_next_dist_1e8vcs8._.js:776
[  544053ms] [LOG] [Fast Refresh] done in 2250ms @ http://localhost:3000/_next/static/chunks/node_modules_next_dist_1e8vcs8._.js:776
[  544167ms] [LOG] [Fast Refresh] done in 2250ms @ http://localhost:3000/_next/static/chunks/node_modules_next_dist_1e8vcs8._.js:776
[  544243ms] [LOG] [Fast Refresh] done in 2250ms @ http://localhost:3000/_next/static/chunks/node_modules_next_dist_1e8vcs8._.js:776
[  544332ms] [LOG] [Fast Refresh] done in 2250ms @ http://localhost:3000/_next/static/chunks/node_modules_next_dist_1e8vcs8._.js:776
[  544400ms] [LOG] [Fast Refresh] done in 2250ms @ http://localhost:3000/_next/static/chunks/node_modules_next_dist_1e8vcs8._.js:776
[  544481ms] [LOG] [Fast Refresh] done in 2250ms @ http://localhost:3000/_next/static/chunks/node_modules_next_dist_1e8vcs8._.js:776
[  544555ms] [LOG] [Fast Refresh] done in 2250ms @ http://localhost:3000/_next/static/chunks/node_modules_next_dist_1e8vcs8._.js:776
[  544618ms] [LOG] [Fast Refresh] done in 2250ms @ http://localhost:3000/_next/static/chunks/node_modules_next_dist_1e8vcs8._.js:776
[  544699ms] [LOG] [Fast Refresh] done in 2250ms @ http://localhost:3000/_next/static/chunks/node_modules_next_dist_1e8vcs8._.js:776
[  544782ms] [LOG] [Fast Refresh] done in 2250ms @ http://localhost:3000/_next/static/chunks/node_modules_next_dist_1e8vcs8._.js:776
[  544898ms] [LOG] [Fast Refresh] done in 2250ms @ http://localhost:3000/_next/static/chunks/node_modules_next_dist_1e8vcs8._.js:776
[  545025ms] [LOG] [Fast Refresh] done in 2250ms @ http://localhost:3000/_next/static/chunks/node_modules_next_dist_1e8vcs8._.js:776
[  545132ms] [LOG] [Fast Refresh] done in 2250ms @ http://localhost:3000/_next/static/chunks/node_modules_next_dist_1e8vcs8._.js:776
[  545249ms] [LOG] [Fast Refresh] done in 2250ms @ http://localhost:3000/_next/static/chunks/node_modules_next_dist_1e8vcs8._.js:776
[  545339ms] [LOG] [Fast Refresh] done in 2250ms @ http://localhost:3000/_next/static/chunks/node_modules_next_dist_1e8vcs8._.js:776
[  545455ms] [LOG] [Fast Refresh] done in 2250ms @ http://localhost:3000/_next/static/chunks/node_modules_next_dist_1e8vcs8._.js:776
[  545530ms] [LOG] [Fast Refresh] done in 2250ms @ http://localhost:3000/_next/static/chunks/node_modules_next_dist_1e8vcs8._.js:776
[  545655ms] [LOG] [Fast Refresh] done in 2250ms @ http://localhost:3000/_next/static/chunks/node_modules_next_dist_1e8vcs8._.js:776
[  545736ms] [LOG] [Fast Refresh] done in 2250ms @ http://localhost:3000/_next/static/chunks/node_modules_next_dist_1e8vcs8._.js:776
[  545839ms] [LOG] [Fast Refresh] done in 2250ms @ http://localhost:3000/_next/static/chunks/node_modules_next_dist_1e8vcs8._.js:776
[  545905ms] [LOG] [Fast Refresh] done in 2250ms @ http://localhost:3000/_next/static/chunks/node_modules_next_dist_1e8vcs8._.js:776
[  545992ms] [LOG] [Fast Refresh] done in 2250ms @ http://localhost:3000/_next/static/chunks/node_modules_next_dist_1e8vcs8._.js:776
[  546073ms] [LOG] [Fast Refresh] done in 2250ms @ http://localhost:3000/_next/static/chunks/node_modules_next_dist_1e8vcs8._.js:776
[  546144ms] [LOG] [Fast Refresh] done in 2250ms @ http://localhost:3000/_next/static/chunks/node_modules_next_dist_1e8vcs8._.js:776
[  546258ms] [LOG] [Fast Refresh] done in 2250ms @ http://localhost:3000/_next/static/chunks/node_modules_next_dist_1e8vcs8._.js:776
[  546359ms] [LOG] [Fast Refresh] done in 2250ms @ http://localhost:3000/_next/static/chunks/node_modules_next_dist_1e8vcs8._.js:776
[  546423ms] [LOG] [Fast Refresh] done in 2250ms @ http://localhost:3000/_next/static/chunks/node_modules_next_dist_1e8vcs8._.js:776
[  546484ms] [LOG] [Fast Refresh] done in 2250ms @ http://localhost:3000/_next/static/chunks/node_modules_next_dist_1e8vcs8._.js:776
[  546618ms] [LOG] [Fast Refresh] done in 2250ms @ http://localhost:3000/_next/static/chunks/node_modules_next_dist_1e8vcs8._.js:776
[  546717ms] [LOG] [Fast Refresh] done in 2250ms @ http://localhost:3000/_next/static/chunks/node_modules_next_dist_1e8vcs8._.js:776
[  546818ms] [LOG] [Fast Refresh] done in 2250ms @ http://localhost:3000/_next/static/chunks/node_modules_next_dist_1e8vcs8._.js:776
[  546937ms] [LOG] [Fast Refresh] done in 2250ms @ http://localhost:3000/_next/static/chunks/node_modules_next_dist_1e8vcs8._.js:776
[  547050ms] [LOG] [Fast Refresh] done in 2250ms @ http://localhost:3000/_next/static/chunks/node_modules_next_dist_1e8vcs8._.js:776
[  547147ms] [LOG] [Fast Refresh] done in 2250ms @ http://localhost:3000/_next/static/chunks/node_modules_next_dist_1e8vcs8._.js:776
[  547275ms] [LOG] [Fast Refresh] done in 2250ms @ http://localhost:3000/_next/static/chunks/node_modules_next_dist_1e8vcs8._.js:776
[  547354ms] [LOG] [Fast Refresh] done in 2250ms @ http://localhost:3000/_next/static/chunks/node_modules_next_dist_1e8vcs8._.js:776
[  547493ms] [LOG] [Fast Refresh] done in 2250ms @ http://localhost:3000/_next/static/chunks/node_modules_next_dist_1e8vcs8._.js:776
[  547578ms] [LOG] [Fast Refresh] done in 2250ms @ http://localhost:3000/_next/static/chunks/node_modules_next_dist_1e8vcs8._.js:776
[  547687ms] [LOG] [Fast Refresh] done in 2250ms @ http://localhost:3000/_next/static/chunks/node_modules_next_dist_1e8vcs8._.js:776
[  547795ms] [LOG] [Fast Refresh] done in 2250ms @ http://localhost:3000/_next/static/chunks/node_modules_next_dist_1e8vcs8._.js:776
[  547898ms] [LOG] [Fast Refresh] done in 2250ms @ http://localhost:3000/_next/static/chunks/node_modules_next_dist_1e8vcs8._.js:776
[  547998ms] [LOG] [Fast Refresh] done in 2250ms @ http://localhost:3000/_next/static/chunks/node_modules_next_dist_1e8vcs8._.js:776
[  548098ms] [LOG] [Fast Refresh] done in 2250ms @ http://localhost:3000/_next/static/chunks/node_modules_next_dist_1e8vcs8._.js:776
[  548186ms] [LOG] [Fast Refresh] done in 2250ms @ http://localhost:3000/_next/static/chunks/node_modules_next_dist_1e8vcs8._.js:776
[  548260ms] [LOG] [Fast Refresh] done in 2250ms @ http://localhost:3000/_next/static/chunks/node_modules_next_dist_1e8vcs8._.js:776
[  548381ms] [LOG] [Fast Refresh] done in 2250ms @ http://localhost:3000/_next/static/chunks/node_modules_next_dist_1e8vcs8._.js:776
[  548457ms] [LOG] [Fast Refresh] done in 2250ms @ http://localhost:3000/_next/static/chunks/node_modules_next_dist_1e8vcs8._.js:776
[  548534ms] [LOG] [Fast Refresh] done in 2250ms @ http://localhost:3000/_next/static/chunks/node_modules_next_dist_1e8vcs8._.js:776
[  548632ms] [LOG] [Fast Refresh] done in 2250ms @ http://localhost:3000/_next/static/chunks/node_modules_next_dist_1e8vcs8._.js:776
[  548724ms] [LOG] [Fast Refresh] done in 2250ms @ http://localhost:3000/_next/static/chunks/node_modules_next_dist_1e8vcs8._.js:776
[  548801ms] [LOG] [Fast Refresh] done in 2250ms @ http://localhost:3000/_next/static/chunks/node_modules_next_dist_1e8vcs8._.js:776
[  548875ms] [LOG] [Fast Refresh] done in 2250ms @ http://localhost:3000/_next/static/chunks/node_modules_next_dist_1e8vcs8._.js:776
[  548951ms] [LOG] [Fast Refresh] done in 2250ms @ http://localhost:3000/_next/static/chunks/node_modules_next_dist_1e8vcs8._.js:776
[  549046ms] [LOG] [Fast Refresh] done in 2250ms @ http://localhost:3000/_next/static/chunks/node_modules_next_dist_1e8vcs8._.js:776
[  549173ms] [LOG] [Fast Refresh] done in 2250ms @ http://localhost:3000/_next/static/chunks/node_modules_next_dist_1e8vcs8._.js:776
[  549282ms] [LOG] [Fast Refresh] done in 2250ms @ http://localhost:3000/_next/static/chunks/node_modules_next_dist_1e8vcs8._.js:776
[  549367ms] [LOG] [Fast Refresh] done in 2250ms @ http://localhost:3000/_next/static/chunks/node_modules_next_dist_1e8vcs8._.js:776
[  549472ms] [LOG] [Fast Refresh] done in 2250ms @ http://localhost:3000/_next/static/chunks/node_modules_next_dist_1e8vcs8._.js:776
[  549595ms] [LOG] [Fast Refresh] done in 2250ms @ http://localhost:3000/_next/static/chunks/node_modules_next_dist_1e8vcs8._.js:776
[  549673ms] [LOG] [Fast Refresh] done in 2250ms @ http://localhost:3000/_next/static/chunks/node_modules_next_dist_1e8vcs8._.js:776
[  549788ms] [LOG] [Fast Refresh] done in 2250ms @ http://localhost:3000/_next/static/chunks/node_modules_next_dist_1e8vcs8._.js:776
[  549852ms] [LOG] [Fast Refresh] done in 2250ms @ http://localhost:3000/_next/static/chunks/node_modules_next_dist_1e8vcs8._.js:776
[  549940ms] [LOG] [Fast Refresh] done in 2250ms @ http://localhost:3000/_next/static/chunks/node_modules_next_dist_1e8vcs8._.js:776
[  550048ms] [LOG] [Fast Refresh] done in 2250ms @ http://localhost:3000/_next/static/chunks/node_modules_next_dist_1e8vcs8._.js:776
[  550140ms] [LOG] [Fast Refresh] done in 2250ms @ http://localhost:3000/_next/static/chunks/node_modules_next_dist_1e8vcs8._.js:776
[  550265ms] [LOG] [Fast Refresh] done in 2250ms @ http://localhost:3000/_next/static/chunks/node_modules_next_dist_1e8vcs8._.js:776
[  550358ms] [LOG] [Fast Refresh] done in 2250ms @ http://localhost:3000/_next/static/chunks/node_modules_next_dist_1e8vcs8._.js:776
[  550467ms] [LOG] [Fast Refresh] done in 2250ms @ http://localhost:3000/_next/static/chunks/node_modules_next_dist_1e8vcs8._.js:776
[  550579ms] [LOG] [Fast Refresh] done in 2250ms @ http://localhost:3000/_next/static/chunks/node_modules_next_dist_1e8vcs8._.js:776
[  550669ms] [LOG] [Fast Refresh] done in 2250ms @ http://localhost:3000/_next/static/chunks/node_modules_next_dist_1e8vcs8._.js:776
[  550724ms] [LOG] [Fast Refresh] done in 2250ms @ http://localhost:3000/_next/static/chunks/node_modules_next_dist_1e8vcs8._.js:776
[  550819ms] [LOG] [Fast Refresh] done in 2250ms @ http://localhost:3000/_next/static/chunks/node_modules_next_dist_1e8vcs8._.js:776
[  550915ms] [LOG] [Fast Refresh] done in 2250ms @ http://localhost:3000/_next/static/chunks/node_modules_next_dist_1e8vcs8._.js:776
[  550995ms] [LOG] [Fast Refresh] done in 2250ms @ http://localhost:3000/_next/static/chunks/node_modules_next_dist_1e8vcs8._.js:776
[  551097ms] [LOG] [Fast Refresh] done in 2250ms @ http://localhost:3000/_next/static/chunks/node_modules_next_dist_1e8vcs8._.js:776
[  551198ms] [LOG] [Fast Refresh] done in 2250ms @ http://localhost:3000/_next/static/chunks/node_modules_next_dist_1e8vcs8._.js:776
[  551337ms] [LOG] [Fast Refresh] done in 2250ms @ http://localhost:3000/_next/static/chunks/node_modules_next_dist_1e8vcs8._.js:776
[  551470ms] [LOG] [Fast Refresh] done in 2250ms @ http://localhost:3000/_next/static/chunks/node_modules_next_dist_1e8vcs8._.js:776
[  551582ms] [LOG] [Fast Refresh] done in 2250ms @ http://localhost:3000/_next/static/chunks/node_modules_next_dist_1e8vcs8._.js:776
[  551696ms] [LOG] [Fast Refresh] done in 2250ms @ http://localhost:3000/_next/static/chunks/node_modules_next_dist_1e8vcs8._.js:776
[  551813ms] [LOG] [Fast Refresh] done in 2250ms @ http://localhost:3000/_next/static/chunks/node_modules_next_dist_1e8vcs8._.js:776
[  551925ms] [LOG] [Fast Refresh] done in 2250ms @ http://localhost:3000/_next/static/chunks/node_modules_next_dist_1e8vcs8._.js:776
[  552042ms] [LOG] [Fast Refresh] done in 2250ms @ http://localhost:3000/_next/static/chunks/node_modules_next_dist_1e8vcs8._.js:776
[  552130ms] [LOG] [Fast Refresh] done in 2250ms @ http://localhost:3000/_next/static/chunks/node_modules_next_dist_1e8vcs8._.js:776
[  552213ms] [LOG] [Fast Refresh] done in 2250ms @ http://localhost:3000/_next/static/chunks/node_modules_next_dist_1e8vcs8._.js:776
[  552307ms] [LOG] [Fast Refresh] done in 2250ms @ http://localhost:3000/_next/static/chunks/node_modules_next_dist_1e8vcs8._.js:776
[  552393ms] [LOG] [Fast Refresh] done in 2250ms @ http://localhost:3000/_next/static/chunks/node_modules_next_dist_1e8vcs8._.js:776
[  552480ms] [LOG] [Fast Refresh] done in 2250ms @ http://localhost:3000/_next/static/chunks/node_modules_next_dist_1e8vcs8._.js:776
[  552564ms] [LOG] [Fast Refresh] done in 2250ms @ http://localhost:3000/_next/static/chunks/node_modules_next_dist_1e8vcs8._.js:776
[  552681ms] [LOG] [Fast Refresh] done in 2250ms @ http://localhost:3000/_next/static/chunks/node_modules_next_dist_1e8vcs8._.js:776
[  552760ms] [LOG] [Fast Refresh] done in 2250ms @ http://localhost:3000/_next/static/chunks/node_modules_next_dist_1e8vcs8._.js:776
[  552889ms] [LOG] [Fast Refresh] done in 2250ms @ http://localhost:3000/_next/static/chunks/node_modules_next_dist_1e8vcs8._.js:776
[  552991ms] [LOG] [Fast Refresh] done in 2250ms @ http://localhost:3000/_next/static/chunks/node_modules_next_dist_1e8vcs8._.js:776
[  553096ms] [LOG] [Fast Refresh] done in 2250ms @ http://localhost:3000/_next/static/chunks/node_modules_next_dist_1e8vcs8._.js:776
[  553224ms] [LOG] [Fast Refresh] done in 2250ms @ http://localhost:3000/_next/static/chunks/node_modules_next_dist_1e8vcs8._.js:776
[  553307ms] [LOG] [Fast Refresh] done in 2250ms @ http://localhost:3000/_next/static/chunks/node_modules_next_dist_1e8vcs8._.js:776
[  553399ms] [LOG] [Fast Refresh] done in 2250ms @ http://localhost:3000/_next/static/chunks/node_modules_next_dist_1e8vcs8._.js:776
[  553520ms] [LOG] [Fast Refresh] done in 2250ms @ http://localhost:3000/_next/static/chunks/node_modules_next_dist_1e8vcs8._.js:776
[  553581ms] [LOG] [Fast Refresh] done in 2250ms @ http://localhost:3000/_next/static/chunks/node_modules_next_dist_1e8vcs8._.js:776
[  553695ms] [LOG] [Fast Refresh] done in 2250ms @ http://localhost:3000/_next/static/chunks/node_modules_next_dist_1e8vcs8._.js:776
[  553787ms] [LOG] [Fast Refresh] done in 2250ms @ http://localhost:3000/_next/static/chunks/node_modules_next_dist_1e8vcs8._.js:776
[  553865ms] [LOG] [Fast Refresh] done in 2250ms @ http://localhost:3000/_next/static/chunks/node_modules_next_dist_1e8vcs8._.js:776
[  553965ms] [LOG] [Fast Refresh] done in 2250ms @ http://localhost:3000/_next/static/chunks/node_modules_next_dist_1e8vcs8._.js:776
[  554074ms] [LOG] [Fast Refresh] done in 2250ms @ http://localhost:3000/_next/static/chunks/node_modules_next_dist_1e8vcs8._.js:776
[  554171ms] [LOG] [Fast Refresh] done in 2250ms @ http://localhost:3000/_next/static/chunks/node_modules_next_dist_1e8vcs8._.js:776
[  554259ms] [LOG] [Fast Refresh] done in 2250ms @ http://localhost:3000/_next/static/chunks/node_modules_next_dist_1e8vcs8._.js:776
[  554342ms] [LOG] [Fast Refresh] done in 2250ms @ http://localhost:3000/_next/static/chunks/node_modules_next_dist_1e8vcs8._.js:776
[  554445ms] [LOG] [Fast Refresh] done in 2250ms @ http://localhost:3000/_next/static/chunks/node_modules_next_dist_1e8vcs8._.js:776
[  554542ms] [LOG] [Fast Refresh] done in 2250ms @ http://localhost:3000/_next/static/chunks/node_modules_next_dist_1e8vcs8._.js:776
[  554630ms] [LOG] [Fast Refresh] done in 2250ms @ http://localhost:3000/_next/static/chunks/node_modules_next_dist_1e8vcs8._.js:776
[  554753ms] [LOG] [Fast Refresh] done in 2250ms @ http://localhost:3000/_next/static/chunks/node_modules_next_dist_1e8vcs8._.js:776
[  554856ms] [LOG] [Fast Refresh] done in 2250ms @ http://localhost:3000/_next/static/chunks/node_modules_next_dist_1e8vcs8._.js:776
[  554935ms] [LOG] [Fast Refresh] done in 2250ms @ http://localhost:3000/_next/static/chunks/node_modules_next_dist_1e8vcs8._.js:776
[  555030ms] [LOG] [Fast Refresh] done in 2250ms @ http://localhost:3000/_next/static/chunks/node_modules_next_dist_1e8vcs8._.js:776
[  555125ms] [LOG] [Fast Refresh] done in 2250ms @ http://localhost:3000/_next/static/chunks/node_modules_next_dist_1e8vcs8._.js:776
[  555206ms] [LOG] [Fast Refresh] done in 2250ms @ http://localhost:3000/_next/static/chunks/node_modules_next_dist_1e8vcs8._.js:776
[  555295ms] [LOG] [Fast Refresh] done in 2250ms @ http://localhost:3000/_next/static/chunks/node_modules_next_dist_1e8vcs8._.js:776
[  555392ms] [LOG] [Fast Refresh] done in 2250ms @ http://localhost:3000/_next/static/chunks/node_modules_next_dist_1e8vcs8._.js:776
[  555482ms] [LOG] [Fast Refresh] done in 2250ms @ http://localhost:3000/_next/static/chunks/node_modules_next_dist_1e8vcs8._.js:776
[  555581ms] [LOG] [Fast Refresh] done in 2250ms @ http://localhost:3000/_next/static/chunks/node_modules_next_dist_1e8vcs8._.js:776
[  555655ms] [LOG] [Fast Refresh] done in 2250ms @ http://localhost:3000/_next/static/chunks/node_modules_next_dist_1e8vcs8._.js:776
[  555740ms] [LOG] [Fast Refresh] done in 2250ms @ http://localhost:3000/_next/static/chunks/node_modules_next_dist_1e8vcs8._.js:776
[  555845ms] [LOG] [Fast Refresh] done in 2250ms @ http://localhost:3000/_next/static/chunks/node_modules_next_dist_1e8vcs8._.js:776
[  555934ms] [LOG] [Fast Refresh] done in 2250ms @ http://localhost:3000/_next/static/chunks/node_modules_next_dist_1e8vcs8._.js:776
[  556008ms] [LOG] [Fast Refresh] done in 2250ms @ http://localhost:3000/_next/static/chunks/node_modules_next_dist_1e8vcs8._.js:776
[  556111ms] [LOG] [Fast Refresh] done in 2250ms @ http://localhost:3000/_next/static/chunks/node_modules_next_dist_1e8vcs8._.js:776
[  556261ms] [LOG] [Fast Refresh] done in 2250ms @ http://localhost:3000/_next/static/chunks/node_modules_next_dist_1e8vcs8._.js:776
[  556391ms] [LOG] [Fast Refresh] done in 2250ms @ http://localhost:3000/_next/static/chunks/node_modules_next_dist_1e8vcs8._.js:776
[  556523ms] [LOG] [Fast Refresh] done in 2250ms @ http://localhost:3000/_next/static/chunks/node_modules_next_dist_1e8vcs8._.js:776
[  556622ms] [LOG] [Fast Refresh] done in 2250ms @ http://localhost:3000/_next/static/chunks/node_modules_next_dist_1e8vcs8._.js:776
[  556717ms] [LOG] [Fast Refresh] done in 2250ms @ http://localhost:3000/_next/static/chunks/node_modules_next_dist_1e8vcs8._.js:776
[  556786ms] [LOG] [Fast Refresh] done in 2250ms @ http://localhost:3000/_next/static/chunks/node_modules_next_dist_1e8vcs8._.js:776
[  556897ms] [LOG] [Fast Refresh] done in 2250ms @ http://localhost:3000/_next/static/chunks/node_modules_next_dist_1e8vcs8._.js:776
[  556961ms] [LOG] [Fast Refresh] done in 2250ms @ http://localhost:3000/_next/static/chunks/node_modules_next_dist_1e8vcs8._.js:776
[  557053ms] [LOG] [Fast Refresh] done in 2250ms @ http://localhost:3000/_next/static/chunks/node_modules_next_dist_1e8vcs8._.js:776
[  557136ms] [LOG] [Fast Refresh] done in 2250ms @ http://localhost:3000/_next/static/chunks/node_modules_next_dist_1e8vcs8._.js:776
[  557222ms] [LOG] [Fast Refresh] done in 2250ms @ http://localhost:3000/_next/static/chunks/node_modules_next_dist_1e8vcs8._.js:776
[  557306ms] [LOG] [Fast Refresh] done in 2250ms @ http://localhost:3000/_next/static/chunks/node_modules_next_dist_1e8vcs8._.js:776
[  557410ms] [LOG] [Fast Refresh] done in 2250ms @ http://localhost:3000/_next/static/chunks/node_modules_next_dist_1e8vcs8._.js:776
[  557545ms] [LOG] [Fast Refresh] done in 2250ms @ http://localhost:3000/_next/static/chunks/node_modules_next_dist_1e8vcs8._.js:776
[  557671ms] [LOG] [Fast Refresh] done in 2250ms @ http://localhost:3000/_next/static/chunks/node_modules_next_dist_1e8vcs8._.js:776
[  557758ms] [LOG] [Fast Refresh] done in 2250ms @ http://localhost:3000/_next/static/chunks/node_modules_next_dist_1e8vcs8._.js:776
[  557838ms] [LOG] [Fast Refresh] done in 2250ms @ http://localhost:3000/_next/static/chunks/node_modules_next_dist_1e8vcs8._.js:776
[  557946ms] [LOG] [Fast Refresh] done in 2250ms @ http://localhost:3000/_next/static/chunks/node_modules_next_dist_1e8vcs8._.js:776
[  558077ms] [LOG] [Fast Refresh] done in 2250ms @ http://localhost:3000/_next/static/chunks/node_modules_next_dist_1e8vcs8._.js:776
[  558161ms] [LOG] [Fast Refresh] done in 2250ms @ http://localhost:3000/_next/static/chunks/node_modules_next_dist_1e8vcs8._.js:776
[  558246ms] [LOG] [Fast Refresh] done in 2250ms @ http://localhost:3000/_next/static/chunks/node_modules_next_dist_1e8vcs8._.js:776
[  558347ms] [LOG] [Fast Refresh] done in 2250ms @ http://localhost:3000/_next/static/chunks/node_modules_next_dist_1e8vcs8._.js:776
[  558438ms] [LOG] [Fast Refresh] done in 2250ms @ http://localhost:3000/_next/static/chunks/node_modules_next_dist_1e8vcs8._.js:776
[  558523ms] [LOG] [Fast Refresh] done in 2250ms @ http://localhost:3000/_next/static/chunks/node_modules_next_dist_1e8vcs8._.js:776
[  558629ms] [LOG] [Fast Refresh] done in 2250ms @ http://localhost:3000/_next/static/chunks/node_modules_next_dist_1e8vcs8._.js:776
[  558730ms] [LOG] [Fast Refresh] done in 2250ms @ http://localhost:3000/_next/static/chunks/node_modules_next_dist_1e8vcs8._.js:776
[  558831ms] [LOG] [Fast Refresh] done in 2250ms @ http://localhost:3000/_next/static/chunks/node_modules_next_dist_1e8vcs8._.js:776
[  558917ms] [LOG] [Fast Refresh] done in 2250ms @ http://localhost:3000/_next/static/chunks/node_modules_next_dist_1e8vcs8._.js:776
[  559004ms] [LOG] [Fast Refresh] done in 2250ms @ http://localhost:3000/_next/static/chunks/node_modules_next_dist_1e8vcs8._.js:776
[  559087ms] [LOG] [Fast Refresh] done in 2250ms @ http://localhost:3000/_next/static/chunks/node_modules_next_dist_1e8vcs8._.js:776
[  559170ms] [LOG] [Fast Refresh] done in 2250ms @ http://localhost:3000/_next/static/chunks/node_modules_next_dist_1e8vcs8._.js:776
[  559274ms] [LOG] [Fast Refresh] done in 2250ms @ http://localhost:3000/_next/static/chunks/node_modules_next_dist_1e8vcs8._.js:776
[  559358ms] [LOG] [Fast Refresh] done in 2250ms @ http://localhost:3000/_next/static/chunks/node_modules_next_dist_1e8vcs8._.js:776
[  559472ms] [LOG] [Fast Refresh] done in 2250ms @ http://localhost:3000/_next/static/chunks/node_modules_next_dist_1e8vcs8._.js:776
[  559649ms] [LOG] [Fast Refresh] done in 2250ms @ http://localhost:3000/_next/static/chunks/node_modules_next_dist_1e8vcs8._.js:776
[  559785ms] [LOG] [Fast Refresh] done in 2250ms @ http://localhost:3000/_next/static/chunks/node_modules_next_dist_1e8vcs8._.js:776
[  559997ms] [LOG] [Fast Refresh] done in 2250ms @ http://localhost:3000/_next/static/chunks/node_modules_next_dist_1e8vcs8._.js:776
[  560206ms] [LOG] [Fast Refresh] done in 2250ms @ http://localhost:3000/_next/static/chunks/node_modules_next_dist_1e8vcs8._.js:776
[  560343ms] [LOG] [Fast Refresh] done in 2250ms @ http://localhost:3000/_next/static/chunks/node_modules_next_dist_1e8vcs8._.js:776
[  560487ms] [LOG] [Fast Refresh] done in 2250ms @ http://localhost:3000/_next/static/chunks/node_modules_next_dist_1e8vcs8._.js:776
[  560628ms] [LOG] [Fast Refresh] done in 2250ms @ http://localhost:3000/_next/static/chunks/node_modules_next_dist_1e8vcs8._.js:776
[  560763ms] [LOG] [Fast Refresh] done in 2250ms @ http://localhost:3000/_next/static/chunks/node_modules_next_dist_1e8vcs8._.js:776
[  560856ms] [LOG] [Fast Refresh] done in 2250ms @ http://localhost:3000/_next/static/chunks/node_modules_next_dist_1e8vcs8._.js:776
[  560945ms] [LOG] [Fast Refresh] done in 2250ms @ http://localhost:3000/_next/static/chunks/node_modules_next_dist_1e8vcs8._.js:776
[  561060ms] [LOG] [Fast Refresh] done in 2250ms @ http://localhost:3000/_next/static/chunks/node_modules_next_dist_1e8vcs8._.js:776
[  561177ms] [LOG] [Fast Refresh] done in 2250ms @ http://localhost:3000/_next/static/chunks/node_modules_next_dist_1e8vcs8._.js:776
[  561291ms] [LOG] [Fast Refresh] done in 2250ms @ http://localhost:3000/_next/static/chunks/node_modules_next_dist_1e8vcs8._.js:776
[  561373ms] [LOG] [Fast Refresh] done in 2250ms @ http://localhost:3000/_next/static/chunks/node_modules_next_dist_1e8vcs8._.js:776
[  561438ms] [LOG] [Fast Refresh] done in 2250ms @ http://localhost:3000/_next/static/chunks/node_modules_next_dist_1e8vcs8._.js:776
[  561541ms] [LOG] [Fast Refresh] done in 2250ms @ http://localhost:3000/_next/static/chunks/node_modules_next_dist_1e8vcs8._.js:776
[  561661ms] [LOG] [Fast Refresh] done in 2250ms @ http://localhost:3000/_next/static/chunks/node_modules_next_dist_1e8vcs8._.js:776
[  561755ms] [LOG] [Fast Refresh] done in 2250ms @ http://localhost:3000/_next/static/chunks/node_modules_next_dist_1e8vcs8._.js:776
[  561858ms] [LOG] [Fast Refresh] done in 2250ms @ http://localhost:3000/_next/static/chunks/node_modules_next_dist_1e8vcs8._.js:776
[  561936ms] [LOG] [Fast Refresh] done in 2250ms @ http://localhost:3000/_next/static/chunks/node_modules_next_dist_1e8vcs8._.js:776
[  562026ms] [LOG] [Fast Refresh] done in 2250ms @ http://localhost:3000/_next/static/chunks/node_modules_next_dist_1e8vcs8._.js:776
[  562135ms] [LOG] [Fast Refresh] done in 2250ms @ http://localhost:3000/_next/static/chunks/node_modules_next_dist_1e8vcs8._.js:776
[  562223ms] [LOG] [Fast Refresh] done in 2250ms @ http://localhost:3000/_next/static/chunks/node_modules_next_dist_1e8vcs8._.js:776
[  562309ms] [LOG] [Fast Refresh] done in 2250ms @ http://localhost:3000/_next/static/chunks/node_modules_next_dist_1e8vcs8._.js:776
[  562377ms] [LOG] [Fast Refresh] done in 2250ms @ http://localhost:3000/_next/static/chunks/node_modules_next_dist_1e8vcs8._.js:776
[  562521ms] [LOG] [Fast Refresh] done in 2250ms @ http://localhost:3000/_next/static/chunks/node_modules_next_dist_1e8vcs8._.js:776
[  562618ms] [LOG] [Fast Refresh] done in 2250ms @ http://localhost:3000/_next/static/chunks/node_modules_next_dist_1e8vcs8._.js:776
[  562712ms] [LOG] [Fast Refresh] done in 2250ms @ http://localhost:3000/_next/static/chunks/node_modules_next_dist_1e8vcs8._.js:776
[  562827ms] [LOG] [Fast Refresh] done in 2250ms @ http://localhost:3000/_next/static/chunks/node_modules_next_dist_1e8vcs8._.js:776
[  562940ms] [LOG] [Fast Refresh] done in 2250ms @ http://localhost:3000/_next/static/chunks/node_modules_next_dist_1e8vcs8._.js:776
[  563030ms] [LOG] [Fast Refresh] done in 2250ms @ http://localhost:3000/_next/static/chunks/node_modules_next_dist_1e8vcs8._.js:776
[  563172ms] [LOG] [Fast Refresh] done in 2250ms @ http://localhost:3000/_next/static/chunks/node_modules_next_dist_1e8vcs8._.js:776
[  563271ms] [LOG] [Fast Refresh] done in 2250ms @ http://localhost:3000/_next/static/chunks/node_modules_next_dist_1e8vcs8._.js:776
[  563409ms] [LOG] [Fast Refresh] done in 2250ms @ http://localhost:3000/_next/static/chunks/node_modules_next_dist_1e8vcs8._.js:776
[  563504ms] [LOG] [Fast Refresh] done in 2250ms @ http://localhost:3000/_next/static/chunks/node_modules_next_dist_1e8vcs8._.js:776
[  563595ms] [LOG] [Fast Refresh] done in 2250ms @ http://localhost:3000/_next/static/chunks/node_modules_next_dist_1e8vcs8._.js:776
[  563701ms] [LOG] [Fast Refresh] done in 2250ms @ http://localhost:3000/_next/static/chunks/node_modules_next_dist_1e8vcs8._.js:776
[  563798ms] [LOG] [Fast Refresh] done in 2250ms @ http://localhost:3000/_next/static/chunks/node_modules_next_dist_1e8vcs8._.js:776
[  563903ms] [LOG] [Fast Refresh] done in 2250ms @ http://localhost:3000/_next/static/chunks/node_modules_next_dist_1e8vcs8._.js:776
[  563972ms] [LOG] [Fast Refresh] done in 2250ms @ http://localhost:3000/_next/static/chunks/node_modules_next_dist_1e8vcs8._.js:776
[  564054ms] [LOG] [Fast Refresh] done in 2250ms @ http://localhost:3000/_next/static/chunks/node_modules_next_dist_1e8vcs8._.js:776
[  564144ms] [LOG] [Fast Refresh] done in 2250ms @ http://localhost:3000/_next/static/chunks/node_modules_next_dist_1e8vcs8._.js:776
[  564249ms] [LOG] [Fast Refresh] done in 2250ms @ http://localhost:3000/_next/static/chunks/node_modules_next_dist_1e8vcs8._.js:776
[  564341ms] [LOG] [Fast Refresh] done in 2250ms @ http://localhost:3000/_next/static/chunks/node_modules_next_dist_1e8vcs8._.js:776
[  564406ms] [LOG] [Fast Refresh] done in 2250ms @ http://localhost:3000/_next/static/chunks/node_modules_next_dist_1e8vcs8._.js:776
[  564516ms] [LOG] [Fast Refresh] done in 2250ms @ http://localhost:3000/_next/static/chunks/node_modules_next_dist_1e8vcs8._.js:776
[  564636ms] [LOG] [Fast Refresh] done in 2250ms @ http://localhost:3000/_next/static/chunks/node_modules_next_dist_1e8vcs8._.js:776
[  564725ms] [LOG] [Fast Refresh] done in 2250ms @ http://localhost:3000/_next/static/chunks/node_modules_next_dist_1e8vcs8._.js:776
[  564839ms] [LOG] [Fast Refresh] done in 2250ms @ http://localhost:3000/_next/static/chunks/node_modules_next_dist_1e8vcs8._.js:776
[  564934ms] [LOG] [Fast Refresh] done in 2250ms @ http://localhost:3000/_next/static/chunks/node_modules_next_dist_1e8vcs8._.js:776
[  565056ms] [LOG] [Fast Refresh] done in 2250ms @ http://localhost:3000/_next/static/chunks/node_modules_next_dist_1e8vcs8._.js:776
[  565180ms] [LOG] [Fast Refresh] done in 2250ms @ http://localhost:3000/_next/static/chunks/node_modules_next_dist_1e8vcs8._.js:776
[  565260ms] [LOG] [Fast Refresh] done in 2250ms @ http://localhost:3000/_next/static/chunks/node_modules_next_dist_1e8vcs8._.js:776
[  565366ms] [LOG] [Fast Refresh] done in 2250ms @ http://localhost:3000/_next/static/chunks/node_modules_next_dist_1e8vcs8._.js:776
[  565468ms] [LOG] [Fast Refresh] done in 2250ms @ http://localhost:3000/_next/static/chunks/node_modules_next_dist_1e8vcs8._.js:776
[  565550ms] [LOG] [Fast Refresh] done in 2250ms @ http://localhost:3000/_next/static/chunks/node_modules_next_dist_1e8vcs8._.js:776
[  565642ms] [LOG] [Fast Refresh] done in 2250ms @ http://localhost:3000/_next/static/chunks/node_modules_next_dist_1e8vcs8._.js:776
[  565749ms] [LOG] [Fast Refresh] done in 2250ms @ http://localhost:3000/_next/static/chunks/node_modules_next_dist_1e8vcs8._.js:776
[  565857ms] [LOG] [Fast Refresh] done in 2250ms @ http://localhost:3000/_next/static/chunks/node_modules_next_dist_1e8vcs8._.js:776
[  565943ms] [LOG] [Fast Refresh] done in 2250ms @ http://localhost:3000/_next/static/chunks/node_modules_next_dist_1e8vcs8._.js:776
[  566042ms] [LOG] [Fast Refresh] done in 2250ms @ http://localhost:3000/_next/static/chunks/node_modules_next_dist_1e8vcs8._.js:776
[  566126ms] [LOG] [Fast Refresh] done in 2250ms @ http://localhost:3000/_next/static/chunks/node_modules_next_dist_1e8vcs8._.js:776
[  566230ms] [LOG] [Fast Refresh] done in 2250ms @ http://localhost:3000/_next/static/chunks/node_modules_next_dist_1e8vcs8._.js:776
[  566319ms] [LOG] [Fast Refresh] done in 2250ms @ http://localhost:3000/_next/static/chunks/node_modules_next_dist_1e8vcs8._.js:776
[  566377ms] [LOG] [Fast Refresh] done in 2250ms @ http://localhost:3000/_next/static/chunks/node_modules_next_dist_1e8vcs8._.js:776
[  566479ms] [LOG] [Fast Refresh] done in 2250ms @ http://localhost:3000/_next/static/chunks/node_modules_next_dist_1e8vcs8._.js:776
[  566570ms] [LOG] [Fast Refresh] done in 2250ms @ http://localhost:3000/_next/static/chunks/node_modules_next_dist_1e8vcs8._.js:776
[  566669ms] [LOG] [Fast Refresh] done in 2250ms @ http://localhost:3000/_next/static/chunks/node_modules_next_dist_1e8vcs8._.js:776
[  566744ms] [LOG] [Fast Refresh] done in 2250ms @ http://localhost:3000/_next/static/chunks/node_modules_next_dist_1e8vcs8._.js:776
[  566841ms] [LOG] [Fast Refresh] done in 2250ms @ http://localhost:3000/_next/static/chunks/node_modules_next_dist_1e8vcs8._.js:776
[  566915ms] [LOG] [Fast Refresh] done in 2250ms @ http://localhost:3000/_next/static/chunks/node_modules_next_dist_1e8vcs8._.js:776
[  567054ms] [LOG] [Fast Refresh] done in 2250ms @ http://localhost:3000/_next/static/chunks/node_modules_next_dist_1e8vcs8._.js:776
[  567158ms] [LOG] [Fast Refresh] done in 2250ms @ http://localhost:3000/_next/static/chunks/node_modules_next_dist_1e8vcs8._.js:776
[  567267ms] [LOG] [Fast Refresh] done in 2250ms @ http://localhost:3000/_next/static/chunks/node_modules_next_dist_1e8vcs8._.js:776
[  567347ms] [LOG] [Fast Refresh] done in 2250ms @ http://localhost:3000/_next/static/chunks/node_modules_next_dist_1e8vcs8._.js:776
[  567460ms] [LOG] [Fast Refresh] done in 2250ms @ http://localhost:3000/_next/static/chunks/node_modules_next_dist_1e8vcs8._.js:776
[  567555ms] [LOG] [Fast Refresh] done in 2250ms @ http://localhost:3000/_next/static/chunks/node_modules_next_dist_1e8vcs8._.js:776
[  567629ms] [LOG] [Fast Refresh] done in 2250ms @ http://localhost:3000/_next/static/chunks/node_modules_next_dist_1e8vcs8._.js:776
[  567725ms] [LOG] [Fast Refresh] done in 2250ms @ http://localhost:3000/_next/static/chunks/node_modules_next_dist_1e8vcs8._.js:776
[  567800ms] [LOG] [Fast Refresh] done in 2250ms @ http://localhost:3000/_next/static/chunks/node_modules_next_dist_1e8vcs8._.js:776
[  567888ms] [LOG] [Fast Refresh] done in 2250ms @ http://localhost:3000/_next/static/chunks/node_modules_next_dist_1e8vcs8._.js:776
[  567990ms] [LOG] [Fast Refresh] done in 2250ms @ http://localhost:3000/_next/static/chunks/node_modules_next_dist_1e8vcs8._.js:776
[  568060ms] [LOG] [Fast Refresh] done in 2250ms @ http://localhost:3000/_next/static/chunks/node_modules_next_dist_1e8vcs8._.js:776
[  568161ms] [LOG] [Fast Refresh] done in 2250ms @ http://localhost:3000/_next/static/chunks/node_modules_next_dist_1e8vcs8._.js:776
[  568224ms] [LOG] [Fast Refresh] done in 2250ms @ http://localhost:3000/_next/static/chunks/node_modules_next_dist_1e8vcs8._.js:776
[  568336ms] [LOG] [Fast Refresh] done in 2250ms @ http://localhost:3000/_next/static/chunks/node_modules_next_dist_1e8vcs8._.js:776
[  568451ms] [LOG] [Fast Refresh] done in 2250ms @ http://localhost:3000/_next/static/chunks/node_modules_next_dist_1e8vcs8._.js:776
[  568559ms] [LOG] [Fast Refresh] done in 2250ms @ http://localhost:3000/_next/static/chunks/node_modules_next_dist_1e8vcs8._.js:776
[  568705ms] [LOG] [Fast Refresh] done in 2250ms @ http://localhost:3000/_next/static/chunks/node_modules_next_dist_1e8vcs8._.js:776
[  568805ms] [LOG] [Fast Refresh] done in 2250ms @ http://localhost:3000/_next/static/chunks/node_modules_next_dist_1e8vcs8._.js:776
[  568888ms] [LOG] [Fast Refresh] done in 2250ms @ http://localhost:3000/_next/static/chunks/node_modules_next_dist_1e8vcs8._.js:776
[  568947ms] [LOG] [Fast Refresh] done in 2250ms @ http://localhost:3000/_next/static/chunks/node_modules_next_dist_1e8vcs8._.js:776
[  569115ms] [LOG] [Fast Refresh] done in 2250ms @ http://localhost:3000/_next/static/chunks/node_modules_next_dist_1e8vcs8._.js:776
[  569234ms] [LOG] [Fast Refresh] done in 2250ms @ http://localhost:3000/_next/static/chunks/node_modules_next_dist_1e8vcs8._.js:776
[  569335ms] [LOG] [Fast Refresh] done in 2250ms @ http://localhost:3000/_next/static/chunks/node_modules_next_dist_1e8vcs8._.js:776
[  569421ms] [LOG] [Fast Refresh] done in 2250ms @ http://localhost:3000/_next/static/chunks/node_modules_next_dist_1e8vcs8._.js:776
[  569559ms] [LOG] [Fast Refresh] done in 2250ms @ http://localhost:3000/_next/static/chunks/node_modules_next_dist_1e8vcs8._.js:776
[  569655ms] [LOG] [Fast Refresh] done in 2250ms @ http://localhost:3000/_next/static/chunks/node_modules_next_dist_1e8vcs8._.js:776
[  569745ms] [LOG] [Fast Refresh] done in 2250ms @ http://localhost:3000/_next/static/chunks/node_modules_next_dist_1e8vcs8._.js:776
[  569818ms] [LOG] [Fast Refresh] done in 2250ms @ http://localhost:3000/_next/static/chunks/node_modules_next_dist_1e8vcs8._.js:776
[  569932ms] [LOG] [Fast Refresh] done in 2250ms @ http://localhost:3000/_next/static/chunks/node_modules_next_dist_1e8vcs8._.js:776
[  570083ms] [LOG] [Fast Refresh] done in 2250ms @ http://localhost:3000/_next/static/chunks/node_modules_next_dist_1e8vcs8._.js:776
[  570223ms] [LOG] [Fast Refresh] done in 2250ms @ http://localhost:3000/_next/static/chunks/node_modules_next_dist_1e8vcs8._.js:776
[  570404ms] [LOG] [Fast Refresh] done in 2250ms @ http://localhost:3000/_next/static/chunks/node_modules_next_dist_1e8vcs8._.js:776
[  570536ms] [LOG] [Fast Refresh] done in 2250ms @ http://localhost:3000/_next/static/chunks/node_modules_next_dist_1e8vcs8._.js:776
[  570669ms] [LOG] [Fast Refresh] done in 2250ms @ http://localhost:3000/_next/static/chunks/node_modules_next_dist_1e8vcs8._.js:776
[  570792ms] [LOG] [Fast Refresh] done in 2250ms @ http://localhost:3000/_next/static/chunks/node_modules_next_dist_1e8vcs8._.js:776
[  570921ms] [LOG] [Fast Refresh] done in 2250ms @ http://localhost:3000/_next/static/chunks/node_modules_next_dist_1e8vcs8._.js:776
[  570984ms] [LOG] [Fast Refresh] done in 2250ms @ http://localhost:3000/_next/static/chunks/node_modules_next_dist_1e8vcs8._.js:776
[  571100ms] [LOG] [Fast Refresh] done in 2250ms @ http://localhost:3000/_next/static/chunks/node_modules_next_dist_1e8vcs8._.js:776
[  571205ms] [LOG] [Fast Refresh] done in 2250ms @ http://localhost:3000/_next/static/chunks/node_modules_next_dist_1e8vcs8._.js:776
[  571314ms] [LOG] [Fast Refresh] done in 2250ms @ http://localhost:3000/_next/static/chunks/node_modules_next_dist_1e8vcs8._.js:776
[  571392ms] [LOG] [Fast Refresh] done in 2250ms @ http://localhost:3000/_next/static/chunks/node_modules_next_dist_1e8vcs8._.js:776
[  571485ms] [LOG] [Fast Refresh] done in 2250ms @ http://localhost:3000/_next/static/chunks/node_modules_next_dist_1e8vcs8._.js:776
[  571566ms] [LOG] [Fast Refresh] done in 2250ms @ http://localhost:3000/_next/static/chunks/node_modules_next_dist_1e8vcs8._.js:776
[  571721ms] [LOG] [Fast Refresh] done in 2250ms @ http://localhost:3000/_next/static/chunks/node_modules_next_dist_1e8vcs8._.js:776
[  571824ms] [LOG] [Fast Refresh] done in 2250ms @ http://localhost:3000/_next/static/chunks/node_modules_next_dist_1e8vcs8._.js:776
[  571939ms] [LOG] [Fast Refresh] done in 2250ms @ http://localhost:3000/_next/static/chunks/node_modules_next_dist_1e8vcs8._.js:776
[  572030ms] [LOG] [Fast Refresh] done in 2250ms @ http://localhost:3000/_next/static/chunks/node_modules_next_dist_1e8vcs8._.js:776
[  572132ms] [LOG] [Fast Refresh] done in 2250ms @ http://localhost:3000/_next/static/chunks/node_modules_next_dist_1e8vcs8._.js:776
[  572249ms] [LOG] [Fast Refresh] done in 2250ms @ http://localhost:3000/_next/static/chunks/node_modules_next_dist_1e8vcs8._.js:776
[  572367ms] [LOG] [Fast Refresh] done in 2250ms @ http://localhost:3000/_next/static/chunks/node_modules_next_dist_1e8vcs8._.js:776
[  572493ms] [LOG] [Fast Refresh] done in 2250ms @ http://localhost:3000/_next/static/chunks/node_modules_next_dist_1e8vcs8._.js:776
[  572599ms] [LOG] [Fast Refresh] done in 2250ms @ http://localhost:3000/_next/static/chunks/node_modules_next_dist_1e8vcs8._.js:776
[  572747ms] [LOG] [Fast Refresh] done in 2250ms @ http://localhost:3000/_next/static/chunks/node_modules_next_dist_1e8vcs8._.js:776
[  572840ms] [LOG] [Fast Refresh] done in 2250ms @ http://localhost:3000/_next/static/chunks/node_modules_next_dist_1e8vcs8._.js:776
[  572934ms] [LOG] [Fast Refresh] done in 2250ms @ http://localhost:3000/_next/static/chunks/node_modules_next_dist_1e8vcs8._.js:776
[  573030ms] [LOG] [Fast Refresh] done in 2250ms @ http://localhost:3000/_next/static/chunks/node_modules_next_dist_1e8vcs8._.js:776
[  573155ms] [LOG] [Fast Refresh] done in 2250ms @ http://localhost:3000/_next/static/chunks/node_modules_next_dist_1e8vcs8._.js:776
[  573300ms] [LOG] [Fast Refresh] done in 2250ms @ http://localhost:3000/_next/static/chunks/node_modules_next_dist_1e8vcs8._.js:776
[  573448ms] [LOG] [Fast Refresh] done in 2250ms @ http://localhost:3000/_next/static/chunks/node_modules_next_dist_1e8vcs8._.js:776
[  573576ms] [LOG] [Fast Refresh] done in 2250ms @ http://localhost:3000/_next/static/chunks/node_modules_next_dist_1e8vcs8._.js:776
[  573669ms] [LOG] [Fast Refresh] done in 2250ms @ http://localhost:3000/_next/static/chunks/node_modules_next_dist_1e8vcs8._.js:776
[  573767ms] [LOG] [Fast Refresh] done in 2250ms @ http://localhost:3000/_next/static/chunks/node_modules_next_dist_1e8vcs8._.js:776
[  573851ms] [LOG] [Fast Refresh] done in 2250ms @ http://localhost:3000/_next/static/chunks/node_modules_next_dist_1e8vcs8._.js:776
[  573959ms] [LOG] [Fast Refresh] done in 2250ms @ http://localhost:3000/_next/static/chunks/node_modules_next_dist_1e8vcs8._.js:776
[  574047ms] [LOG] [Fast Refresh] done in 2250ms @ http://localhost:3000/_next/static/chunks/node_modules_next_dist_1e8vcs8._.js:776
[  574181ms] [LOG] [Fast Refresh] done in 2250ms @ http://localhost:3000/_next/static/chunks/node_modules_next_dist_1e8vcs8._.js:776
[  574285ms] [LOG] [Fast Refresh] done in 2250ms @ http://localhost:3000/_next/static/chunks/node_modules_next_dist_1e8vcs8._.js:776
[  574403ms] [LOG] [Fast Refresh] done in 2250ms @ http://localhost:3000/_next/static/chunks/node_modules_next_dist_1e8vcs8._.js:776
[  574500ms] [LOG] [Fast Refresh] done in 2250ms @ http://localhost:3000/_next/static/chunks/node_modules_next_dist_1e8vcs8._.js:776
[  574584ms] [LOG] [Fast Refresh] done in 2250ms @ http://localhost:3000/_next/static/chunks/node_modules_next_dist_1e8vcs8._.js:776
[  574699ms] [LOG] [Fast Refresh] done in 2250ms @ http://localhost:3000/_next/static/chunks/node_modules_next_dist_1e8vcs8._.js:776
[  574841ms] [LOG] [Fast Refresh] done in 2250ms @ http://localhost:3000/_next/static/chunks/node_modules_next_dist_1e8vcs8._.js:776
[  574954ms] [LOG] [Fast Refresh] done in 2250ms @ http://localhost:3000/_next/static/chunks/node_modules_next_dist_1e8vcs8._.js:776
[  575050ms] [LOG] [Fast Refresh] done in 2250ms @ http://localhost:3000/_next/static/chunks/node_modules_next_dist_1e8vcs8._.js:776
[  575153ms] [LOG] [Fast Refresh] done in 2250ms @ http://localhost:3000/_next/static/chunks/node_modules_next_dist_1e8vcs8._.js:776
[  575289ms] [LOG] [Fast Refresh] done in 2250ms @ http://localhost:3000/_next/static/chunks/node_modules_next_dist_1e8vcs8._.js:776
[  575419ms] [LOG] [Fast Refresh] done in 2250ms @ http://localhost:3000/_next/static/chunks/node_modules_next_dist_1e8vcs8._.js:776
[  575513ms] [LOG] [Fast Refresh] done in 2250ms @ http://localhost:3000/_next/static/chunks/node_modules_next_dist_1e8vcs8._.js:776
[  575596ms] [LOG] [Fast Refresh] done in 2250ms @ http://localhost:3000/_next/static/chunks/node_modules_next_dist_1e8vcs8._.js:776
[  575688ms] [LOG] [Fast Refresh] done in 2250ms @ http://localhost:3000/_next/static/chunks/node_modules_next_dist_1e8vcs8._.js:776
[  575813ms] [LOG] [Fast Refresh] done in 2250ms @ http://localhost:3000/_next/static/chunks/node_modules_next_dist_1e8vcs8._.js:776
[  575904ms] [LOG] [Fast Refresh] done in 2250ms @ http://localhost:3000/_next/static/chunks/node_modules_next_dist_1e8vcs8._.js:776
[  575993ms] [LOG] [Fast Refresh] done in 2250ms @ http://localhost:3000/_next/static/chunks/node_modules_next_dist_1e8vcs8._.js:776
[  576062ms] [LOG] [Fast Refresh] done in 2250ms @ http://localhost:3000/_next/static/chunks/node_modules_next_dist_1e8vcs8._.js:776
[  576173ms] [LOG] [Fast Refresh] done in 2250ms @ http://localhost:3000/_next/static/chunks/node_modules_next_dist_1e8vcs8._.js:776
[  576299ms] [LOG] [Fast Refresh] done in 2250ms @ http://localhost:3000/_next/static/chunks/node_modules_next_dist_1e8vcs8._.js:776
[  576398ms] [LOG] [Fast Refresh] done in 2250ms @ http://localhost:3000/_next/static/chunks/node_modules_next_dist_1e8vcs8._.js:776
[  576482ms] [LOG] [Fast Refresh] done in 2250ms @ http://localhost:3000/_next/static/chunks/node_modules_next_dist_1e8vcs8._.js:776
[  576563ms] [LOG] [Fast Refresh] done in 2250ms @ http://localhost:3000/_next/static/chunks/node_modules_next_dist_1e8vcs8._.js:776
[  576681ms] [LOG] [Fast Refresh] done in 2250ms @ http://localhost:3000/_next/static/chunks/node_modules_next_dist_1e8vcs8._.js:776
[  576760ms] [LOG] [Fast Refresh] done in 2250ms @ http://localhost:3000/_next/static/chunks/node_modules_next_dist_1e8vcs8._.js:776
[  576865ms] [LOG] [Fast Refresh] done in 2250ms @ http://localhost:3000/_next/static/chunks/node_modules_next_dist_1e8vcs8._.js:776
[  576966ms] [LOG] [Fast Refresh] done in 2250ms @ http://localhost:3000/_next/static/chunks/node_modules_next_dist_1e8vcs8._.js:776
[  577071ms] [LOG] [Fast Refresh] done in 2250ms @ http://localhost:3000/_next/static/chunks/node_modules_next_dist_1e8vcs8._.js:776
[  577176ms] [LOG] [Fast Refresh] done in 2250ms @ http://localhost:3000/_next/static/chunks/node_modules_next_dist_1e8vcs8._.js:776
[  577247ms] [LOG] [Fast Refresh] done in 2250ms @ http://localhost:3000/_next/static/chunks/node_modules_next_dist_1e8vcs8._.js:776
[  577367ms] [LOG] [Fast Refresh] done in 2250ms @ http://localhost:3000/_next/static/chunks/node_modules_next_dist_1e8vcs8._.js:776
[  577487ms] [LOG] [Fast Refresh] done in 2250ms @ http://localhost:3000/_next/static/chunks/node_modules_next_dist_1e8vcs8._.js:776
[  577596ms] [LOG] [Fast Refresh] done in 2250ms @ http://localhost:3000/_next/static/chunks/node_modules_next_dist_1e8vcs8._.js:776
[  577726ms] [LOG] [Fast Refresh] done in 2250ms @ http://localhost:3000/_next/static/chunks/node_modules_next_dist_1e8vcs8._.js:776
[  577907ms] [LOG] [Fast Refresh] done in 2250ms @ http://localhost:3000/_next/static/chunks/node_modules_next_dist_1e8vcs8._.js:776
[  578059ms] [LOG] [Fast Refresh] done in 2250ms @ http://localhost:3000/_next/static/chunks/node_modules_next_dist_1e8vcs8._.js:776
[  578240ms] [LOG] [Fast Refresh] done in 2250ms @ http://localhost:3000/_next/static/chunks/node_modules_next_dist_1e8vcs8._.js:776
[  578373ms] [LOG] [Fast Refresh] done in 2250ms @ http://localhost:3000/_next/static/chunks/node_modules_next_dist_1e8vcs8._.js:776
[  578493ms] [LOG] [Fast Refresh] done in 2250ms @ http://localhost:3000/_next/static/chunks/node_modules_next_dist_1e8vcs8._.js:776
[  578621ms] [LOG] [Fast Refresh] done in 2250ms @ http://localhost:3000/_next/static/chunks/node_modules_next_dist_1e8vcs8._.js:776
[  578707ms] [LOG] [Fast Refresh] done in 2250ms @ http://localhost:3000/_next/static/chunks/node_modules_next_dist_1e8vcs8._.js:776
[  578826ms] [LOG] [Fast Refresh] done in 2250ms @ http://localhost:3000/_next/static/chunks/node_modules_next_dist_1e8vcs8._.js:776
[  578926ms] [LOG] [Fast Refresh] done in 2250ms @ http://localhost:3000/_next/static/chunks/node_modules_next_dist_1e8vcs8._.js:776
[  579049ms] [LOG] [Fast Refresh] done in 2250ms @ http://localhost:3000/_next/static/chunks/node_modules_next_dist_1e8vcs8._.js:776
[  579166ms] [LOG] [Fast Refresh] done in 2250ms @ http://localhost:3000/_next/static/chunks/node_modules_next_dist_1e8vcs8._.js:776
[  579268ms] [LOG] [Fast Refresh] done in 2250ms @ http://localhost:3000/_next/static/chunks/node_modules_next_dist_1e8vcs8._.js:776
[  579417ms] [LOG] [Fast Refresh] done in 2250ms @ http://localhost:3000/_next/static/chunks/node_modules_next_dist_1e8vcs8._.js:776
[  579516ms] [LOG] [Fast Refresh] done in 2250ms @ http://localhost:3000/_next/static/chunks/node_modules_next_dist_1e8vcs8._.js:776
[  579632ms] [LOG] [Fast Refresh] done in 2250ms @ http://localhost:3000/_next/static/chunks/node_modules_next_dist_1e8vcs8._.js:776
[  579736ms] [LOG] [Fast Refresh] done in 2250ms @ http://localhost:3000/_next/static/chunks/node_modules_next_dist_1e8vcs8._.js:776
[  579848ms] [LOG] [Fast Refresh] done in 2250ms @ http://localhost:3000/_next/static/chunks/node_modules_next_dist_1e8vcs8._.js:776
[  579972ms] [LOG] [Fast Refresh] done in 2250ms @ http://localhost:3000/_next/static/chunks/node_modules_next_dist_1e8vcs8._.js:776
[  580096ms] [LOG] [Fast Refresh] done in 2250ms @ http://localhost:3000/_next/static/chunks/node_modules_next_dist_1e8vcs8._.js:776
[  580230ms] [LOG] [Fast Refresh] done in 2250ms @ http://localhost:3000/_next/static/chunks/node_modules_next_dist_1e8vcs8._.js:776
[  580337ms] [LOG] [Fast Refresh] done in 2250ms @ http://localhost:3000/_next/static/chunks/node_modules_next_dist_1e8vcs8._.js:776
[  580456ms] [LOG] [Fast Refresh] done in 2250ms @ http://localhost:3000/_next/static/chunks/node_modules_next_dist_1e8vcs8._.js:776
[  580521ms] [LOG] [Fast Refresh] done in 2250ms @ http://localhost:3000/_next/static/chunks/node_modules_next_dist_1e8vcs8._.js:776
[  580660ms] [LOG] [Fast Refresh] done in 2250ms @ http://localhost:3000/_next/static/chunks/node_modules_next_dist_1e8vcs8._.js:776
[  580772ms] [LOG] [Fast Refresh] done in 2250ms @ http://localhost:3000/_next/static/chunks/node_modules_next_dist_1e8vcs8._.js:776
[  580862ms] [LOG] [Fast Refresh] done in 2250ms @ http://localhost:3000/_next/static/chunks/node_modules_next_dist_1e8vcs8._.js:776
[  581020ms] [LOG] [Fast Refresh] done in 2250ms @ http://localhost:3000/_next/static/chunks/node_modules_next_dist_1e8vcs8._.js:776
[  581104ms] [LOG] [Fast Refresh] done in 2250ms @ http://localhost:3000/_next/static/chunks/node_modules_next_dist_1e8vcs8._.js:776
[  581205ms] [LOG] [Fast Refresh] done in 2250ms @ http://localhost:3000/_next/static/chunks/node_modules_next_dist_1e8vcs8._.js:776
[  581305ms] [LOG] [Fast Refresh] done in 2250ms @ http://localhost:3000/_next/static/chunks/node_modules_next_dist_1e8vcs8._.js:776
[  581433ms] [LOG] [Fast Refresh] done in 2250ms @ http://localhost:3000/_next/static/chunks/node_modules_next_dist_1e8vcs8._.js:776
[  581630ms] [LOG] [Fast Refresh] done in 2250ms @ http://localhost:3000/_next/static/chunks/node_modules_next_dist_1e8vcs8._.js:776
[  581727ms] [LOG] [Fast Refresh] done in 2250ms @ http://localhost:3000/_next/static/chunks/node_modules_next_dist_1e8vcs8._.js:776
[  581833ms] [LOG] [Fast Refresh] done in 2250ms @ http://localhost:3000/_next/static/chunks/node_modules_next_dist_1e8vcs8._.js:776
[  581953ms] [LOG] [Fast Refresh] done in 2250ms @ http://localhost:3000/_next/static/chunks/node_modules_next_dist_1e8vcs8._.js:776
[  582067ms] [LOG] [Fast Refresh] done in 2250ms @ http://localhost:3000/_next/static/chunks/node_modules_next_dist_1e8vcs8._.js:776
[  582178ms] [LOG] [Fast Refresh] done in 2250ms @ http://localhost:3000/_next/static/chunks/node_modules_next_dist_1e8vcs8._.js:776
[  582258ms] [LOG] [Fast Refresh] done in 2250ms @ http://localhost:3000/_next/static/chunks/node_modules_next_dist_1e8vcs8._.js:776
[  582359ms] [LOG] [Fast Refresh] done in 2250ms @ http://localhost:3000/_next/static/chunks/node_modules_next_dist_1e8vcs8._.js:776
[  582438ms] [LOG] [Fast Refresh] done in 2250ms @ http://localhost:3000/_next/static/chunks/node_modules_next_dist_1e8vcs8._.js:776
[  582563ms] [LOG] [Fast Refresh] done in 2250ms @ http://localhost:3000/_next/static/chunks/node_modules_next_dist_1e8vcs8._.js:776
[  582667ms] [LOG] [Fast Refresh] done in 2250ms @ http://localhost:3000/_next/static/chunks/node_modules_next_dist_1e8vcs8._.js:776
[  582780ms] [LOG] [Fast Refresh] done in 2250ms @ http://localhost:3000/_next/static/chunks/node_modules_next_dist_1e8vcs8._.js:776
[  582895ms] [LOG] [Fast Refresh] done in 2250ms @ http://localhost:3000/_next/static/chunks/node_modules_next_dist_1e8vcs8._.js:776
[  583007ms] [LOG] [Fast Refresh] done in 2250ms @ http://localhost:3000/_next/static/chunks/node_modules_next_dist_1e8vcs8._.js:776
[  583132ms] [LOG] [Fast Refresh] done in 2250ms @ http://localhost:3000/_next/static/chunks/node_modules_next_dist_1e8vcs8._.js:776
[  583244ms] [LOG] [Fast Refresh] done in 2250ms @ http://localhost:3000/_next/static/chunks/node_modules_next_dist_1e8vcs8._.js:776
[  583376ms] [LOG] [Fast Refresh] done in 2250ms @ http://localhost:3000/_next/static/chunks/node_modules_next_dist_1e8vcs8._.js:776
[  583499ms] [LOG] [Fast Refresh] done in 2250ms @ http://localhost:3000/_next/static/chunks/node_modules_next_dist_1e8vcs8._.js:776
[  583607ms] [LOG] [Fast Refresh] done in 2250ms @ http://localhost:3000/_next/static/chunks/node_modules_next_dist_1e8vcs8._.js:776
[  583706ms] [LOG] [Fast Refresh] done in 2250ms @ http://localhost:3000/_next/static/chunks/node_modules_next_dist_1e8vcs8._.js:776
[  583813ms] [LOG] [Fast Refresh] done in 2250ms @ http://localhost:3000/_next/static/chunks/node_modules_next_dist_1e8vcs8._.js:776
[  583943ms] [LOG] [Fast Refresh] done in 2250ms @ http://localhost:3000/_next/static/chunks/node_modules_next_dist_1e8vcs8._.js:776
[  584066ms] [LOG] [Fast Refresh] done in 2250ms @ http://localhost:3000/_next/static/chunks/node_modules_next_dist_1e8vcs8._.js:776
[  584194ms] [LOG] [Fast Refresh] done in 2250ms @ http://localhost:3000/_next/static/chunks/node_modules_next_dist_1e8vcs8._.js:776
[  584287ms] [LOG] [Fast Refresh] done in 2250ms @ http://localhost:3000/_next/static/chunks/node_modules_next_dist_1e8vcs8._.js:776
[  584367ms] [LOG] [Fast Refresh] done in 2250ms @ http://localhost:3000/_next/static/chunks/node_modules_next_dist_1e8vcs8._.js:776
[  584468ms] [LOG] [Fast Refresh] done in 2250ms @ http://localhost:3000/_next/static/chunks/node_modules_next_dist_1e8vcs8._.js:776
[  584558ms] [LOG] [Fast Refresh] done in 2250ms @ http://localhost:3000/_next/static/chunks/node_modules_next_dist_1e8vcs8._.js:776
[  584634ms] [LOG] [Fast Refresh] done in 2250ms @ http://localhost:3000/_next/static/chunks/node_modules_next_dist_1e8vcs8._.js:776
[  584732ms] [LOG] [Fast Refresh] done in 2250ms @ http://localhost:3000/_next/static/chunks/node_modules_next_dist_1e8vcs8._.js:776
[  584808ms] [LOG] [Fast Refresh] done in 2250ms @ http://localhost:3000/_next/static/chunks/node_modules_next_dist_1e8vcs8._.js:776
[  584892ms] [LOG] [Fast Refresh] done in 2250ms @ http://localhost:3000/_next/static/chunks/node_modules_next_dist_1e8vcs8._.js:776
[  585016ms] [LOG] [Fast Refresh] done in 2250ms @ http://localhost:3000/_next/static/chunks/node_modules_next_dist_1e8vcs8._.js:776
[  585125ms] [LOG] [Fast Refresh] done in 2250ms @ http://localhost:3000/_next/static/chunks/node_modules_next_dist_1e8vcs8._.js:776
[  585183ms] [LOG] [Fast Refresh] done in 2250ms @ http://localhost:3000/_next/static/chunks/node_modules_next_dist_1e8vcs8._.js:776
[  585279ms] [LOG] [Fast Refresh] done in 2250ms @ http://localhost:3000/_next/static/chunks/node_modules_next_dist_1e8vcs8._.js:776
[  585386ms] [LOG] [Fast Refresh] done in 2250ms @ http://localhost:3000/_next/static/chunks/node_modules_next_dist_1e8vcs8._.js:776
[  585536ms] [LOG] [Fast Refresh] done in 2250ms @ http://localhost:3000/_next/static/chunks/node_modules_next_dist_1e8vcs8._.js:776
[  585629ms] [LOG] [Fast Refresh] done in 2250ms @ http://localhost:3000/_next/static/chunks/node_modules_next_dist_1e8vcs8._.js:776
[  585692ms] [LOG] [Fast Refresh] done in 2250ms @ http://localhost:3000/_next/static/chunks/node_modules_next_dist_1e8vcs8._.js:776
[  585783ms] [LOG] [Fast Refresh] done in 2250ms @ http://localhost:3000/_next/static/chunks/node_modules_next_dist_1e8vcs8._.js:776
[  585855ms] [LOG] [Fast Refresh] done in 2250ms @ http://localhost:3000/_next/static/chunks/node_modules_next_dist_1e8vcs8._.js:776
[  585947ms] [LOG] [Fast Refresh] done in 2250ms @ http://localhost:3000/_next/static/chunks/node_modules_next_dist_1e8vcs8._.js:776
[  586030ms] [LOG] [Fast Refresh] done in 2250ms @ http://localhost:3000/_next/static/chunks/node_modules_next_dist_1e8vcs8._.js:776
[  586181ms] [LOG] [Fast Refresh] done in 2250ms @ http://localhost:3000/_next/static/chunks/node_modules_next_dist_1e8vcs8._.js:776
[  586290ms] [LOG] [Fast Refresh] done in 2250ms @ http://localhost:3000/_next/static/chunks/node_modules_next_dist_1e8vcs8._.js:776
[  586372ms] [LOG] [Fast Refresh] done in 2250ms @ http://localhost:3000/_next/static/chunks/node_modules_next_dist_1e8vcs8._.js:776
[  586465ms] [LOG] [Fast Refresh] done in 2250ms @ http://localhost:3000/_next/static/chunks/node_modules_next_dist_1e8vcs8._.js:776
[  586632ms] [LOG] [Fast Refresh] done in 2250ms @ http://localhost:3000/_next/static/chunks/node_modules_next_dist_1e8vcs8._.js:776
[  589416ms] [LOG] [Fast Refresh] rebuilding @ http://localhost:3000/_next/static/chunks/node_modules_next_dist_1e8vcs8._.js:776
[  590345ms] [LOG] [Fast Refresh] done in 1036ms @ http://localhost:3000/_next/static/chunks/node_modules_next_dist_1e8vcs8._.js:776
[  745102ms] [LOG] [Fast Refresh] rebuilding @ http://localhost:3000/_next/static/chunks/node_modules_next_dist_1e8vcs8._.js:776
[  747300ms] [LOG] [Fast Refresh] done in 1884ms @ http://localhost:3000/_next/static/chunks/node_modules_next_dist_1e8vcs8._.js:776
[  747397ms] [LOG] [Fast Refresh] done in 1884ms @ http://localhost:3000/_next/static/chunks/node_modules_next_dist_1e8vcs8._.js:776
[  747566ms] [LOG] [Fast Refresh] done in 1884ms @ http://localhost:3000/_next/static/chunks/node_modules_next_dist_1e8vcs8._.js:776
[  747708ms] [LOG] [Fast Refresh] done in 1884ms @ http://localhost:3000/_next/static/chunks/node_modules_next_dist_1e8vcs8._.js:776
[  747861ms] [LOG] [Fast Refresh] done in 1884ms @ http://localhost:3000/_next/static/chunks/node_modules_next_dist_1e8vcs8._.js:776
[  747992ms] [LOG] [Fast Refresh] done in 1884ms @ http://localhost:3000/_next/static/chunks/node_modules_next_dist_1e8vcs8._.js:776
[  748100ms] [LOG] [Fast Refresh] done in 1884ms @ http://localhost:3000/_next/static/chunks/node_modules_next_dist_1e8vcs8._.js:776
[  748201ms] [LOG] [Fast Refresh] done in 1884ms @ http://localhost:3000/_next/static/chunks/node_modules_next_dist_1e8vcs8._.js:776
[  748332ms] [LOG] [Fast Refresh] done in 1884ms @ http://localhost:3000/_next/static/chunks/node_modules_next_dist_1e8vcs8._.js:776
[  748449ms] [LOG] [Fast Refresh] done in 1884ms @ http://localhost:3000/_next/static/chunks/node_modules_next_dist_1e8vcs8._.js:776
[  748594ms] [LOG] [Fast Refresh] done in 1884ms @ http://localhost:3000/_next/static/chunks/node_modules_next_dist_1e8vcs8._.js:776
[  748696ms] [LOG] [Fast Refresh] done in 1884ms @ http://localhost:3000/_next/static/chunks/node_modules_next_dist_1e8vcs8._.js:776
[  748791ms] [LOG] [Fast Refresh] done in 1884ms @ http://localhost:3000/_next/static/chunks/node_modules_next_dist_1e8vcs8._.js:776
[  748923ms] [LOG] [Fast Refresh] done in 1884ms @ http://localhost:3000/_next/static/chunks/node_modules_next_dist_1e8vcs8._.js:776
[  749066ms] [LOG] [Fast Refresh] done in 1884ms @ http://localhost:3000/_next/static/chunks/node_modules_next_dist_1e8vcs8._.js:776
[  749169ms] [LOG] [Fast Refresh] done in 1884ms @ http://localhost:3000/_next/static/chunks/node_modules_next_dist_1e8vcs8._.js:776
[  749264ms] [LOG] [Fast Refresh] done in 1884ms @ http://localhost:3000/_next/static/chunks/node_modules_next_dist_1e8vcs8._.js:776
[  749414ms] [LOG] [Fast Refresh] done in 1884ms @ http://localhost:3000/_next/static/chunks/node_modules_next_dist_1e8vcs8._.js:776
[  749525ms] [LOG] [Fast Refresh] done in 1884ms @ http://localhost:3000/_next/static/chunks/node_modules_next_dist_1e8vcs8._.js:776
[  749633ms] [LOG] [Fast Refresh] done in 1884ms @ http://localhost:3000/_next/static/chunks/node_modules_next_dist_1e8vcs8._.js:776
[  749748ms] [LOG] [Fast Refresh] done in 1884ms @ http://localhost:3000/_next/static/chunks/node_modules_next_dist_1e8vcs8._.js:776
[  749878ms] [LOG] [Fast Refresh] done in 1884ms @ http://localhost:3000/_next/static/chunks/node_modules_next_dist_1e8vcs8._.js:776
[  750020ms] [LOG] [Fast Refresh] done in 1884ms @ http://localhost:3000/_next/static/chunks/node_modules_next_dist_1e8vcs8._.js:776
[  750151ms] [LOG] [Fast Refresh] done in 1884ms @ http://localhost:3000/_next/static/chunks/node_modules_next_dist_1e8vcs8._.js:776
[  750290ms] [LOG] [Fast Refresh] done in 1884ms @ http://localhost:3000/_next/static/chunks/node_modules_next_dist_1e8vcs8._.js:776
[  750429ms] [LOG] [Fast Refresh] done in 1884ms @ http://localhost:3000/_next/static/chunks/node_modules_next_dist_1e8vcs8._.js:776
[  750571ms] [LOG] [Fast Refresh] done in 1884ms @ http://localhost:3000/_next/static/chunks/node_modules_next_dist_1e8vcs8._.js:776
[  750697ms] [LOG] [Fast Refresh] done in 1884ms @ http://localhost:3000/_next/static/chunks/node_modules_next_dist_1e8vcs8._.js:776
[  750778ms] [LOG] [Fast Refresh] done in 1884ms @ http://localhost:3000/_next/static/chunks/node_modules_next_dist_1e8vcs8._.js:776
[  750895ms] [LOG] [Fast Refresh] done in 1884ms @ http://localhost:3000/_next/static/chunks/node_modules_next_dist_1e8vcs8._.js:776
[  751019ms] [LOG] [Fast Refresh] done in 1884ms @ http://localhost:3000/_next/static/chunks/node_modules_next_dist_1e8vcs8._.js:776
[  751128ms] [LOG] [Fast Refresh] done in 1884ms @ http://localhost:3000/_next/static/chunks/node_modules_next_dist_1e8vcs8._.js:776
[  751222ms] [LOG] [Fast Refresh] done in 1884ms @ http://localhost:3000/_next/static/chunks/node_modules_next_dist_1e8vcs8._.js:776
[  751352ms] [LOG] [Fast Refresh] done in 1884ms @ http://localhost:3000/_next/static/chunks/node_modules_next_dist_1e8vcs8._.js:776
[  751434ms] [LOG] [Fast Refresh] done in 1884ms @ http://localhost:3000/_next/static/chunks/node_modules_next_dist_1e8vcs8._.js:776
[  765509ms] [LOG] [Fast Refresh] rebuilding @ http://localhost:3000/_next/static/chunks/node_modules_next_dist_1e8vcs8._.js:776
[  765868ms] [LOG] [Fast Refresh] done in 469ms @ http://localhost:3000/_next/static/chunks/node_modules_next_dist_1e8vcs8._.js:776
[  775012ms] [LOG] [Fast Refresh] rebuilding @ http://localhost:3000/_next/static/chunks/node_modules_next_dist_1e8vcs8._.js:776
[  775117ms] [LOG] [Fast Refresh] done in 218ms @ http://localhost:3000/_next/static/chunks/node_modules_next_dist_1e8vcs8._.js:776
[  792331ms] [LOG] [Fast Refresh] rebuilding @ http://localhost:3000/_next/static/chunks/node_modules_next_dist_1e8vcs8._.js:776
[  793091ms] [LOG] [Fast Refresh] done in 712ms @ http://localhost:3000/_next/static/chunks/node_modules_next_dist_1e8vcs8._.js:776
[  793613ms] [LOG] [Fast Refresh] done in 712ms @ http://localhost:3000/_next/static/chunks/node_modules_next_dist_1e8vcs8._.js:776
[  793807ms] [LOG] [Fast Refresh] done in 712ms @ http://localhost:3000/_next/static/chunks/node_modules_next_dist_1e8vcs8._.js:776
[  793941ms] [LOG] [Fast Refresh] done in 712ms @ http://localhost:3000/_next/static/chunks/node_modules_next_dist_1e8vcs8._.js:776
[  794078ms] [LOG] [Fast Refresh] done in 712ms @ http://localhost:3000/_next/static/chunks/node_modules_next_dist_1e8vcs8._.js:776
[  794177ms] [LOG] [Fast Refresh] done in 712ms @ http://localhost:3000/_next/static/chunks/node_modules_next_dist_1e8vcs8._.js:776
[  794267ms] [LOG] [Fast Refresh] done in 712ms @ http://localhost:3000/_next/static/chunks/node_modules_next_dist_1e8vcs8._.js:776
[  794367ms] [LOG] [Fast Refresh] done in 712ms @ http://localhost:3000/_next/static/chunks/node_modules_next_dist_1e8vcs8._.js:776
[  794467ms] [LOG] [Fast Refresh] done in 712ms @ http://localhost:3000/_next/static/chunks/node_modules_next_dist_1e8vcs8._.js:776
[  794568ms] [LOG] [Fast Refresh] done in 712ms @ http://localhost:3000/_next/static/chunks/node_modules_next_dist_1e8vcs8._.js:776
[  794706ms] [LOG] [Fast Refresh] done in 712ms @ http://localhost:3000/_next/static/chunks/node_modules_next_dist_1e8vcs8._.js:776
[  794827ms] [LOG] [Fast Refresh] done in 712ms @ http://localhost:3000/_next/static/chunks/node_modules_next_dist_1e8vcs8._.js:776
[  794960ms] [LOG] [Fast Refresh] done in 712ms @ http://localhost:3000/_next/static/chunks/node_modules_next_dist_1e8vcs8._.js:776
[  795050ms] [LOG] [Fast Refresh] done in 712ms @ http://localhost:3000/_next/static/chunks/node_modules_next_dist_1e8vcs8._.js:776
[  795184ms] [LOG] [Fast Refresh] done in 712ms @ http://localhost:3000/_next/static/chunks/node_modules_next_dist_1e8vcs8._.js:776
[  795291ms] [LOG] [Fast Refresh] done in 712ms @ http://localhost:3000/_next/static/chunks/node_modules_next_dist_1e8vcs8._.js:776
[  795437ms] [LOG] [Fast Refresh] done in 712ms @ http://localhost:3000/_next/static/chunks/node_modules_next_dist_1e8vcs8._.js:776
[  795500ms] [LOG] [Fast Refresh] done in 712ms @ http://localhost:3000/_next/static/chunks/node_modules_next_dist_1e8vcs8._.js:776
[  795613ms] [LOG] [Fast Refresh] done in 712ms @ http://localhost:3000/_next/static/chunks/node_modules_next_dist_1e8vcs8._.js:776
[  795709ms] [LOG] [Fast Refresh] done in 712ms @ http://localhost:3000/_next/static/chunks/node_modules_next_dist_1e8vcs8._.js:776
[  795794ms] [LOG] [Fast Refresh] done in 712ms @ http://localhost:3000/_next/static/chunks/node_modules_next_dist_1e8vcs8._.js:776
[  795893ms] [LOG] [Fast Refresh] done in 712ms @ http://localhost:3000/_next/static/chunks/node_modules_next_dist_1e8vcs8._.js:776
[  795997ms] [LOG] [Fast Refresh] done in 712ms @ http://localhost:3000/_next/static/chunks/node_modules_next_dist_1e8vcs8._.js:776
[  796112ms] [LOG] [Fast Refresh] done in 712ms @ http://localhost:3000/_next/static/chunks/node_modules_next_dist_1e8vcs8._.js:776
[  796214ms] [LOG] [Fast Refresh] done in 712ms @ http://localhost:3000/_next/static/chunks/node_modules_next_dist_1e8vcs8._.js:776
[  796351ms] [LOG] [Fast Refresh] done in 712ms @ http://localhost:3000/_next/static/chunks/node_modules_next_dist_1e8vcs8._.js:776
[  796476ms] [LOG] [Fast Refresh] done in 712ms @ http://localhost:3000/_next/static/chunks/node_modules_next_dist_1e8vcs8._.js:776
[  796618ms] [LOG] [Fast Refresh] done in 712ms @ http://localhost:3000/_next/static/chunks/node_modules_next_dist_1e8vcs8._.js:776
[  796720ms] [LOG] [Fast Refresh] done in 712ms @ http://localhost:3000/_next/static/chunks/node_modules_next_dist_1e8vcs8._.js:776
[  796887ms] [LOG] [Fast Refresh] done in 712ms @ http://localhost:3000/_next/static/chunks/node_modules_next_dist_1e8vcs8._.js:776
[  796996ms] [LOG] [Fast Refresh] done in 712ms @ http://localhost:3000/_next/static/chunks/node_modules_next_dist_1e8vcs8._.js:776
[  797095ms] [LOG] [Fast Refresh] done in 712ms @ http://localhost:3000/_next/static/chunks/node_modules_next_dist_1e8vcs8._.js:776
[  797229ms] [LOG] [Fast Refresh] done in 712ms @ http://localhost:3000/_next/static/chunks/node_modules_next_dist_1e8vcs8._.js:776
[  797344ms] [LOG] [Fast Refresh] done in 712ms @ http://localhost:3000/_next/static/chunks/node_modules_next_dist_1e8vcs8._.js:776
[  797525ms] [LOG] [Fast Refresh] done in 712ms @ http://localhost:3000/_next/static/chunks/node_modules_next_dist_1e8vcs8._.js:776
[  797656ms] [LOG] [Fast Refresh] done in 712ms @ http://localhost:3000/_next/static/chunks/node_modules_next_dist_1e8vcs8._.js:776
[  797755ms] [LOG] [Fast Refresh] done in 712ms @ http://localhost:3000/_next/static/chunks/node_modules_next_dist_1e8vcs8._.js:776
[  797866ms] [LOG] [Fast Refresh] done in 712ms @ http://localhost:3000/_next/static/chunks/node_modules_next_dist_1e8vcs8._.js:776
[  797990ms] [LOG] [Fast Refresh] done in 712ms @ http://localhost:3000/_next/static/chunks/node_modules_next_dist_1e8vcs8._.js:776
[  798064ms] [LOG] [Fast Refresh] done in 712ms @ http://localhost:3000/_next/static/chunks/node_modules_next_dist_1e8vcs8._.js:776
[  798214ms] [LOG] [Fast Refresh] done in 712ms @ http://localhost:3000/_next/static/chunks/node_modules_next_dist_1e8vcs8._.js:776
[  798327ms] [LOG] [Fast Refresh] done in 712ms @ http://localhost:3000/_next/static/chunks/node_modules_next_dist_1e8vcs8._.js:776
[  798456ms] [LOG] [Fast Refresh] done in 712ms @ http://localhost:3000/_next/static/chunks/node_modules_next_dist_1e8vcs8._.js:776
[  798567ms] [LOG] [Fast Refresh] done in 712ms @ http://localhost:3000/_next/static/chunks/node_modules_next_dist_1e8vcs8._.js:776
[  798724ms] [LOG] [Fast Refresh] done in 712ms @ http://localhost:3000/_next/static/chunks/node_modules_next_dist_1e8vcs8._.js:776
[  798882ms] [LOG] [Fast Refresh] done in 712ms @ http://localhost:3000/_next/static/chunks/node_modules_next_dist_1e8vcs8._.js:776
[  798992ms] [LOG] [Fast Refresh] done in 712ms @ http://localhost:3000/_next/static/chunks/node_modules_next_dist_1e8vcs8._.js:776
[  799093ms] [LOG] [Fast Refresh] done in 712ms @ http://localhost:3000/_next/static/chunks/node_modules_next_dist_1e8vcs8._.js:776
[  799189ms] [LOG] [Fast Refresh] done in 712ms @ http://localhost:3000/_next/static/chunks/node_modules_next_dist_1e8vcs8._.js:776
[  799295ms] [LOG] [Fast Refresh] done in 712ms @ http://localhost:3000/_next/static/chunks/node_modules_next_dist_1e8vcs8._.js:776
[  799391ms] [LOG] [Fast Refresh] done in 712ms @ http://localhost:3000/_next/static/chunks/node_modules_next_dist_1e8vcs8._.js:776
[  799497ms] [LOG] [Fast Refresh] done in 712ms @ http://localhost:3000/_next/static/chunks/node_modules_next_dist_1e8vcs8._.js:776
[  799636ms] [LOG] [Fast Refresh] done in 712ms @ http://localhost:3000/_next/static/chunks/node_modules_next_dist_1e8vcs8._.js:776
[  799712ms] [LOG] [Fast Refresh] done in 712ms @ http://localhost:3000/_next/static/chunks/node_modules_next_dist_1e8vcs8._.js:776
[  799834ms] [LOG] [Fast Refresh] done in 712ms @ http://localhost:3000/_next/static/chunks/node_modules_next_dist_1e8vcs8._.js:776
[  799938ms] [LOG] [Fast Refresh] done in 712ms @ http://localhost:3000/_next/static/chunks/node_modules_next_dist_1e8vcs8._.js:776
[  800045ms] [LOG] [Fast Refresh] done in 712ms @ http://localhost:3000/_next/static/chunks/node_modules_next_dist_1e8vcs8._.js:776
[  800157ms] [LOG] [Fast Refresh] done in 712ms @ http://localhost:3000/_next/static/chunks/node_modules_next_dist_1e8vcs8._.js:776
[  800314ms] [LOG] [Fast Refresh] done in 712ms @ http://localhost:3000/_next/static/chunks/node_modules_next_dist_1e8vcs8._.js:776
[  800414ms] [LOG] [Fast Refresh] done in 712ms @ http://localhost:3000/_next/static/chunks/node_modules_next_dist_1e8vcs8._.js:776
[  800494ms] [LOG] [Fast Refresh] done in 712ms @ http://localhost:3000/_next/static/chunks/node_modules_next_dist_1e8vcs8._.js:776
[  800631ms] [LOG] [Fast Refresh] done in 712ms @ http://localhost:3000/_next/static/chunks/node_modules_next_dist_1e8vcs8._.js:776
[  800764ms] [LOG] [Fast Refresh] done in 712ms @ http://localhost:3000/_next/static/chunks/node_modules_next_dist_1e8vcs8._.js:776
[  800899ms] [LOG] [Fast Refresh] done in 712ms @ http://localhost:3000/_next/static/chunks/node_modules_next_dist_1e8vcs8._.js:776
[  801007ms] [LOG] [Fast Refresh] done in 712ms @ http://localhost:3000/_next/static/chunks/node_modules_next_dist_1e8vcs8._.js:776
[  801134ms] [LOG] [Fast Refresh] done in 712ms @ http://localhost:3000/_next/static/chunks/node_modules_next_dist_1e8vcs8._.js:776
[  801248ms] [LOG] [Fast Refresh] done in 712ms @ http://localhost:3000/_next/static/chunks/node_modules_next_dist_1e8vcs8._.js:776
[  801394ms] [LOG] [Fast Refresh] done in 712ms @ http://localhost:3000/_next/static/chunks/node_modules_next_dist_1e8vcs8._.js:776
[  801532ms] [LOG] [Fast Refresh] done in 712ms @ http://localhost:3000/_next/static/chunks/node_modules_next_dist_1e8vcs8._.js:776
[  801639ms] [LOG] [Fast Refresh] done in 712ms @ http://localhost:3000/_next/static/chunks/node_modules_next_dist_1e8vcs8._.js:776
[  801778ms] [LOG] [Fast Refresh] done in 712ms @ http://localhost:3000/_next/static/chunks/node_modules_next_dist_1e8vcs8._.js:776
[  801898ms] [LOG] [Fast Refresh] done in 712ms @ http://localhost:3000/_next/static/chunks/node_modules_next_dist_1e8vcs8._.js:776
[  801985ms] [LOG] [Fast Refresh] done in 712ms @ http://localhost:3000/_next/static/chunks/node_modules_next_dist_1e8vcs8._.js:776
[  802081ms] [LOG] [Fast Refresh] done in 712ms @ http://localhost:3000/_next/static/chunks/node_modules_next_dist_1e8vcs8._.js:776
[  802187ms] [LOG] [Fast Refresh] done in 712ms @ http://localhost:3000/_next/static/chunks/node_modules_next_dist_1e8vcs8._.js:776
[  802324ms] [LOG] [Fast Refresh] done in 712ms @ http://localhost:3000/_next/static/chunks/node_modules_next_dist_1e8vcs8._.js:776
[  802433ms] [LOG] [Fast Refresh] done in 712ms @ http://localhost:3000/_next/static/chunks/node_modules_next_dist_1e8vcs8._.js:776
[  802552ms] [LOG] [Fast Refresh] done in 712ms @ http://localhost:3000/_next/static/chunks/node_modules_next_dist_1e8vcs8._.js:776
[  802650ms] [LOG] [Fast Refresh] done in 712ms @ http://localhost:3000/_next/static/chunks/node_modules_next_dist_1e8vcs8._.js:776
[  802755ms] [LOG] [Fast Refresh] done in 712ms @ http://localhost:3000/_next/static/chunks/node_modules_next_dist_1e8vcs8._.js:776
[  802856ms] [LOG] [Fast Refresh] done in 712ms @ http://localhost:3000/_next/static/chunks/node_modules_next_dist_1e8vcs8._.js:776
[  802945ms] [LOG] [Fast Refresh] done in 712ms @ http://localhost:3000/_next/static/chunks/node_modules_next_dist_1e8vcs8._.js:776
[  803047ms] [LOG] [Fast Refresh] done in 712ms @ http://localhost:3000/_next/static/chunks/node_modules_next_dist_1e8vcs8._.js:776
[  803166ms] [LOG] [Fast Refresh] done in 712ms @ http://localhost:3000/_next/static/chunks/node_modules_next_dist_1e8vcs8._.js:776
[  803325ms] [LOG] [Fast Refresh] done in 712ms @ http://localhost:3000/_next/static/chunks/node_modules_next_dist_1e8vcs8._.js:776
[  803430ms] [LOG] [Fast Refresh] done in 712ms @ http://localhost:3000/_next/static/chunks/node_modules_next_dist_1e8vcs8._.js:776
[  803514ms] [LOG] [Fast Refresh] done in 712ms @ http://localhost:3000/_next/static/chunks/node_modules_next_dist_1e8vcs8._.js:776
[  803631ms] [LOG] [Fast Refresh] done in 712ms @ http://localhost:3000/_next/static/chunks/node_modules_next_dist_1e8vcs8._.js:776
[  803697ms] [LOG] [Fast Refresh] done in 712ms @ http://localhost:3000/_next/static/chunks/node_modules_next_dist_1e8vcs8._.js:776
[  803810ms] [LOG] [Fast Refresh] done in 712ms @ http://localhost:3000/_next/static/chunks/node_modules_next_dist_1e8vcs8._.js:776
[  803887ms] [LOG] [Fast Refresh] done in 712ms @ http://localhost:3000/_next/static/chunks/node_modules_next_dist_1e8vcs8._.js:776
[  803991ms] [LOG] [Fast Refresh] done in 712ms @ http://localhost:3000/_next/static/chunks/node_modules_next_dist_1e8vcs8._.js:776
[  804129ms] [LOG] [Fast Refresh] done in 712ms @ http://localhost:3000/_next/static/chunks/node_modules_next_dist_1e8vcs8._.js:776
[  804301ms] [LOG] [Fast Refresh] done in 712ms @ http://localhost:3000/_next/static/chunks/node_modules_next_dist_1e8vcs8._.js:776
[  804419ms] [LOG] [Fast Refresh] done in 712ms @ http://localhost:3000/_next/static/chunks/node_modules_next_dist_1e8vcs8._.js:776
[  804524ms] [LOG] [Fast Refresh] done in 712ms @ http://localhost:3000/_next/static/chunks/node_modules_next_dist_1e8vcs8._.js:776
[  804609ms] [LOG] [Fast Refresh] done in 712ms @ http://localhost:3000/_next/static/chunks/node_modules_next_dist_1e8vcs8._.js:776
[  804690ms] [LOG] [Fast Refresh] done in 712ms @ http://localhost:3000/_next/static/chunks/node_modules_next_dist_1e8vcs8._.js:776
[  804785ms] [LOG] [Fast Refresh] done in 712ms @ http://localhost:3000/_next/static/chunks/node_modules_next_dist_1e8vcs8._.js:776
[  804906ms] [LOG] [Fast Refresh] done in 712ms @ http://localhost:3000/_next/static/chunks/node_modules_next_dist_1e8vcs8._.js:776
[  804980ms] [LOG] [Fast Refresh] done in 712ms @ http://localhost:3000/_next/static/chunks/node_modules_next_dist_1e8vcs8._.js:776
[  805059ms] [LOG] [Fast Refresh] done in 712ms @ http://localhost:3000/_next/static/chunks/node_modules_next_dist_1e8vcs8._.js:776
[  805162ms] [LOG] [Fast Refresh] done in 712ms @ http://localhost:3000/_next/static/chunks/node_modules_next_dist_1e8vcs8._.js:776
[  805239ms] [LOG] [Fast Refresh] done in 712ms @ http://localhost:3000/_next/static/chunks/node_modules_next_dist_1e8vcs8._.js:776
[  805360ms] [LOG] [Fast Refresh] done in 712ms @ http://localhost:3000/_next/static/chunks/node_modules_next_dist_1e8vcs8._.js:776
[  805472ms] [LOG] [Fast Refresh] done in 712ms @ http://localhost:3000/_next/static/chunks/node_modules_next_dist_1e8vcs8._.js:776
[  805607ms] [LOG] [Fast Refresh] done in 712ms @ http://localhost:3000/_next/static/chunks/node_modules_next_dist_1e8vcs8._.js:776
[  805711ms] [LOG] [Fast Refresh] done in 712ms @ http://localhost:3000/_next/static/chunks/node_modules_next_dist_1e8vcs8._.js:776
[  805790ms] [LOG] [Fast Refresh] done in 712ms @ http://localhost:3000/_next/static/chunks/node_modules_next_dist_1e8vcs8._.js:776
[  805889ms] [LOG] [Fast Refresh] done in 712ms @ http://localhost:3000/_next/static/chunks/node_modules_next_dist_1e8vcs8._.js:776
[  805992ms] [LOG] [Fast Refresh] done in 712ms @ http://localhost:3000/_next/static/chunks/node_modules_next_dist_1e8vcs8._.js:776
[  806096ms] [LOG] [Fast Refresh] done in 712ms @ http://localhost:3000/_next/static/chunks/node_modules_next_dist_1e8vcs8._.js:776
[  806187ms] [LOG] [Fast Refresh] done in 712ms @ http://localhost:3000/_next/static/chunks/node_modules_next_dist_1e8vcs8._.js:776
[  806262ms] [LOG] [Fast Refresh] done in 712ms @ http://localhost:3000/_next/static/chunks/node_modules_next_dist_1e8vcs8._.js:776
[  806345ms] [LOG] [Fast Refresh] done in 712ms @ http://localhost:3000/_next/static/chunks/node_modules_next_dist_1e8vcs8._.js:776
[  806453ms] [LOG] [Fast Refresh] done in 712ms @ http://localhost:3000/_next/static/chunks/node_modules_next_dist_1e8vcs8._.js:776
[  806544ms] [LOG] [Fast Refresh] done in 712ms @ http://localhost:3000/_next/static/chunks/node_modules_next_dist_1e8vcs8._.js:776
[  806623ms] [LOG] [Fast Refresh] done in 712ms @ http://localhost:3000/_next/static/chunks/node_modules_next_dist_1e8vcs8._.js:776
[  806701ms] [LOG] [Fast Refresh] done in 712ms @ http://localhost:3000/_next/static/chunks/node_modules_next_dist_1e8vcs8._.js:776
[  806761ms] [LOG] [Fast Refresh] done in 712ms @ http://localhost:3000/_next/static/chunks/node_modules_next_dist_1e8vcs8._.js:776
[  806830ms] [LOG] [Fast Refresh] done in 712ms @ http://localhost:3000/_next/static/chunks/node_modules_next_dist_1e8vcs8._.js:776
[  806932ms] [LOG] [Fast Refresh] done in 712ms @ http://localhost:3000/_next/static/chunks/node_modules_next_dist_1e8vcs8._.js:776
[  807015ms] [LOG] [Fast Refresh] done in 712ms @ http://localhost:3000/_next/static/chunks/node_modules_next_dist_1e8vcs8._.js:776
[  807124ms] [LOG] [Fast Refresh] done in 712ms @ http://localhost:3000/_next/static/chunks/node_modules_next_dist_1e8vcs8._.js:776
[  807275ms] [LOG] [Fast Refresh] done in 712ms @ http://localhost:3000/_next/static/chunks/node_modules_next_dist_1e8vcs8._.js:776
[  807358ms] [LOG] [Fast Refresh] done in 712ms @ http://localhost:3000/_next/static/chunks/node_modules_next_dist_1e8vcs8._.js:776
[  807439ms] [LOG] [Fast Refresh] done in 712ms @ http://localhost:3000/_next/static/chunks/node_modules_next_dist_1e8vcs8._.js:776
[  807522ms] [LOG] [Fast Refresh] done in 712ms @ http://localhost:3000/_next/static/chunks/node_modules_next_dist_1e8vcs8._.js:776
[  807610ms] [LOG] [Fast Refresh] done in 712ms @ http://localhost:3000/_next/static/chunks/node_modules_next_dist_1e8vcs8._.js:776
[  807680ms] [LOG] [Fast Refresh] done in 712ms @ http://localhost:3000/_next/static/chunks/node_modules_next_dist_1e8vcs8._.js:776
[  807775ms] [LOG] [Fast Refresh] done in 712ms @ http://localhost:3000/_next/static/chunks/node_modules_next_dist_1e8vcs8._.js:776
[  807868ms] [LOG] [Fast Refresh] done in 712ms @ http://localhost:3000/_next/static/chunks/node_modules_next_dist_1e8vcs8._.js:776
[  807997ms] [LOG] [Fast Refresh] done in 712ms @ http://localhost:3000/_next/static/chunks/node_modules_next_dist_1e8vcs8._.js:776
[  808109ms] [LOG] [Fast Refresh] done in 712ms @ http://localhost:3000/_next/static/chunks/node_modules_next_dist_1e8vcs8._.js:776
[  808171ms] [LOG] [Fast Refresh] done in 712ms @ http://localhost:3000/_next/static/chunks/node_modules_next_dist_1e8vcs8._.js:776
[  808246ms] [LOG] [Fast Refresh] done in 712ms @ http://localhost:3000/_next/static/chunks/node_modules_next_dist_1e8vcs8._.js:776
[  808319ms] [LOG] [Fast Refresh] done in 712ms @ http://localhost:3000/_next/static/chunks/node_modules_next_dist_1e8vcs8._.js:776
[  808422ms] [LOG] [Fast Refresh] done in 712ms @ http://localhost:3000/_next/static/chunks/node_modules_next_dist_1e8vcs8._.js:776
[  808511ms] [LOG] [Fast Refresh] done in 712ms @ http://localhost:3000/_next/static/chunks/node_modules_next_dist_1e8vcs8._.js:776
[  808577ms] [LOG] [Fast Refresh] done in 712ms @ http://localhost:3000/_next/static/chunks/node_modules_next_dist_1e8vcs8._.js:776
[  808748ms] [LOG] [Fast Refresh] done in 712ms @ http://localhost:3000/_next/static/chunks/node_modules_next_dist_1e8vcs8._.js:776
[  808982ms] [LOG] [Fast Refresh] rebuilding @ http://localhost:3000/_next/static/chunks/node_modules_next_dist_1e8vcs8._.js:776
[  810876ms] [LOG] [Fast Refresh] done in 1921ms @ http://localhost:3000/_next/static/chunks/node_modules_next_dist_1e8vcs8._.js:776
[  820045ms] [LOG] [Fast Refresh] rebuilding @ http://localhost:3000/_next/static/chunks/node_modules_next_dist_1e8vcs8._.js:776
[  820783ms] [LOG] [Fast Refresh] done in 769ms @ http://localhost:3000/_next/static/chunks/node_modules_next_dist_1e8vcs8._.js:776
[  830296ms] [LOG] [Fast Refresh] rebuilding @ http://localhost:3000/_next/static/chunks/node_modules_next_dist_1e8vcs8._.js:776
[  830733ms] [LOG] [Fast Refresh] done in 451ms @ http://localhost:3000/_next/static/chunks/node_modules_next_dist_1e8vcs8._.js:776
[  830734ms] [LOG] [Fast Refresh] done in 451ms @ http://localhost:3000/_next/static/chunks/node_modules_next_dist_1e8vcs8._.js:776
[  831164ms] [LOG] [Fast Refresh] done in 451ms @ http://localhost:3000/_next/static/chunks/node_modules_next_dist_1e8vcs8._.js:776
[  831251ms] [LOG] [Fast Refresh] done in 451ms @ http://localhost:3000/_next/static/chunks/node_modules_next_dist_1e8vcs8._.js:776
[  831433ms] [LOG] [Fast Refresh] done in 451ms @ http://localhost:3000/_next/static/chunks/node_modules_next_dist_1e8vcs8._.js:776
[  831517ms] [LOG] [Fast Refresh] done in 451ms @ http://localhost:3000/_next/static/chunks/node_modules_next_dist_1e8vcs8._.js:776
[  831645ms] [LOG] [Fast Refresh] done in 451ms @ http://localhost:3000/_next/static/chunks/node_modules_next_dist_1e8vcs8._.js:776
[  831765ms] [LOG] [Fast Refresh] done in 451ms @ http://localhost:3000/_next/static/chunks/node_modules_next_dist_1e8vcs8._.js:776
[  831865ms] [LOG] [Fast Refresh] done in 451ms @ http://localhost:3000/_next/static/chunks/node_modules_next_dist_1e8vcs8._.js:776
[  831927ms] [LOG] [Fast Refresh] done in 451ms @ http://localhost:3000/_next/static/chunks/node_modules_next_dist_1e8vcs8._.js:776
[  832038ms] [LOG] [Fast Refresh] done in 451ms @ http://localhost:3000/_next/static/chunks/node_modules_next_dist_1e8vcs8._.js:776
[  832184ms] [LOG] [Fast Refresh] done in 451ms @ http://localhost:3000/_next/static/chunks/node_modules_next_dist_1e8vcs8._.js:776
[  832301ms] [LOG] [Fast Refresh] done in 451ms @ http://localhost:3000/_next/static/chunks/node_modules_next_dist_1e8vcs8._.js:776
[  832447ms] [LOG] [Fast Refresh] done in 451ms @ http://localhost:3000/_next/static/chunks/node_modules_next_dist_1e8vcs8._.js:776
[  832549ms] [LOG] [Fast Refresh] done in 451ms @ http://localhost:3000/_next/static/chunks/node_modules_next_dist_1e8vcs8._.js:776
[  832717ms] [LOG] [Fast Refresh] done in 451ms @ http://localhost:3000/_next/static/chunks/node_modules_next_dist_1e8vcs8._.js:776
[  832817ms] [LOG] [Fast Refresh] done in 451ms @ http://localhost:3000/_next/static/chunks/node_modules_next_dist_1e8vcs8._.js:776
[  832931ms] [LOG] [Fast Refresh] done in 451ms @ http://localhost:3000/_next/static/chunks/node_modules_next_dist_1e8vcs8._.js:776
[  833054ms] [LOG] [Fast Refresh] done in 451ms @ http://localhost:3000/_next/static/chunks/node_modules_next_dist_1e8vcs8._.js:776
[  833200ms] [LOG] [Fast Refresh] done in 451ms @ http://localhost:3000/_next/static/chunks/node_modules_next_dist_1e8vcs8._.js:776
[  833278ms] [LOG] [Fast Refresh] done in 451ms @ http://localhost:3000/_next/static/chunks/node_modules_next_dist_1e8vcs8._.js:776
[  833390ms] [LOG] [Fast Refresh] done in 451ms @ http://localhost:3000/_next/static/chunks/node_modules_next_dist_1e8vcs8._.js:776
[  833513ms] [LOG] [Fast Refresh] done in 451ms @ http://localhost:3000/_next/static/chunks/node_modules_next_dist_1e8vcs8._.js:776
[  833574ms] [LOG] [Fast Refresh] done in 451ms @ http://localhost:3000/_next/static/chunks/node_modules_next_dist_1e8vcs8._.js:776
[  833685ms] [LOG] [Fast Refresh] done in 451ms @ http://localhost:3000/_next/static/chunks/node_modules_next_dist_1e8vcs8._.js:776
[  833834ms] [LOG] [Fast Refresh] done in 451ms @ http://localhost:3000/_next/static/chunks/node_modules_next_dist_1e8vcs8._.js:776
[  833997ms] [LOG] [Fast Refresh] done in 451ms @ http://localhost:3000/_next/static/chunks/node_modules_next_dist_1e8vcs8._.js:776
[  834081ms] [LOG] [Fast Refresh] done in 451ms @ http://localhost:3000/_next/static/chunks/node_modules_next_dist_1e8vcs8._.js:776
[  834185ms] [LOG] [Fast Refresh] done in 451ms @ http://localhost:3000/_next/static/chunks/node_modules_next_dist_1e8vcs8._.js:776
[  834302ms] [LOG] [Fast Refresh] done in 451ms @ http://localhost:3000/_next/static/chunks/node_modules_next_dist_1e8vcs8._.js:776
[  834413ms] [LOG] [Fast Refresh] done in 451ms @ http://localhost:3000/_next/static/chunks/node_modules_next_dist_1e8vcs8._.js:776
[  834517ms] [LOG] [Fast Refresh] done in 451ms @ http://localhost:3000/_next/static/chunks/node_modules_next_dist_1e8vcs8._.js:776
[  834668ms] [LOG] [Fast Refresh] done in 451ms @ http://localhost:3000/_next/static/chunks/node_modules_next_dist_1e8vcs8._.js:776
[  834757ms] [LOG] [Fast Refresh] done in 451ms @ http://localhost:3000/_next/static/chunks/node_modules_next_dist_1e8vcs8._.js:776
[  834898ms] [LOG] [Fast Refresh] done in 451ms @ http://localhost:3000/_next/static/chunks/node_modules_next_dist_1e8vcs8._.js:776
[  834952ms] [LOG] [Fast Refresh] done in 451ms @ http://localhost:3000/_next/static/chunks/node_modules_next_dist_1e8vcs8._.js:776
[  835051ms] [LOG] [Fast Refresh] done in 451ms @ http://localhost:3000/_next/static/chunks/node_modules_next_dist_1e8vcs8._.js:776
[  835178ms] [LOG] [Fast Refresh] done in 451ms @ http://localhost:3000/_next/static/chunks/node_modules_next_dist_1e8vcs8._.js:776
[  835285ms] [LOG] [Fast Refresh] done in 451ms @ http://localhost:3000/_next/static/chunks/node_modules_next_dist_1e8vcs8._.js:776
[  835397ms] [LOG] [Fast Refresh] done in 451ms @ http://localhost:3000/_next/static/chunks/node_modules_next_dist_1e8vcs8._.js:776
[  835512ms] [LOG] [Fast Refresh] done in 451ms @ http://localhost:3000/_next/static/chunks/node_modules_next_dist_1e8vcs8._.js:776
[  835652ms] [LOG] [Fast Refresh] done in 451ms @ http://localhost:3000/_next/static/chunks/node_modules_next_dist_1e8vcs8._.js:776
[  835757ms] [LOG] [Fast Refresh] done in 451ms @ http://localhost:3000/_next/static/chunks/node_modules_next_dist_1e8vcs8._.js:776
[  835893ms] [LOG] [Fast Refresh] done in 451ms @ http://localhost:3000/_next/static/chunks/node_modules_next_dist_1e8vcs8._.js:776
[  836012ms] [LOG] [Fast Refresh] done in 451ms @ http://localhost:3000/_next/static/chunks/node_modules_next_dist_1e8vcs8._.js:776
[  836148ms] [LOG] [Fast Refresh] done in 451ms @ http://localhost:3000/_next/static/chunks/node_modules_next_dist_1e8vcs8._.js:776
[  836280ms] [LOG] [Fast Refresh] done in 451ms @ http://localhost:3000/_next/static/chunks/node_modules_next_dist_1e8vcs8._.js:776
[  836401ms] [LOG] [Fast Refresh] done in 451ms @ http://localhost:3000/_next/static/chunks/node_modules_next_dist_1e8vcs8._.js:776
[  836479ms] [LOG] [Fast Refresh] done in 451ms @ http://localhost:3000/_next/static/chunks/node_modules_next_dist_1e8vcs8._.js:776
[  836585ms] [LOG] [Fast Refresh] done in 451ms @ http://localhost:3000/_next/static/chunks/node_modules_next_dist_1e8vcs8._.js:776
[  836696ms] [LOG] [Fast Refresh] done in 451ms @ http://localhost:3000/_next/static/chunks/node_modules_next_dist_1e8vcs8._.js:776
[  836830ms] [LOG] [Fast Refresh] done in 451ms @ http://localhost:3000/_next/static/chunks/node_modules_next_dist_1e8vcs8._.js:776
[  836963ms] [LOG] [Fast Refresh] done in 451ms @ http://localhost:3000/_next/static/chunks/node_modules_next_dist_1e8vcs8._.js:776
[  837071ms] [LOG] [Fast Refresh] done in 451ms @ http://localhost:3000/_next/static/chunks/node_modules_next_dist_1e8vcs8._.js:776
[  837176ms] [LOG] [Fast Refresh] done in 451ms @ http://localhost:3000/_next/static/chunks/node_modules_next_dist_1e8vcs8._.js:776
[  837285ms] [LOG] [Fast Refresh] done in 451ms @ http://localhost:3000/_next/static/chunks/node_modules_next_dist_1e8vcs8._.js:776
[  837394ms] [LOG] [Fast Refresh] done in 451ms @ http://localhost:3000/_next/static/chunks/node_modules_next_dist_1e8vcs8._.js:776
[  837559ms] [LOG] [Fast Refresh] done in 451ms @ http://localhost:3000/_next/static/chunks/node_modules_next_dist_1e8vcs8._.js:776
[  837708ms] [LOG] [Fast Refresh] done in 451ms @ http://localhost:3000/_next/static/chunks/node_modules_next_dist_1e8vcs8._.js:776
[  837826ms] [LOG] [Fast Refresh] done in 451ms @ http://localhost:3000/_next/static/chunks/node_modules_next_dist_1e8vcs8._.js:776
[  837895ms] [LOG] [Fast Refresh] done in 451ms @ http://localhost:3000/_next/static/chunks/node_modules_next_dist_1e8vcs8._.js:776
[  838001ms] [LOG] [Fast Refresh] done in 451ms @ http://localhost:3000/_next/static/chunks/node_modules_next_dist_1e8vcs8._.js:776
[  838112ms] [LOG] [Fast Refresh] done in 451ms @ http://localhost:3000/_next/static/chunks/node_modules_next_dist_1e8vcs8._.js:776
[  838266ms] [LOG] [Fast Refresh] done in 451ms @ http://localhost:3000/_next/static/chunks/node_modules_next_dist_1e8vcs8._.js:776
[  838417ms] [LOG] [Fast Refresh] done in 451ms @ http://localhost:3000/_next/static/chunks/node_modules_next_dist_1e8vcs8._.js:776
[  838508ms] [LOG] [Fast Refresh] done in 451ms @ http://localhost:3000/_next/static/chunks/node_modules_next_dist_1e8vcs8._.js:776
[  838640ms] [LOG] [Fast Refresh] done in 451ms @ http://localhost:3000/_next/static/chunks/node_modules_next_dist_1e8vcs8._.js:776
[  838711ms] [LOG] [Fast Refresh] done in 451ms @ http://localhost:3000/_next/static/chunks/node_modules_next_dist_1e8vcs8._.js:776
[  838866ms] [LOG] [Fast Refresh] done in 451ms @ http://localhost:3000/_next/static/chunks/node_modules_next_dist_1e8vcs8._.js:776
[  838955ms] [LOG] [Fast Refresh] done in 451ms @ http://localhost:3000/_next/static/chunks/node_modules_next_dist_1e8vcs8._.js:776
[  839041ms] [LOG] [Fast Refresh] done in 451ms @ http://localhost:3000/_next/static/chunks/node_modules_next_dist_1e8vcs8._.js:776
[  839132ms] [LOG] [Fast Refresh] done in 451ms @ http://localhost:3000/_next/static/chunks/node_modules_next_dist_1e8vcs8._.js:776
[  839223ms] [LOG] [Fast Refresh] done in 451ms @ http://localhost:3000/_next/static/chunks/node_modules_next_dist_1e8vcs8._.js:776
[  839296ms] [LOG] [Fast Refresh] done in 451ms @ http://localhost:3000/_next/static/chunks/node_modules_next_dist_1e8vcs8._.js:776
[  839413ms] [LOG] [Fast Refresh] done in 451ms @ http://localhost:3000/_next/static/chunks/node_modules_next_dist_1e8vcs8._.js:776
[  839527ms] [LOG] [Fast Refresh] done in 451ms @ http://localhost:3000/_next/static/chunks/node_modules_next_dist_1e8vcs8._.js:776
[  839625ms] [LOG] [Fast Refresh] done in 451ms @ http://localhost:3000/_next/static/chunks/node_modules_next_dist_1e8vcs8._.js:776
[  839703ms] [LOG] [Fast Refresh] done in 451ms @ http://localhost:3000/_next/static/chunks/node_modules_next_dist_1e8vcs8._.js:776
[  839794ms] [LOG] [Fast Refresh] done in 451ms @ http://localhost:3000/_next/static/chunks/node_modules_next_dist_1e8vcs8._.js:776
[  839884ms] [LOG] [Fast Refresh] done in 451ms @ http://localhost:3000/_next/static/chunks/node_modules_next_dist_1e8vcs8._.js:776
[  839983ms] [LOG] [Fast Refresh] done in 451ms @ http://localhost:3000/_next/static/chunks/node_modules_next_dist_1e8vcs8._.js:776
[  840112ms] [LOG] [Fast Refresh] done in 451ms @ http://localhost:3000/_next/static/chunks/node_modules_next_dist_1e8vcs8._.js:776
[  840183ms] [LOG] [Fast Refresh] done in 451ms @ http://localhost:3000/_next/static/chunks/node_modules_next_dist_1e8vcs8._.js:776
[  840262ms] [LOG] [Fast Refresh] done in 451ms @ http://localhost:3000/_next/static/chunks/node_modules_next_dist_1e8vcs8._.js:776
[  840361ms] [LOG] [Fast Refresh] done in 451ms @ http://localhost:3000/_next/static/chunks/node_modules_next_dist_1e8vcs8._.js:776
[  840493ms] [LOG] [Fast Refresh] done in 451ms @ http://localhost:3000/_next/static/chunks/node_modules_next_dist_1e8vcs8._.js:776
[  840595ms] [LOG] [Fast Refresh] done in 451ms @ http://localhost:3000/_next/static/chunks/node_modules_next_dist_1e8vcs8._.js:776
[  840710ms] [LOG] [Fast Refresh] done in 451ms @ http://localhost:3000/_next/static/chunks/node_modules_next_dist_1e8vcs8._.js:776
[  840811ms] [LOG] [Fast Refresh] done in 451ms @ http://localhost:3000/_next/static/chunks/node_modules_next_dist_1e8vcs8._.js:776
[  840901ms] [LOG] [Fast Refresh] done in 451ms @ http://localhost:3000/_next/static/chunks/node_modules_next_dist_1e8vcs8._.js:776
[  841010ms] [LOG] [Fast Refresh] done in 451ms @ http://localhost:3000/_next/static/chunks/node_modules_next_dist_1e8vcs8._.js:776
[  841139ms] [LOG] [Fast Refresh] done in 451ms @ http://localhost:3000/_next/static/chunks/node_modules_next_dist_1e8vcs8._.js:776
[  841278ms] [LOG] [Fast Refresh] done in 451ms @ http://localhost:3000/_next/static/chunks/node_modules_next_dist_1e8vcs8._.js:776
[  841412ms] [LOG] [Fast Refresh] done in 451ms @ http://localhost:3000/_next/static/chunks/node_modules_next_dist_1e8vcs8._.js:776
[  841510ms] [LOG] [Fast Refresh] done in 451ms @ http://localhost:3000/_next/static/chunks/node_modules_next_dist_1e8vcs8._.js:776
[  841623ms] [LOG] [Fast Refresh] done in 451ms @ http://localhost:3000/_next/static/chunks/node_modules_next_dist_1e8vcs8._.js:776
[  841721ms] [LOG] [Fast Refresh] done in 451ms @ http://localhost:3000/_next/static/chunks/node_modules_next_dist_1e8vcs8._.js:776
[  841835ms] [LOG] [Fast Refresh] done in 451ms @ http://localhost:3000/_next/static/chunks/node_modules_next_dist_1e8vcs8._.js:776
[  841972ms] [LOG] [Fast Refresh] done in 451ms @ http://localhost:3000/_next/static/chunks/node_modules_next_dist_1e8vcs8._.js:776
[  842068ms] [LOG] [Fast Refresh] done in 451ms @ http://localhost:3000/_next/static/chunks/node_modules_next_dist_1e8vcs8._.js:776
[  842155ms] [LOG] [Fast Refresh] done in 451ms @ http://localhost:3000/_next/static/chunks/node_modules_next_dist_1e8vcs8._.js:776
[  842240ms] [LOG] [Fast Refresh] done in 451ms @ http://localhost:3000/_next/static/chunks/node_modules_next_dist_1e8vcs8._.js:776
[  842345ms] [LOG] [Fast Refresh] done in 451ms @ http://localhost:3000/_next/static/chunks/node_modules_next_dist_1e8vcs8._.js:776
[  842482ms] [LOG] [Fast Refresh] done in 451ms @ http://localhost:3000/_next/static/chunks/node_modules_next_dist_1e8vcs8._.js:776
[  842572ms] [LOG] [Fast Refresh] done in 451ms @ http://localhost:3000/_next/static/chunks/node_modules_next_dist_1e8vcs8._.js:776
[  842661ms] [LOG] [Fast Refresh] done in 451ms @ http://localhost:3000/_next/static/chunks/node_modules_next_dist_1e8vcs8._.js:776
[  842766ms] [LOG] [Fast Refresh] done in 451ms @ http://localhost:3000/_next/static/chunks/node_modules_next_dist_1e8vcs8._.js:776
[  842881ms] [LOG] [Fast Refresh] done in 451ms @ http://localhost:3000/_next/static/chunks/node_modules_next_dist_1e8vcs8._.js:776
[  842973ms] [LOG] [Fast Refresh] done in 451ms @ http://localhost:3000/_next/static/chunks/node_modules_next_dist_1e8vcs8._.js:776
[  843106ms] [LOG] [Fast Refresh] done in 451ms @ http://localhost:3000/_next/static/chunks/node_modules_next_dist_1e8vcs8._.js:776
[  843239ms] [LOG] [Fast Refresh] done in 451ms @ http://localhost:3000/_next/static/chunks/node_modules_next_dist_1e8vcs8._.js:776
[  843340ms] [LOG] [Fast Refresh] done in 451ms @ http://localhost:3000/_next/static/chunks/node_modules_next_dist_1e8vcs8._.js:776
[  843432ms] [LOG] [Fast Refresh] done in 451ms @ http://localhost:3000/_next/static/chunks/node_modules_next_dist_1e8vcs8._.js:776
[  843551ms] [LOG] [Fast Refresh] done in 451ms @ http://localhost:3000/_next/static/chunks/node_modules_next_dist_1e8vcs8._.js:776
[  843665ms] [LOG] [Fast Refresh] done in 451ms @ http://localhost:3000/_next/static/chunks/node_modules_next_dist_1e8vcs8._.js:776
[  843781ms] [LOG] [Fast Refresh] done in 451ms @ http://localhost:3000/_next/static/chunks/node_modules_next_dist_1e8vcs8._.js:776
[  843887ms] [LOG] [Fast Refresh] done in 451ms @ http://localhost:3000/_next/static/chunks/node_modules_next_dist_1e8vcs8._.js:776
[  844010ms] [LOG] [Fast Refresh] done in 451ms @ http://localhost:3000/_next/static/chunks/node_modules_next_dist_1e8vcs8._.js:776
[  844072ms] [LOG] [Fast Refresh] done in 451ms @ http://localhost:3000/_next/static/chunks/node_modules_next_dist_1e8vcs8._.js:776
[  844153ms] [LOG] [Fast Refresh] done in 451ms @ http://localhost:3000/_next/static/chunks/node_modules_next_dist_1e8vcs8._.js:776
[  844264ms] [LOG] [Fast Refresh] done in 451ms @ http://localhost:3000/_next/static/chunks/node_modules_next_dist_1e8vcs8._.js:776
[  844366ms] [LOG] [Fast Refresh] done in 451ms @ http://localhost:3000/_next/static/chunks/node_modules_next_dist_1e8vcs8._.js:776
[  844471ms] [LOG] [Fast Refresh] done in 451ms @ http://localhost:3000/_next/static/chunks/node_modules_next_dist_1e8vcs8._.js:776
[  844528ms] [LOG] [Fast Refresh] done in 451ms @ http://localhost:3000/_next/static/chunks/node_modules_next_dist_1e8vcs8._.js:776
[  844585ms] [LOG] [Fast Refresh] done in 451ms @ http://localhost:3000/_next/static/chunks/node_modules_next_dist_1e8vcs8._.js:776
[  844694ms] [LOG] [Fast Refresh] done in 451ms @ http://localhost:3000/_next/static/chunks/node_modules_next_dist_1e8vcs8._.js:776
[  844761ms] [LOG] [Fast Refresh] done in 451ms @ http://localhost:3000/_next/static/chunks/node_modules_next_dist_1e8vcs8._.js:776
[  844881ms] [LOG] [Fast Refresh] done in 451ms @ http://localhost:3000/_next/static/chunks/node_modules_next_dist_1e8vcs8._.js:776
[  844993ms] [LOG] [Fast Refresh] done in 451ms @ http://localhost:3000/_next/static/chunks/node_modules_next_dist_1e8vcs8._.js:776
[  845101ms] [LOG] [Fast Refresh] done in 451ms @ http://localhost:3000/_next/static/chunks/node_modules_next_dist_1e8vcs8._.js:776
[  845175ms] [LOG] [Fast Refresh] done in 451ms @ http://localhost:3000/_next/static/chunks/node_modules_next_dist_1e8vcs8._.js:776
[  845236ms] [LOG] [Fast Refresh] done in 451ms @ http://localhost:3000/_next/static/chunks/node_modules_next_dist_1e8vcs8._.js:776
[  845320ms] [LOG] [Fast Refresh] done in 451ms @ http://localhost:3000/_next/static/chunks/node_modules_next_dist_1e8vcs8._.js:776
[  845442ms] [LOG] [Fast Refresh] done in 451ms @ http://localhost:3000/_next/static/chunks/node_modules_next_dist_1e8vcs8._.js:776
[  845558ms] [LOG] [Fast Refresh] done in 451ms @ http://localhost:3000/_next/static/chunks/node_modules_next_dist_1e8vcs8._.js:776
[  845627ms] [LOG] [Fast Refresh] done in 451ms @ http://localhost:3000/_next/static/chunks/node_modules_next_dist_1e8vcs8._.js:776
[  845729ms] [LOG] [Fast Refresh] done in 451ms @ http://localhost:3000/_next/static/chunks/node_modules_next_dist_1e8vcs8._.js:776
[  845804ms] [LOG] [Fast Refresh] done in 451ms @ http://localhost:3000/_next/static/chunks/node_modules_next_dist_1e8vcs8._.js:776
[  845906ms] [LOG] [Fast Refresh] done in 451ms @ http://localhost:3000/_next/static/chunks/node_modules_next_dist_1e8vcs8._.js:776
[  845990ms] [LOG] [Fast Refresh] done in 451ms @ http://localhost:3000/_next/static/chunks/node_modules_next_dist_1e8vcs8._.js:776
[  846051ms] [LOG] [Fast Refresh] done in 451ms @ http://localhost:3000/_next/static/chunks/node_modules_next_dist_1e8vcs8._.js:776
[  846144ms] [LOG] [Fast Refresh] done in 451ms @ http://localhost:3000/_next/static/chunks/node_modules_next_dist_1e8vcs8._.js:776
[  846218ms] [LOG] [Fast Refresh] done in 451ms @ http://localhost:3000/_next/static/chunks/node_modules_next_dist_1e8vcs8._.js:776
[  846297ms] [LOG] [Fast Refresh] done in 451ms @ http://localhost:3000/_next/static/chunks/node_modules_next_dist_1e8vcs8._.js:776
[  846380ms] [LOG] [Fast Refresh] done in 451ms @ http://localhost:3000/_next/static/chunks/node_modules_next_dist_1e8vcs8._.js:776
[  846479ms] [LOG] [Fast Refresh] done in 451ms @ http://localhost:3000/_next/static/chunks/node_modules_next_dist_1e8vcs8._.js:776
[  846571ms] [LOG] [Fast Refresh] done in 451ms @ http://localhost:3000/_next/static/chunks/node_modules_next_dist_1e8vcs8._.js:776
[  846642ms] [LOG] [Fast Refresh] done in 451ms @ http://localhost:3000/_next/static/chunks/node_modules_next_dist_1e8vcs8._.js:776
[  846730ms] [LOG] [Fast Refresh] done in 451ms @ http://localhost:3000/_next/static/chunks/node_modules_next_dist_1e8vcs8._.js:776
[  846824ms] [LOG] [Fast Refresh] done in 451ms @ http://localhost:3000/_next/static/chunks/node_modules_next_dist_1e8vcs8._.js:776
[  846947ms] [LOG] [Fast Refresh] done in 451ms @ http://localhost:3000/_next/static/chunks/node_modules_next_dist_1e8vcs8._.js:776
[  847256ms] [LOG] [Fast Refresh] rebuilding @ http://localhost:3000/_next/static/chunks/node_modules_next_dist_1e8vcs8._.js:776
[  847821ms] [LOG] [Fast Refresh] done in 549ms @ http://localhost:3000/_next/static/chunks/node_modules_next_dist_1e8vcs8._.js:776
[  847915ms] [LOG] [Fast Refresh] done in 549ms @ http://localhost:3000/_next/static/chunks/node_modules_next_dist_1e8vcs8._.js:776
[  847987ms] [LOG] [Fast Refresh] done in 549ms @ http://localhost:3000/_next/static/chunks/node_modules_next_dist_1e8vcs8._.js:776
[  848431ms] [LOG] [Fast Refresh] done in 549ms @ http://localhost:3000/_next/static/chunks/node_modules_next_dist_1e8vcs8._.js:776
[  848735ms] [LOG] [Fast Refresh] done in 549ms @ http://localhost:3000/_next/static/chunks/node_modules_next_dist_1e8vcs8._.js:776
[  848806ms] [LOG] [Fast Refresh] done in 549ms @ http://localhost:3000/_next/static/chunks/node_modules_next_dist_1e8vcs8._.js:776
[  848976ms] [LOG] [Fast Refresh] done in 549ms @ http://localhost:3000/_next/static/chunks/node_modules_next_dist_1e8vcs8._.js:776
[  849108ms] [LOG] [Fast Refresh] done in 549ms @ http://localhost:3000/_next/static/chunks/node_modules_next_dist_1e8vcs8._.js:776
[  849205ms] [LOG] [Fast Refresh] done in 549ms @ http://localhost:3000/_next/static/chunks/node_modules_next_dist_1e8vcs8._.js:776
[  849335ms] [LOG] [Fast Refresh] done in 549ms @ http://localhost:3000/_next/static/chunks/node_modules_next_dist_1e8vcs8._.js:776
[  849449ms] [LOG] [Fast Refresh] done in 549ms @ http://localhost:3000/_next/static/chunks/node_modules_next_dist_1e8vcs8._.js:776
[  849585ms] [LOG] [Fast Refresh] done in 549ms @ http://localhost:3000/_next/static/chunks/node_modules_next_dist_1e8vcs8._.js:776
[  849680ms] [LOG] [Fast Refresh] done in 549ms @ http://localhost:3000/_next/static/chunks/node_modules_next_dist_1e8vcs8._.js:776
[  849783ms] [LOG] [Fast Refresh] done in 549ms @ http://localhost:3000/_next/static/chunks/node_modules_next_dist_1e8vcs8._.js:776
[  849868ms] [LOG] [Fast Refresh] done in 549ms @ http://localhost:3000/_next/static/chunks/node_modules_next_dist_1e8vcs8._.js:776
[  849980ms] [LOG] [Fast Refresh] done in 549ms @ http://localhost:3000/_next/static/chunks/node_modules_next_dist_1e8vcs8._.js:776
[  850092ms] [LOG] [Fast Refresh] done in 549ms @ http://localhost:3000/_next/static/chunks/node_modules_next_dist_1e8vcs8._.js:776
[  850233ms] [LOG] [Fast Refresh] done in 549ms @ http://localhost:3000/_next/static/chunks/node_modules_next_dist_1e8vcs8._.js:776
[  850336ms] [LOG] [Fast Refresh] done in 549ms @ http://localhost:3000/_next/static/chunks/node_modules_next_dist_1e8vcs8._.js:776
[  850466ms] [LOG] [Fast Refresh] done in 549ms @ http://localhost:3000/_next/static/chunks/node_modules_next_dist_1e8vcs8._.js:776
[  850622ms] [LOG] [Fast Refresh] done in 549ms @ http://localhost:3000/_next/static/chunks/node_modules_next_dist_1e8vcs8._.js:776
[  850734ms] [LOG] [Fast Refresh] done in 549ms @ http://localhost:3000/_next/static/chunks/node_modules_next_dist_1e8vcs8._.js:776
[  850848ms] [LOG] [Fast Refresh] done in 549ms @ http://localhost:3000/_next/static/chunks/node_modules_next_dist_1e8vcs8._.js:776
[  850922ms] [LOG] [Fast Refresh] done in 549ms @ http://localhost:3000/_next/static/chunks/node_modules_next_dist_1e8vcs8._.js:776
[  851038ms] [LOG] [Fast Refresh] done in 549ms @ http://localhost:3000/_next/static/chunks/node_modules_next_dist_1e8vcs8._.js:776
[  851202ms] [LOG] [Fast Refresh] done in 549ms @ http://localhost:3000/_next/static/chunks/node_modules_next_dist_1e8vcs8._.js:776
[  851329ms] [LOG] [Fast Refresh] done in 549ms @ http://localhost:3000/_next/static/chunks/node_modules_next_dist_1e8vcs8._.js:776
[  851443ms] [LOG] [Fast Refresh] done in 549ms @ http://localhost:3000/_next/static/chunks/node_modules_next_dist_1e8vcs8._.js:776
[  851547ms] [LOG] [Fast Refresh] done in 549ms @ http://localhost:3000/_next/static/chunks/node_modules_next_dist_1e8vcs8._.js:776
[  851652ms] [LOG] [Fast Refresh] done in 549ms @ http://localhost:3000/_next/static/chunks/node_modules_next_dist_1e8vcs8._.js:776
[  851751ms] [LOG] [Fast Refresh] done in 549ms @ http://localhost:3000/_next/static/chunks/node_modules_next_dist_1e8vcs8._.js:776
[  851866ms] [LOG] [Fast Refresh] done in 549ms @ http://localhost:3000/_next/static/chunks/node_modules_next_dist_1e8vcs8._.js:776
[  851949ms] [LOG] [Fast Refresh] done in 549ms @ http://localhost:3000/_next/static/chunks/node_modules_next_dist_1e8vcs8._.js:776
[  852046ms] [LOG] [Fast Refresh] done in 549ms @ http://localhost:3000/_next/static/chunks/node_modules_next_dist_1e8vcs8._.js:776
[  852163ms] [LOG] [Fast Refresh] done in 549ms @ http://localhost:3000/_next/static/chunks/node_modules_next_dist_1e8vcs8._.js:776
[  852297ms] [LOG] [Fast Refresh] done in 549ms @ http://localhost:3000/_next/static/chunks/node_modules_next_dist_1e8vcs8._.js:776
[  852374ms] [LOG] [Fast Refresh] done in 549ms @ http://localhost:3000/_next/static/chunks/node_modules_next_dist_1e8vcs8._.js:776
[  852465ms] [LOG] [Fast Refresh] done in 549ms @ http://localhost:3000/_next/static/chunks/node_modules_next_dist_1e8vcs8._.js:776
[  852570ms] [LOG] [Fast Refresh] done in 549ms @ http://localhost:3000/_next/static/chunks/node_modules_next_dist_1e8vcs8._.js:776
[  852698ms] [LOG] [Fast Refresh] done in 549ms @ http://localhost:3000/_next/static/chunks/node_modules_next_dist_1e8vcs8._.js:776
[  852806ms] [LOG] [Fast Refresh] done in 549ms @ http://localhost:3000/_next/static/chunks/node_modules_next_dist_1e8vcs8._.js:776
[  852932ms] [LOG] [Fast Refresh] done in 549ms @ http://localhost:3000/_next/static/chunks/node_modules_next_dist_1e8vcs8._.js:776
[  853028ms] [LOG] [Fast Refresh] done in 549ms @ http://localhost:3000/_next/static/chunks/node_modules_next_dist_1e8vcs8._.js:776
[  853154ms] [LOG] [Fast Refresh] done in 549ms @ http://localhost:3000/_next/static/chunks/node_modules_next_dist_1e8vcs8._.js:776
[  853254ms] [LOG] [Fast Refresh] done in 549ms @ http://localhost:3000/_next/static/chunks/node_modules_next_dist_1e8vcs8._.js:776
[  853380ms] [LOG] [Fast Refresh] done in 549ms @ http://localhost:3000/_next/static/chunks/node_modules_next_dist_1e8vcs8._.js:776
[  853496ms] [LOG] [Fast Refresh] done in 549ms @ http://localhost:3000/_next/static/chunks/node_modules_next_dist_1e8vcs8._.js:776
[  853594ms] [LOG] [Fast Refresh] done in 549ms @ http://localhost:3000/_next/static/chunks/node_modules_next_dist_1e8vcs8._.js:776
[  853721ms] [LOG] [Fast Refresh] done in 549ms @ http://localhost:3000/_next/static/chunks/node_modules_next_dist_1e8vcs8._.js:776
[  853837ms] [LOG] [Fast Refresh] done in 549ms @ http://localhost:3000/_next/static/chunks/node_modules_next_dist_1e8vcs8._.js:776
[  853952ms] [LOG] [Fast Refresh] done in 549ms @ http://localhost:3000/_next/static/chunks/node_modules_next_dist_1e8vcs8._.js:776
[  854042ms] [LOG] [Fast Refresh] done in 549ms @ http://localhost:3000/_next/static/chunks/node_modules_next_dist_1e8vcs8._.js:776
[  854177ms] [LOG] [Fast Refresh] done in 549ms @ http://localhost:3000/_next/static/chunks/node_modules_next_dist_1e8vcs8._.js:776
[  854317ms] [LOG] [Fast Refresh] done in 549ms @ http://localhost:3000/_next/static/chunks/node_modules_next_dist_1e8vcs8._.js:776
[  854417ms] [LOG] [Fast Refresh] done in 549ms @ http://localhost:3000/_next/static/chunks/node_modules_next_dist_1e8vcs8._.js:776
[  854488ms] [LOG] [Fast Refresh] done in 549ms @ http://localhost:3000/_next/static/chunks/node_modules_next_dist_1e8vcs8._.js:776
[  854560ms] [LOG] [Fast Refresh] done in 549ms @ http://localhost:3000/_next/static/chunks/node_modules_next_dist_1e8vcs8._.js:776
[  854656ms] [LOG] [Fast Refresh] done in 549ms @ http://localhost:3000/_next/static/chunks/node_modules_next_dist_1e8vcs8._.js:776
[  854756ms] [LOG] [Fast Refresh] done in 549ms @ http://localhost:3000/_next/static/chunks/node_modules_next_dist_1e8vcs8._.js:776
[  854838ms] [LOG] [Fast Refresh] done in 549ms @ http://localhost:3000/_next/static/chunks/node_modules_next_dist_1e8vcs8._.js:776
[  854945ms] [LOG] [Fast Refresh] done in 549ms @ http://localhost:3000/_next/static/chunks/node_modules_next_dist_1e8vcs8._.js:776
[  855059ms] [LOG] [Fast Refresh] done in 549ms @ http://localhost:3000/_next/static/chunks/node_modules_next_dist_1e8vcs8._.js:776
[  855188ms] [LOG] [Fast Refresh] done in 549ms @ http://localhost:3000/_next/static/chunks/node_modules_next_dist_1e8vcs8._.js:776
[  855335ms] [LOG] [Fast Refresh] done in 549ms @ http://localhost:3000/_next/static/chunks/node_modules_next_dist_1e8vcs8._.js:776
[  855451ms] [LOG] [Fast Refresh] done in 549ms @ http://localhost:3000/_next/static/chunks/node_modules_next_dist_1e8vcs8._.js:776
[  855574ms] [LOG] [Fast Refresh] done in 549ms @ http://localhost:3000/_next/static/chunks/node_modules_next_dist_1e8vcs8._.js:776
[  855691ms] [LOG] [Fast Refresh] done in 549ms @ http://localhost:3000/_next/static/chunks/node_modules_next_dist_1e8vcs8._.js:776
[  855823ms] [LOG] [Fast Refresh] done in 549ms @ http://localhost:3000/_next/static/chunks/node_modules_next_dist_1e8vcs8._.js:776
[  855934ms] [LOG] [Fast Refresh] done in 549ms @ http://localhost:3000/_next/static/chunks/node_modules_next_dist_1e8vcs8._.js:776
[  856010ms] [LOG] [Fast Refresh] done in 549ms @ http://localhost:3000/_next/static/chunks/node_modules_next_dist_1e8vcs8._.js:776
[  856131ms] [LOG] [Fast Refresh] done in 549ms @ http://localhost:3000/_next/static/chunks/node_modules_next_dist_1e8vcs8._.js:776
[  856262ms] [LOG] [Fast Refresh] done in 549ms @ http://localhost:3000/_next/static/chunks/node_modules_next_dist_1e8vcs8._.js:776
[  856354ms] [LOG] [Fast Refresh] done in 549ms @ http://localhost:3000/_next/static/chunks/node_modules_next_dist_1e8vcs8._.js:776
[  856476ms] [LOG] [Fast Refresh] done in 549ms @ http://localhost:3000/_next/static/chunks/node_modules_next_dist_1e8vcs8._.js:776
[  856567ms] [LOG] [Fast Refresh] done in 549ms @ http://localhost:3000/_next/static/chunks/node_modules_next_dist_1e8vcs8._.js:776
[  856700ms] [LOG] [Fast Refresh] done in 549ms @ http://localhost:3000/_next/static/chunks/node_modules_next_dist_1e8vcs8._.js:776
[  856810ms] [LOG] [Fast Refresh] done in 549ms @ http://localhost:3000/_next/static/chunks/node_modules_next_dist_1e8vcs8._.js:776
[  856931ms] [LOG] [Fast Refresh] done in 549ms @ http://localhost:3000/_next/static/chunks/node_modules_next_dist_1e8vcs8._.js:776
[  857028ms] [LOG] [Fast Refresh] done in 549ms @ http://localhost:3000/_next/static/chunks/node_modules_next_dist_1e8vcs8._.js:776
[  857163ms] [LOG] [Fast Refresh] done in 549ms @ http://localhost:3000/_next/static/chunks/node_modules_next_dist_1e8vcs8._.js:776
[  857275ms] [LOG] [Fast Refresh] done in 549ms @ http://localhost:3000/_next/static/chunks/node_modules_next_dist_1e8vcs8._.js:776
[  857438ms] [LOG] [Fast Refresh] done in 549ms @ http://localhost:3000/_next/static/chunks/node_modules_next_dist_1e8vcs8._.js:776
[  857552ms] [LOG] [Fast Refresh] done in 549ms @ http://localhost:3000/_next/static/chunks/node_modules_next_dist_1e8vcs8._.js:776
[  857708ms] [LOG] [Fast Refresh] done in 549ms @ http://localhost:3000/_next/static/chunks/node_modules_next_dist_1e8vcs8._.js:776
[  857796ms] [LOG] [Fast Refresh] done in 549ms @ http://localhost:3000/_next/static/chunks/node_modules_next_dist_1e8vcs8._.js:776
[  857864ms] [LOG] [Fast Refresh] done in 549ms @ http://localhost:3000/_next/static/chunks/node_modules_next_dist_1e8vcs8._.js:776
[  857939ms] [LOG] [Fast Refresh] done in 549ms @ http://localhost:3000/_next/static/chunks/node_modules_next_dist_1e8vcs8._.js:776
[  858103ms] [LOG] [Fast Refresh] done in 549ms @ http://localhost:3000/_next/static/chunks/node_modules_next_dist_1e8vcs8._.js:776
[  858256ms] [LOG] [Fast Refresh] done in 549ms @ http://localhost:3000/_next/static/chunks/node_modules_next_dist_1e8vcs8._.js:776
[  858459ms] [LOG] [Fast Refresh] done in 549ms @ http://localhost:3000/_next/static/chunks/node_modules_next_dist_1e8vcs8._.js:776
[  858582ms] [LOG] [Fast Refresh] done in 549ms @ http://localhost:3000/_next/static/chunks/node_modules_next_dist_1e8vcs8._.js:776
[  858769ms] [LOG] [Fast Refresh] done in 549ms @ http://localhost:3000/_next/static/chunks/node_modules_next_dist_1e8vcs8._.js:776
[  858866ms] [LOG] [Fast Refresh] done in 549ms @ http://localhost:3000/_next/static/chunks/node_modules_next_dist_1e8vcs8._.js:776
[  859001ms] [LOG] [Fast Refresh] done in 549ms @ http://localhost:3000/_next/static/chunks/node_modules_next_dist_1e8vcs8._.js:776
[  859084ms] [LOG] [Fast Refresh] done in 549ms @ http://localhost:3000/_next/static/chunks/node_modules_next_dist_1e8vcs8._.js:776
[  859226ms] [LOG] [Fast Refresh] done in 549ms @ http://localhost:3000/_next/static/chunks/node_modules_next_dist_1e8vcs8._.js:776
[  859328ms] [LOG] [Fast Refresh] done in 549ms @ http://localhost:3000/_next/static/chunks/node_modules_next_dist_1e8vcs8._.js:776
[  859431ms] [LOG] [Fast Refresh] done in 549ms @ http://localhost:3000/_next/static/chunks/node_modules_next_dist_1e8vcs8._.js:776
[  859544ms] [LOG] [Fast Refresh] done in 549ms @ http://localhost:3000/_next/static/chunks/node_modules_next_dist_1e8vcs8._.js:776
[  859636ms] [LOG] [Fast Refresh] done in 549ms @ http://localhost:3000/_next/static/chunks/node_modules_next_dist_1e8vcs8._.js:776
[  859741ms] [LOG] [Fast Refresh] done in 549ms @ http://localhost:3000/_next/static/chunks/node_modules_next_dist_1e8vcs8._.js:776
[  859832ms] [LOG] [Fast Refresh] done in 549ms @ http://localhost:3000/_next/static/chunks/node_modules_next_dist_1e8vcs8._.js:776
[  859932ms] [LOG] [Fast Refresh] done in 549ms @ http://localhost:3000/_next/static/chunks/node_modules_next_dist_1e8vcs8._.js:776
[  860008ms] [LOG] [Fast Refresh] done in 549ms @ http://localhost:3000/_next/static/chunks/node_modules_next_dist_1e8vcs8._.js:776
[  860127ms] [LOG] [Fast Refresh] done in 549ms @ http://localhost:3000/_next/static/chunks/node_modules_next_dist_1e8vcs8._.js:776
[  860233ms] [LOG] [Fast Refresh] done in 549ms @ http://localhost:3000/_next/static/chunks/node_modules_next_dist_1e8vcs8._.js:776
[  860323ms] [LOG] [Fast Refresh] done in 549ms @ http://localhost:3000/_next/static/chunks/node_modules_next_dist_1e8vcs8._.js:776
[  860437ms] [LOG] [Fast Refresh] done in 549ms @ http://localhost:3000/_next/static/chunks/node_modules_next_dist_1e8vcs8._.js:776
[  860520ms] [LOG] [Fast Refresh] done in 549ms @ http://localhost:3000/_next/static/chunks/node_modules_next_dist_1e8vcs8._.js:776
[  860591ms] [LOG] [Fast Refresh] done in 549ms @ http://localhost:3000/_next/static/chunks/node_modules_next_dist_1e8vcs8._.js:776
[  860693ms] [LOG] [Fast Refresh] done in 549ms @ http://localhost:3000/_next/static/chunks/node_modules_next_dist_1e8vcs8._.js:776
[  860793ms] [LOG] [Fast Refresh] done in 549ms @ http://localhost:3000/_next/static/chunks/node_modules_next_dist_1e8vcs8._.js:776
[  860873ms] [LOG] [Fast Refresh] done in 549ms @ http://localhost:3000/_next/static/chunks/node_modules_next_dist_1e8vcs8._.js:776
[  860962ms] [LOG] [Fast Refresh] done in 549ms @ http://localhost:3000/_next/static/chunks/node_modules_next_dist_1e8vcs8._.js:776
[  861059ms] [LOG] [Fast Refresh] done in 549ms @ http://localhost:3000/_next/static/chunks/node_modules_next_dist_1e8vcs8._.js:776
[  861156ms] [LOG] [Fast Refresh] done in 549ms @ http://localhost:3000/_next/static/chunks/node_modules_next_dist_1e8vcs8._.js:776
[  861252ms] [LOG] [Fast Refresh] done in 549ms @ http://localhost:3000/_next/static/chunks/node_modules_next_dist_1e8vcs8._.js:776
[  861349ms] [LOG] [Fast Refresh] done in 549ms @ http://localhost:3000/_next/static/chunks/node_modules_next_dist_1e8vcs8._.js:776
[  861439ms] [LOG] [Fast Refresh] done in 549ms @ http://localhost:3000/_next/static/chunks/node_modules_next_dist_1e8vcs8._.js:776
[  861524ms] [LOG] [Fast Refresh] done in 549ms @ http://localhost:3000/_next/static/chunks/node_modules_next_dist_1e8vcs8._.js:776
[  861637ms] [LOG] [Fast Refresh] done in 549ms @ http://localhost:3000/_next/static/chunks/node_modules_next_dist_1e8vcs8._.js:776
[  861737ms] [LOG] [Fast Refresh] done in 549ms @ http://localhost:3000/_next/static/chunks/node_modules_next_dist_1e8vcs8._.js:776
[  861842ms] [LOG] [Fast Refresh] done in 549ms @ http://localhost:3000/_next/static/chunks/node_modules_next_dist_1e8vcs8._.js:776
[  861952ms] [LOG] [Fast Refresh] done in 549ms @ http://localhost:3000/_next/static/chunks/node_modules_next_dist_1e8vcs8._.js:776
[  862040ms] [LOG] [Fast Refresh] done in 549ms @ http://localhost:3000/_next/static/chunks/node_modules_next_dist_1e8vcs8._.js:776
[  862128ms] [LOG] [Fast Refresh] done in 549ms @ http://localhost:3000/_next/static/chunks/node_modules_next_dist_1e8vcs8._.js:776
[  862222ms] [LOG] [Fast Refresh] done in 549ms @ http://localhost:3000/_next/static/chunks/node_modules_next_dist_1e8vcs8._.js:776
[  862293ms] [LOG] [Fast Refresh] done in 549ms @ http://localhost:3000/_next/static/chunks/node_modules_next_dist_1e8vcs8._.js:776
[  862417ms] [LOG] [Fast Refresh] done in 549ms @ http://localhost:3000/_next/static/chunks/node_modules_next_dist_1e8vcs8._.js:776
[  862502ms] [LOG] [Fast Refresh] done in 549ms @ http://localhost:3000/_next/static/chunks/node_modules_next_dist_1e8vcs8._.js:776
[  862601ms] [LOG] [Fast Refresh] done in 549ms @ http://localhost:3000/_next/static/chunks/node_modules_next_dist_1e8vcs8._.js:776
[  862732ms] [LOG] [Fast Refresh] done in 549ms @ http://localhost:3000/_next/static/chunks/node_modules_next_dist_1e8vcs8._.js:776
[  862822ms] [LOG] [Fast Refresh] done in 549ms @ http://localhost:3000/_next/static/chunks/node_modules_next_dist_1e8vcs8._.js:776
[  862928ms] [LOG] [Fast Refresh] done in 549ms @ http://localhost:3000/_next/static/chunks/node_modules_next_dist_1e8vcs8._.js:776
[  863083ms] [LOG] [Fast Refresh] done in 549ms @ http://localhost:3000/_next/static/chunks/node_modules_next_dist_1e8vcs8._.js:776
[  863183ms] [LOG] [Fast Refresh] done in 549ms @ http://localhost:3000/_next/static/chunks/node_modules_next_dist_1e8vcs8._.js:776
[  863262ms] [LOG] [Fast Refresh] done in 549ms @ http://localhost:3000/_next/static/chunks/node_modules_next_dist_1e8vcs8._.js:776
[  863359ms] [LOG] [Fast Refresh] done in 549ms @ http://localhost:3000/_next/static/chunks/node_modules_next_dist_1e8vcs8._.js:776
[  863471ms] [LOG] [Fast Refresh] done in 549ms @ http://localhost:3000/_next/static/chunks/node_modules_next_dist_1e8vcs8._.js:776
[  863614ms] [LOG] [Fast Refresh] done in 549ms @ http://localhost:3000/_next/static/chunks/node_modules_next_dist_1e8vcs8._.js:776
[  863730ms] [LOG] [Fast Refresh] done in 549ms @ http://localhost:3000/_next/static/chunks/node_modules_next_dist_1e8vcs8._.js:776
[  863826ms] [LOG] [Fast Refresh] done in 549ms @ http://localhost:3000/_next/static/chunks/node_modules_next_dist_1e8vcs8._.js:776
[  863976ms] [LOG] [Fast Refresh] done in 549ms @ http://localhost:3000/_next/static/chunks/node_modules_next_dist_1e8vcs8._.js:776
[  864106ms] [LOG] [Fast Refresh] done in 549ms @ http://localhost:3000/_next/static/chunks/node_modules_next_dist_1e8vcs8._.js:776
[  864218ms] [LOG] [Fast Refresh] done in 549ms @ http://localhost:3000/_next/static/chunks/node_modules_next_dist_1e8vcs8._.js:776
[  864301ms] [LOG] [Fast Refresh] done in 549ms @ http://localhost:3000/_next/static/chunks/node_modules_next_dist_1e8vcs8._.js:776
[  864433ms] [LOG] [Fast Refresh] done in 549ms @ http://localhost:3000/_next/static/chunks/node_modules_next_dist_1e8vcs8._.js:776
[  864565ms] [LOG] [Fast Refresh] done in 549ms @ http://localhost:3000/_next/static/chunks/node_modules_next_dist_1e8vcs8._.js:776
[  864714ms] [LOG] [Fast Refresh] done in 549ms @ http://localhost:3000/_next/static/chunks/node_modules_next_dist_1e8vcs8._.js:776
[  864791ms] [LOG] [Fast Refresh] done in 549ms @ http://localhost:3000/_next/static/chunks/node_modules_next_dist_1e8vcs8._.js:776
[  864935ms] [LOG] [Fast Refresh] done in 549ms @ http://localhost:3000/_next/static/chunks/node_modules_next_dist_1e8vcs8._.js:776
[  865048ms] [LOG] [Fast Refresh] done in 549ms @ http://localhost:3000/_next/static/chunks/node_modules_next_dist_1e8vcs8._.js:776
[  865138ms] [LOG] [Fast Refresh] done in 549ms @ http://localhost:3000/_next/static/chunks/node_modules_next_dist_1e8vcs8._.js:776
[  865297ms] [LOG] [Fast Refresh] done in 549ms @ http://localhost:3000/_next/static/chunks/node_modules_next_dist_1e8vcs8._.js:776
[  865397ms] [LOG] [Fast Refresh] done in 549ms @ http://localhost:3000/_next/static/chunks/node_modules_next_dist_1e8vcs8._.js:776
[  865530ms] [LOG] [Fast Refresh] done in 549ms @ http://localhost:3000/_next/static/chunks/node_modules_next_dist_1e8vcs8._.js:776
[  865608ms] [LOG] [Fast Refresh] done in 549ms @ http://localhost:3000/_next/static/chunks/node_modules_next_dist_1e8vcs8._.js:776
[  865686ms] [LOG] [Fast Refresh] done in 549ms @ http://localhost:3000/_next/static/chunks/node_modules_next_dist_1e8vcs8._.js:776
[  865794ms] [LOG] [Fast Refresh] done in 549ms @ http://localhost:3000/_next/static/chunks/node_modules_next_dist_1e8vcs8._.js:776
[  865921ms] [LOG] [Fast Refresh] done in 549ms @ http://localhost:3000/_next/static/chunks/node_modules_next_dist_1e8vcs8._.js:776
[  866156ms] [LOG] [Fast Refresh] rebuilding @ http://localhost:3000/_next/static/chunks/node_modules_next_dist_1e8vcs8._.js:776
[  866523ms] [LOG] [Fast Refresh] done in 337ms @ http://localhost:3000/_next/static/chunks/node_modules_next_dist_1e8vcs8._.js:776
[  866719ms] [LOG] [Fast Refresh] done in 337ms @ http://localhost:3000/_next/static/chunks/node_modules_next_dist_1e8vcs8._.js:776
[  866720ms] [LOG] [Fast Refresh] done in 337ms @ http://localhost:3000/_next/static/chunks/node_modules_next_dist_1e8vcs8._.js:776
[  866987ms] [LOG] [Fast Refresh] done in 337ms @ http://localhost:3000/_next/static/chunks/node_modules_next_dist_1e8vcs8._.js:776
[  867124ms] [LOG] [Fast Refresh] done in 337ms @ http://localhost:3000/_next/static/chunks/node_modules_next_dist_1e8vcs8._.js:776
[  867312ms] [LOG] [Fast Refresh] done in 337ms @ http://localhost:3000/_next/static/chunks/node_modules_next_dist_1e8vcs8._.js:776
[  867457ms] [LOG] [Fast Refresh] done in 337ms @ http://localhost:3000/_next/static/chunks/node_modules_next_dist_1e8vcs8._.js:776
[  867558ms] [LOG] [Fast Refresh] done in 337ms @ http://localhost:3000/_next/static/chunks/node_modules_next_dist_1e8vcs8._.js:776
[  867625ms] [LOG] [Fast Refresh] done in 337ms @ http://localhost:3000/_next/static/chunks/node_modules_next_dist_1e8vcs8._.js:776
[  867720ms] [LOG] [Fast Refresh] done in 337ms @ http://localhost:3000/_next/static/chunks/node_modules_next_dist_1e8vcs8._.js:776
[  867796ms] [LOG] [Fast Refresh] done in 337ms @ http://localhost:3000/_next/static/chunks/node_modules_next_dist_1e8vcs8._.js:776
[  867929ms] [LOG] [Fast Refresh] done in 337ms @ http://localhost:3000/_next/static/chunks/node_modules_next_dist_1e8vcs8._.js:776
[  868041ms] [LOG] [Fast Refresh] done in 337ms @ http://localhost:3000/_next/static/chunks/node_modules_next_dist_1e8vcs8._.js:776
[  868126ms] [LOG] [Fast Refresh] done in 337ms @ http://localhost:3000/_next/static/chunks/node_modules_next_dist_1e8vcs8._.js:776
[  868198ms] [LOG] [Fast Refresh] done in 337ms @ http://localhost:3000/_next/static/chunks/node_modules_next_dist_1e8vcs8._.js:776
[  868281ms] [LOG] [Fast Refresh] done in 337ms @ http://localhost:3000/_next/static/chunks/node_modules_next_dist_1e8vcs8._.js:776
[  868435ms] [LOG] [Fast Refresh] done in 337ms @ http://localhost:3000/_next/static/chunks/node_modules_next_dist_1e8vcs8._.js:776
[  868587ms] [LOG] [Fast Refresh] done in 337ms @ http://localhost:3000/_next/static/chunks/node_modules_next_dist_1e8vcs8._.js:776
[  868667ms] [LOG] [Fast Refresh] done in 337ms @ http://localhost:3000/_next/static/chunks/node_modules_next_dist_1e8vcs8._.js:776
[  868790ms] [LOG] [Fast Refresh] done in 337ms @ http://localhost:3000/_next/static/chunks/node_modules_next_dist_1e8vcs8._.js:776
[  868874ms] [LOG] [Fast Refresh] done in 337ms @ http://localhost:3000/_next/static/chunks/node_modules_next_dist_1e8vcs8._.js:776
[  868991ms] [LOG] [Fast Refresh] done in 337ms @ http://localhost:3000/_next/static/chunks/node_modules_next_dist_1e8vcs8._.js:776
[  869132ms] [LOG] [Fast Refresh] done in 337ms @ http://localhost:3000/_next/static/chunks/node_modules_next_dist_1e8vcs8._.js:776
[  869267ms] [LOG] [Fast Refresh] done in 337ms @ http://localhost:3000/_next/static/chunks/node_modules_next_dist_1e8vcs8._.js:776
[  869442ms] [LOG] [Fast Refresh] done in 337ms @ http://localhost:3000/_next/static/chunks/node_modules_next_dist_1e8vcs8._.js:776
[  869662ms] [LOG] [Fast Refresh] done in 337ms @ http://localhost:3000/_next/static/chunks/node_modules_next_dist_1e8vcs8._.js:776
[  869861ms] [LOG] [Fast Refresh] done in 337ms @ http://localhost:3000/_next/static/chunks/node_modules_next_dist_1e8vcs8._.js:776
[  869931ms] [LOG] [Fast Refresh] done in 337ms @ http://localhost:3000/_next/static/chunks/node_modules_next_dist_1e8vcs8._.js:776
[  870059ms] [LOG] [Fast Refresh] done in 337ms @ http://localhost:3000/_next/static/chunks/node_modules_next_dist_1e8vcs8._.js:776
[  870186ms] [LOG] [Fast Refresh] done in 337ms @ http://localhost:3000/_next/static/chunks/node_modules_next_dist_1e8vcs8._.js:776
[  870316ms] [LOG] [Fast Refresh] done in 337ms @ http://localhost:3000/_next/static/chunks/node_modules_next_dist_1e8vcs8._.js:776
[  870460ms] [LOG] [Fast Refresh] done in 337ms @ http://localhost:3000/_next/static/chunks/node_modules_next_dist_1e8vcs8._.js:776
[  870600ms] [LOG] [Fast Refresh] done in 337ms @ http://localhost:3000/_next/static/chunks/node_modules_next_dist_1e8vcs8._.js:776
[  870696ms] [LOG] [Fast Refresh] done in 337ms @ http://localhost:3000/_next/static/chunks/node_modules_next_dist_1e8vcs8._.js:776
[  870806ms] [LOG] [Fast Refresh] done in 337ms @ http://localhost:3000/_next/static/chunks/node_modules_next_dist_1e8vcs8._.js:776
[  870924ms] [LOG] [Fast Refresh] done in 337ms @ http://localhost:3000/_next/static/chunks/node_modules_next_dist_1e8vcs8._.js:776
[  871052ms] [LOG] [Fast Refresh] done in 337ms @ http://localhost:3000/_next/static/chunks/node_modules_next_dist_1e8vcs8._.js:776
[  871140ms] [LOG] [Fast Refresh] done in 337ms @ http://localhost:3000/_next/static/chunks/node_modules_next_dist_1e8vcs8._.js:776
[  871256ms] [LOG] [Fast Refresh] done in 337ms @ http://localhost:3000/_next/static/chunks/node_modules_next_dist_1e8vcs8._.js:776
[  871345ms] [LOG] [Fast Refresh] done in 337ms @ http://localhost:3000/_next/static/chunks/node_modules_next_dist_1e8vcs8._.js:776
[  871474ms] [LOG] [Fast Refresh] done in 337ms @ http://localhost:3000/_next/static/chunks/node_modules_next_dist_1e8vcs8._.js:776
[  871614ms] [LOG] [Fast Refresh] done in 337ms @ http://localhost:3000/_next/static/chunks/node_modules_next_dist_1e8vcs8._.js:776
[  871696ms] [LOG] [Fast Refresh] done in 337ms @ http://localhost:3000/_next/static/chunks/node_modules_next_dist_1e8vcs8._.js:776
[  871837ms] [LOG] [Fast Refresh] done in 337ms @ http://localhost:3000/_next/static/chunks/node_modules_next_dist_1e8vcs8._.js:776
[  871932ms] [LOG] [Fast Refresh] done in 337ms @ http://localhost:3000/_next/static/chunks/node_modules_next_dist_1e8vcs8._.js:776
[  872023ms] [LOG] [Fast Refresh] done in 337ms @ http://localhost:3000/_next/static/chunks/node_modules_next_dist_1e8vcs8._.js:776
[  872127ms] [LOG] [Fast Refresh] done in 337ms @ http://localhost:3000/_next/static/chunks/node_modules_next_dist_1e8vcs8._.js:776
[  872251ms] [LOG] [Fast Refresh] done in 337ms @ http://localhost:3000/_next/static/chunks/node_modules_next_dist_1e8vcs8._.js:776
[  872349ms] [LOG] [Fast Refresh] done in 337ms @ http://localhost:3000/_next/static/chunks/node_modules_next_dist_1e8vcs8._.js:776
[  872470ms] [LOG] [Fast Refresh] done in 337ms @ http://localhost:3000/_next/static/chunks/node_modules_next_dist_1e8vcs8._.js:776
[  872573ms] [LOG] [Fast Refresh] done in 337ms @ http://localhost:3000/_next/static/chunks/node_modules_next_dist_1e8vcs8._.js:776
[  872695ms] [LOG] [Fast Refresh] done in 337ms @ http://localhost:3000/_next/static/chunks/node_modules_next_dist_1e8vcs8._.js:776
[  872794ms] [LOG] [Fast Refresh] done in 337ms @ http://localhost:3000/_next/static/chunks/node_modules_next_dist_1e8vcs8._.js:776
[  872884ms] [LOG] [Fast Refresh] done in 337ms @ http://localhost:3000/_next/static/chunks/node_modules_next_dist_1e8vcs8._.js:776
[  872982ms] [LOG] [Fast Refresh] done in 337ms @ http://localhost:3000/_next/static/chunks/node_modules_next_dist_1e8vcs8._.js:776
[  873071ms] [LOG] [Fast Refresh] done in 337ms @ http://localhost:3000/_next/static/chunks/node_modules_next_dist_1e8vcs8._.js:776
[  873169ms] [LOG] [Fast Refresh] done in 337ms @ http://localhost:3000/_next/static/chunks/node_modules_next_dist_1e8vcs8._.js:776
[  873323ms] [LOG] [Fast Refresh] done in 337ms @ http://localhost:3000/_next/static/chunks/node_modules_next_dist_1e8vcs8._.js:776
[  873405ms] [LOG] [Fast Refresh] done in 337ms @ http://localhost:3000/_next/static/chunks/node_modules_next_dist_1e8vcs8._.js:776
[  873502ms] [LOG] [Fast Refresh] done in 337ms @ http://localhost:3000/_next/static/chunks/node_modules_next_dist_1e8vcs8._.js:776
[  873599ms] [LOG] [Fast Refresh] done in 337ms @ http://localhost:3000/_next/static/chunks/node_modules_next_dist_1e8vcs8._.js:776
[  873673ms] [LOG] [Fast Refresh] done in 337ms @ http://localhost:3000/_next/static/chunks/node_modules_next_dist_1e8vcs8._.js:776
[  873793ms] [LOG] [Fast Refresh] done in 337ms @ http://localhost:3000/_next/static/chunks/node_modules_next_dist_1e8vcs8._.js:776
[  873898ms] [LOG] [Fast Refresh] done in 337ms @ http://localhost:3000/_next/static/chunks/node_modules_next_dist_1e8vcs8._.js:776
[  873981ms] [LOG] [Fast Refresh] done in 337ms @ http://localhost:3000/_next/static/chunks/node_modules_next_dist_1e8vcs8._.js:776
[  874067ms] [LOG] [Fast Refresh] done in 337ms @ http://localhost:3000/_next/static/chunks/node_modules_next_dist_1e8vcs8._.js:776
[  874180ms] [LOG] [Fast Refresh] done in 337ms @ http://localhost:3000/_next/static/chunks/node_modules_next_dist_1e8vcs8._.js:776
[  874282ms] [LOG] [Fast Refresh] done in 337ms @ http://localhost:3000/_next/static/chunks/node_modules_next_dist_1e8vcs8._.js:776
[  874347ms] [LOG] [Fast Refresh] done in 337ms @ http://localhost:3000/_next/static/chunks/node_modules_next_dist_1e8vcs8._.js:776
[  874448ms] [LOG] [Fast Refresh] done in 337ms @ http://localhost:3000/_next/static/chunks/node_modules_next_dist_1e8vcs8._.js:776
[  874552ms] [LOG] [Fast Refresh] done in 337ms @ http://localhost:3000/_next/static/chunks/node_modules_next_dist_1e8vcs8._.js:776
[  874688ms] [LOG] [Fast Refresh] done in 337ms @ http://localhost:3000/_next/static/chunks/node_modules_next_dist_1e8vcs8._.js:776
[  874783ms] [LOG] [Fast Refresh] done in 337ms @ http://localhost:3000/_next/static/chunks/node_modules_next_dist_1e8vcs8._.js:776
[  874886ms] [LOG] [Fast Refresh] done in 337ms @ http://localhost:3000/_next/static/chunks/node_modules_next_dist_1e8vcs8._.js:776
[  875000ms] [LOG] [Fast Refresh] done in 337ms @ http://localhost:3000/_next/static/chunks/node_modules_next_dist_1e8vcs8._.js:776
[  875151ms] [LOG] [Fast Refresh] done in 337ms @ http://localhost:3000/_next/static/chunks/node_modules_next_dist_1e8vcs8._.js:776
[  875304ms] [LOG] [Fast Refresh] done in 337ms @ http://localhost:3000/_next/static/chunks/node_modules_next_dist_1e8vcs8._.js:776
[  875425ms] [LOG] [Fast Refresh] done in 337ms @ http://localhost:3000/_next/static/chunks/node_modules_next_dist_1e8vcs8._.js:776
[  875562ms] [LOG] [Fast Refresh] done in 337ms @ http://localhost:3000/_next/static/chunks/node_modules_next_dist_1e8vcs8._.js:776
[  875662ms] [LOG] [Fast Refresh] done in 337ms @ http://localhost:3000/_next/static/chunks/node_modules_next_dist_1e8vcs8._.js:776
[  875772ms] [LOG] [Fast Refresh] done in 337ms @ http://localhost:3000/_next/static/chunks/node_modules_next_dist_1e8vcs8._.js:776
[  875884ms] [LOG] [Fast Refresh] done in 337ms @ http://localhost:3000/_next/static/chunks/node_modules_next_dist_1e8vcs8._.js:776
[  875966ms] [LOG] [Fast Refresh] done in 337ms @ http://localhost:3000/_next/static/chunks/node_modules_next_dist_1e8vcs8._.js:776
[  876063ms] [LOG] [Fast Refresh] done in 337ms @ http://localhost:3000/_next/static/chunks/node_modules_next_dist_1e8vcs8._.js:776
[  876183ms] [LOG] [Fast Refresh] done in 337ms @ http://localhost:3000/_next/static/chunks/node_modules_next_dist_1e8vcs8._.js:776
[  876303ms] [LOG] [Fast Refresh] done in 337ms @ http://localhost:3000/_next/static/chunks/node_modules_next_dist_1e8vcs8._.js:776
[  876422ms] [LOG] [Fast Refresh] done in 337ms @ http://localhost:3000/_next/static/chunks/node_modules_next_dist_1e8vcs8._.js:776
[  876527ms] [LOG] [Fast Refresh] done in 337ms @ http://localhost:3000/_next/static/chunks/node_modules_next_dist_1e8vcs8._.js:776
[  876621ms] [LOG] [Fast Refresh] done in 337ms @ http://localhost:3000/_next/static/chunks/node_modules_next_dist_1e8vcs8._.js:776
[  876780ms] [LOG] [Fast Refresh] done in 337ms @ http://localhost:3000/_next/static/chunks/node_modules_next_dist_1e8vcs8._.js:776
[  876891ms] [LOG] [Fast Refresh] done in 337ms @ http://localhost:3000/_next/static/chunks/node_modules_next_dist_1e8vcs8._.js:776
[  877004ms] [LOG] [Fast Refresh] done in 337ms @ http://localhost:3000/_next/static/chunks/node_modules_next_dist_1e8vcs8._.js:776
[  877078ms] [LOG] [Fast Refresh] done in 337ms @ http://localhost:3000/_next/static/chunks/node_modules_next_dist_1e8vcs8._.js:776
[  877189ms] [LOG] [Fast Refresh] done in 337ms @ http://localhost:3000/_next/static/chunks/node_modules_next_dist_1e8vcs8._.js:776
[  877278ms] [LOG] [Fast Refresh] done in 337ms @ http://localhost:3000/_next/static/chunks/node_modules_next_dist_1e8vcs8._.js:776
[  877384ms] [LOG] [Fast Refresh] done in 337ms @ http://localhost:3000/_next/static/chunks/node_modules_next_dist_1e8vcs8._.js:776
[  877491ms] [LOG] [Fast Refresh] done in 337ms @ http://localhost:3000/_next/static/chunks/node_modules_next_dist_1e8vcs8._.js:776
[  877589ms] [LOG] [Fast Refresh] done in 337ms @ http://localhost:3000/_next/static/chunks/node_modules_next_dist_1e8vcs8._.js:776
[  877726ms] [LOG] [Fast Refresh] done in 337ms @ http://localhost:3000/_next/static/chunks/node_modules_next_dist_1e8vcs8._.js:776
[  877847ms] [LOG] [Fast Refresh] done in 337ms @ http://localhost:3000/_next/static/chunks/node_modules_next_dist_1e8vcs8._.js:776
[  877930ms] [LOG] [Fast Refresh] done in 337ms @ http://localhost:3000/_next/static/chunks/node_modules_next_dist_1e8vcs8._.js:776
[  878016ms] [LOG] [Fast Refresh] done in 337ms @ http://localhost:3000/_next/static/chunks/node_modules_next_dist_1e8vcs8._.js:776
[  878109ms] [LOG] [Fast Refresh] done in 337ms @ http://localhost:3000/_next/static/chunks/node_modules_next_dist_1e8vcs8._.js:776
[  878208ms] [LOG] [Fast Refresh] done in 337ms @ http://localhost:3000/_next/static/chunks/node_modules_next_dist_1e8vcs8._.js:776
[  878295ms] [LOG] [Fast Refresh] done in 337ms @ http://localhost:3000/_next/static/chunks/node_modules_next_dist_1e8vcs8._.js:776
[  878377ms] [LOG] [Fast Refresh] done in 337ms @ http://localhost:3000/_next/static/chunks/node_modules_next_dist_1e8vcs8._.js:776
[  878493ms] [LOG] [Fast Refresh] done in 337ms @ http://localhost:3000/_next/static/chunks/node_modules_next_dist_1e8vcs8._.js:776
[  878577ms] [LOG] [Fast Refresh] done in 337ms @ http://localhost:3000/_next/static/chunks/node_modules_next_dist_1e8vcs8._.js:776
[  878725ms] [LOG] [Fast Refresh] done in 337ms @ http://localhost:3000/_next/static/chunks/node_modules_next_dist_1e8vcs8._.js:776
[  878828ms] [LOG] [Fast Refresh] done in 337ms @ http://localhost:3000/_next/static/chunks/node_modules_next_dist_1e8vcs8._.js:776
[  878891ms] [LOG] [Fast Refresh] done in 337ms @ http://localhost:3000/_next/static/chunks/node_modules_next_dist_1e8vcs8._.js:776
[  879011ms] [LOG] [Fast Refresh] done in 337ms @ http://localhost:3000/_next/static/chunks/node_modules_next_dist_1e8vcs8._.js:776
[  879124ms] [LOG] [Fast Refresh] done in 337ms @ http://localhost:3000/_next/static/chunks/node_modules_next_dist_1e8vcs8._.js:776
[  879226ms] [LOG] [Fast Refresh] done in 337ms @ http://localhost:3000/_next/static/chunks/node_modules_next_dist_1e8vcs8._.js:776
[  879302ms] [LOG] [Fast Refresh] done in 337ms @ http://localhost:3000/_next/static/chunks/node_modules_next_dist_1e8vcs8._.js:776
[  879403ms] [LOG] [Fast Refresh] done in 337ms @ http://localhost:3000/_next/static/chunks/node_modules_next_dist_1e8vcs8._.js:776
[  879476ms] [LOG] [Fast Refresh] done in 337ms @ http://localhost:3000/_next/static/chunks/node_modules_next_dist_1e8vcs8._.js:776
[  879567ms] [LOG] [Fast Refresh] done in 337ms @ http://localhost:3000/_next/static/chunks/node_modules_next_dist_1e8vcs8._.js:776
[  879749ms] [LOG] [Fast Refresh] done in 337ms @ http://localhost:3000/_next/static/chunks/node_modules_next_dist_1e8vcs8._.js:776
[  879858ms] [LOG] [Fast Refresh] done in 337ms @ http://localhost:3000/_next/static/chunks/node_modules_next_dist_1e8vcs8._.js:776
[  879967ms] [LOG] [Fast Refresh] done in 337ms @ http://localhost:3000/_next/static/chunks/node_modules_next_dist_1e8vcs8._.js:776
[  880056ms] [LOG] [Fast Refresh] done in 337ms @ http://localhost:3000/_next/static/chunks/node_modules_next_dist_1e8vcs8._.js:776
[  880162ms] [LOG] [Fast Refresh] done in 337ms @ http://localhost:3000/_next/static/chunks/node_modules_next_dist_1e8vcs8._.js:776
[  880275ms] [LOG] [Fast Refresh] done in 337ms @ http://localhost:3000/_next/static/chunks/node_modules_next_dist_1e8vcs8._.js:776
[  880347ms] [LOG] [Fast Refresh] done in 337ms @ http://localhost:3000/_next/static/chunks/node_modules_next_dist_1e8vcs8._.js:776
[  880444ms] [LOG] [Fast Refresh] done in 337ms @ http://localhost:3000/_next/static/chunks/node_modules_next_dist_1e8vcs8._.js:776
[  880532ms] [LOG] [Fast Refresh] done in 337ms @ http://localhost:3000/_next/static/chunks/node_modules_next_dist_1e8vcs8._.js:776
[  880628ms] [LOG] [Fast Refresh] done in 337ms @ http://localhost:3000/_next/static/chunks/node_modules_next_dist_1e8vcs8._.js:776
[  880779ms] [LOG] [Fast Refresh] done in 337ms @ http://localhost:3000/_next/static/chunks/node_modules_next_dist_1e8vcs8._.js:776
[  880861ms] [LOG] [Fast Refresh] done in 337ms @ http://localhost:3000/_next/static/chunks/node_modules_next_dist_1e8vcs8._.js:776
[  880948ms] [LOG] [Fast Refresh] done in 337ms @ http://localhost:3000/_next/static/chunks/node_modules_next_dist_1e8vcs8._.js:776
[  881047ms] [LOG] [Fast Refresh] done in 337ms @ http://localhost:3000/_next/static/chunks/node_modules_next_dist_1e8vcs8._.js:776
[  881143ms] [LOG] [Fast Refresh] done in 337ms @ http://localhost:3000/_next/static/chunks/node_modules_next_dist_1e8vcs8._.js:776
[  881202ms] [LOG] [Fast Refresh] done in 337ms @ http://localhost:3000/_next/static/chunks/node_modules_next_dist_1e8vcs8._.js:776
[  881299ms] [LOG] [Fast Refresh] done in 337ms @ http://localhost:3000/_next/static/chunks/node_modules_next_dist_1e8vcs8._.js:776
[  881365ms] [LOG] [Fast Refresh] done in 337ms @ http://localhost:3000/_next/static/chunks/node_modules_next_dist_1e8vcs8._.js:776
[  881443ms] [LOG] [Fast Refresh] done in 337ms @ http://localhost:3000/_next/static/chunks/node_modules_next_dist_1e8vcs8._.js:776
[  881517ms] [LOG] [Fast Refresh] done in 337ms @ http://localhost:3000/_next/static/chunks/node_modules_next_dist_1e8vcs8._.js:776
[  881595ms] [LOG] [Fast Refresh] done in 337ms @ http://localhost:3000/_next/static/chunks/node_modules_next_dist_1e8vcs8._.js:776
[  881699ms] [LOG] [Fast Refresh] done in 337ms @ http://localhost:3000/_next/static/chunks/node_modules_next_dist_1e8vcs8._.js:776
[  881777ms] [LOG] [Fast Refresh] done in 337ms @ http://localhost:3000/_next/static/chunks/node_modules_next_dist_1e8vcs8._.js:776
[  881886ms] [LOG] [Fast Refresh] done in 337ms @ http://localhost:3000/_next/static/chunks/node_modules_next_dist_1e8vcs8._.js:776
[  882009ms] [LOG] [Fast Refresh] done in 337ms @ http://localhost:3000/_next/static/chunks/node_modules_next_dist_1e8vcs8._.js:776
[  882108ms] [LOG] [Fast Refresh] done in 337ms @ http://localhost:3000/_next/static/chunks/node_modules_next_dist_1e8vcs8._.js:776
[  882182ms] [LOG] [Fast Refresh] done in 337ms @ http://localhost:3000/_next/static/chunks/node_modules_next_dist_1e8vcs8._.js:776
[  882251ms] [LOG] [Fast Refresh] done in 337ms @ http://localhost:3000/_next/static/chunks/node_modules_next_dist_1e8vcs8._.js:776
[  882326ms] [LOG] [Fast Refresh] done in 337ms @ http://localhost:3000/_next/static/chunks/node_modules_next_dist_1e8vcs8._.js:776
[  882448ms] [LOG] [Fast Refresh] done in 337ms @ http://localhost:3000/_next/static/chunks/node_modules_next_dist_1e8vcs8._.js:776
[  882553ms] [LOG] [Fast Refresh] done in 337ms @ http://localhost:3000/_next/static/chunks/node_modules_next_dist_1e8vcs8._.js:776
[  882620ms] [LOG] [Fast Refresh] done in 337ms @ http://localhost:3000/_next/static/chunks/node_modules_next_dist_1e8vcs8._.js:776
[  882719ms] [LOG] [Fast Refresh] done in 337ms @ http://localhost:3000/_next/static/chunks/node_modules_next_dist_1e8vcs8._.js:776
[  882794ms] [LOG] [Fast Refresh] done in 337ms @ http://localhost:3000/_next/static/chunks/node_modules_next_dist_1e8vcs8._.js:776
[  882875ms] [LOG] [Fast Refresh] done in 337ms @ http://localhost:3000/_next/static/chunks/node_modules_next_dist_1e8vcs8._.js:776
[  882988ms] [LOG] [Fast Refresh] done in 337ms @ http://localhost:3000/_next/static/chunks/node_modules_next_dist_1e8vcs8._.js:776
[  883088ms] [LOG] [Fast Refresh] done in 337ms @ http://localhost:3000/_next/static/chunks/node_modules_next_dist_1e8vcs8._.js:776
[  883163ms] [LOG] [Fast Refresh] done in 337ms @ http://localhost:3000/_next/static/chunks/node_modules_next_dist_1e8vcs8._.js:776
[  883293ms] [LOG] [Fast Refresh] done in 337ms @ http://localhost:3000/_next/static/chunks/node_modules_next_dist_1e8vcs8._.js:776
[  883383ms] [LOG] [Fast Refresh] done in 337ms @ http://localhost:3000/_next/static/chunks/node_modules_next_dist_1e8vcs8._.js:776
[  883482ms] [LOG] [Fast Refresh] done in 337ms @ http://localhost:3000/_next/static/chunks/node_modules_next_dist_1e8vcs8._.js:776
[  883571ms] [LOG] [Fast Refresh] done in 337ms @ http://localhost:3000/_next/static/chunks/node_modules_next_dist_1e8vcs8._.js:776
[  883643ms] [LOG] [Fast Refresh] done in 337ms @ http://localhost:3000/_next/static/chunks/node_modules_next_dist_1e8vcs8._.js:776
[  883748ms] [LOG] [Fast Refresh] done in 337ms @ http://localhost:3000/_next/static/chunks/node_modules_next_dist_1e8vcs8._.js:776
[  883844ms] [LOG] [Fast Refresh] done in 337ms @ http://localhost:3000/_next/static/chunks/node_modules_next_dist_1e8vcs8._.js:776
[  883932ms] [LOG] [Fast Refresh] done in 337ms @ http://localhost:3000/_next/static/chunks/node_modules_next_dist_1e8vcs8._.js:776
[  884029ms] [LOG] [Fast Refresh] done in 337ms @ http://localhost:3000/_next/static/chunks/node_modules_next_dist_1e8vcs8._.js:776
[  884097ms] [LOG] [Fast Refresh] done in 337ms @ http://localhost:3000/_next/static/chunks/node_modules_next_dist_1e8vcs8._.js:776
[  884184ms] [LOG] [Fast Refresh] done in 337ms @ http://localhost:3000/_next/static/chunks/node_modules_next_dist_1e8vcs8._.js:776
[  884291ms] [LOG] [Fast Refresh] done in 337ms @ http://localhost:3000/_next/static/chunks/node_modules_next_dist_1e8vcs8._.js:776
[  884390ms] [LOG] [Fast Refresh] done in 337ms @ http://localhost:3000/_next/static/chunks/node_modules_next_dist_1e8vcs8._.js:776
[  884492ms] [LOG] [Fast Refresh] done in 337ms @ http://localhost:3000/_next/static/chunks/node_modules_next_dist_1e8vcs8._.js:776
[  884592ms] [LOG] [Fast Refresh] done in 337ms @ http://localhost:3000/_next/static/chunks/node_modules_next_dist_1e8vcs8._.js:776
[  884688ms] [LOG] [Fast Refresh] done in 337ms @ http://localhost:3000/_next/static/chunks/node_modules_next_dist_1e8vcs8._.js:776
[  884774ms] [LOG] [Fast Refresh] done in 337ms @ http://localhost:3000/_next/static/chunks/node_modules_next_dist_1e8vcs8._.js:776
[  884854ms] [LOG] [Fast Refresh] done in 337ms @ http://localhost:3000/_next/static/chunks/node_modules_next_dist_1e8vcs8._.js:776
[  884961ms] [LOG] [Fast Refresh] done in 337ms @ http://localhost:3000/_next/static/chunks/node_modules_next_dist_1e8vcs8._.js:776
[  885102ms] [LOG] [Fast Refresh] done in 337ms @ http://localhost:3000/_next/static/chunks/node_modules_next_dist_1e8vcs8._.js:776
[  885178ms] [LOG] [Fast Refresh] done in 337ms @ http://localhost:3000/_next/static/chunks/node_modules_next_dist_1e8vcs8._.js:776
[  885294ms] [LOG] [Fast Refresh] done in 337ms @ http://localhost:3000/_next/static/chunks/node_modules_next_dist_1e8vcs8._.js:776
[  885436ms] [LOG] [Fast Refresh] done in 337ms @ http://localhost:3000/_next/static/chunks/node_modules_next_dist_1e8vcs8._.js:776
[  885573ms] [LOG] [Fast Refresh] done in 337ms @ http://localhost:3000/_next/static/chunks/node_modules_next_dist_1e8vcs8._.js:776
[  885672ms] [LOG] [Fast Refresh] done in 337ms @ http://localhost:3000/_next/static/chunks/node_modules_next_dist_1e8vcs8._.js:776
[  885800ms] [LOG] [Fast Refresh] done in 337ms @ http://localhost:3000/_next/static/chunks/node_modules_next_dist_1e8vcs8._.js:776
[  886055ms] [LOG] [Fast Refresh] done in 337ms @ http://localhost:3000/_next/static/chunks/node_modules_next_dist_1e8vcs8._.js:776
[  886385ms] [LOG] [Fast Refresh] done in 337ms @ http://localhost:3000/_next/static/chunks/node_modules_next_dist_1e8vcs8._.js:776
[  886645ms] [LOG] [Fast Refresh] done in 337ms @ http://localhost:3000/_next/static/chunks/node_modules_next_dist_1e8vcs8._.js:776
[  886853ms] [LOG] [Fast Refresh] done in 337ms @ http://localhost:3000/_next/static/chunks/node_modules_next_dist_1e8vcs8._.js:776
[  886969ms] [LOG] [Fast Refresh] done in 337ms @ http://localhost:3000/_next/static/chunks/node_modules_next_dist_1e8vcs8._.js:776
[  887062ms] [LOG] [Fast Refresh] done in 337ms @ http://localhost:3000/_next/static/chunks/node_modules_next_dist_1e8vcs8._.js:776
[  887156ms] [LOG] [Fast Refresh] done in 337ms @ http://localhost:3000/_next/static/chunks/node_modules_next_dist_1e8vcs8._.js:776
[  887264ms] [LOG] [Fast Refresh] done in 337ms @ http://localhost:3000/_next/static/chunks/node_modules_next_dist_1e8vcs8._.js:776
[  887394ms] [LOG] [Fast Refresh] done in 337ms @ http://localhost:3000/_next/static/chunks/node_modules_next_dist_1e8vcs8._.js:776
[  887488ms] [LOG] [Fast Refresh] done in 337ms @ http://localhost:3000/_next/static/chunks/node_modules_next_dist_1e8vcs8._.js:776
[  887629ms] [LOG] [Fast Refresh] done in 337ms @ http://localhost:3000/_next/static/chunks/node_modules_next_dist_1e8vcs8._.js:776
[  887733ms] [LOG] [Fast Refresh] done in 337ms @ http://localhost:3000/_next/static/chunks/node_modules_next_dist_1e8vcs8._.js:776
[  887872ms] [LOG] [Fast Refresh] done in 337ms @ http://localhost:3000/_next/static/chunks/node_modules_next_dist_1e8vcs8._.js:776
[  887982ms] [LOG] [Fast Refresh] done in 337ms @ http://localhost:3000/_next/static/chunks/node_modules_next_dist_1e8vcs8._.js:776
[  888103ms] [LOG] [Fast Refresh] done in 337ms @ http://localhost:3000/_next/static/chunks/node_modules_next_dist_1e8vcs8._.js:776
[  888230ms] [LOG] [Fast Refresh] done in 337ms @ http://localhost:3000/_next/static/chunks/node_modules_next_dist_1e8vcs8._.js:776
[  888310ms] [LOG] [Fast Refresh] done in 337ms @ http://localhost:3000/_next/static/chunks/node_modules_next_dist_1e8vcs8._.js:776
[  888436ms] [LOG] [Fast Refresh] done in 337ms @ http://localhost:3000/_next/static/chunks/node_modules_next_dist_1e8vcs8._.js:776
[  888600ms] [LOG] [Fast Refresh] done in 337ms @ http://localhost:3000/_next/static/chunks/node_modules_next_dist_1e8vcs8._.js:776
[  888748ms] [LOG] [Fast Refresh] done in 337ms @ http://localhost:3000/_next/static/chunks/node_modules_next_dist_1e8vcs8._.js:776
[  888859ms] [LOG] [Fast Refresh] done in 337ms @ http://localhost:3000/_next/static/chunks/node_modules_next_dist_1e8vcs8._.js:776
[  888980ms] [LOG] [Fast Refresh] done in 337ms @ http://localhost:3000/_next/static/chunks/node_modules_next_dist_1e8vcs8._.js:776
[  889075ms] [LOG] [Fast Refresh] done in 337ms @ http://localhost:3000/_next/static/chunks/node_modules_next_dist_1e8vcs8._.js:776
[  889128ms] [LOG] [Fast Refresh] done in 337ms @ http://localhost:3000/_next/static/chunks/node_modules_next_dist_1e8vcs8._.js:776
[  889246ms] [LOG] [Fast Refresh] done in 337ms @ http://localhost:3000/_next/static/chunks/node_modules_next_dist_1e8vcs8._.js:776
[  889372ms] [LOG] [Fast Refresh] done in 337ms @ http://localhost:3000/_next/static/chunks/node_modules_next_dist_1e8vcs8._.js:776
[  889464ms] [LOG] [Fast Refresh] done in 337ms @ http://localhost:3000/_next/static/chunks/node_modules_next_dist_1e8vcs8._.js:776
[  889566ms] [LOG] [Fast Refresh] done in 337ms @ http://localhost:3000/_next/static/chunks/node_modules_next_dist_1e8vcs8._.js:776
[  889682ms] [LOG] [Fast Refresh] done in 337ms @ http://localhost:3000/_next/static/chunks/node_modules_next_dist_1e8vcs8._.js:776
[  889829ms] [LOG] [Fast Refresh] done in 337ms @ http://localhost:3000/_next/static/chunks/node_modules_next_dist_1e8vcs8._.js:776
[  889968ms] [LOG] [Fast Refresh] done in 337ms @ http://localhost:3000/_next/static/chunks/node_modules_next_dist_1e8vcs8._.js:776
[  890094ms] [LOG] [Fast Refresh] done in 337ms @ http://localhost:3000/_next/static/chunks/node_modules_next_dist_1e8vcs8._.js:776
[  890188ms] [LOG] [Fast Refresh] done in 337ms @ http://localhost:3000/_next/static/chunks/node_modules_next_dist_1e8vcs8._.js:776
[  890333ms] [LOG] [Fast Refresh] done in 337ms @ http://localhost:3000/_next/static/chunks/node_modules_next_dist_1e8vcs8._.js:776
[  890439ms] [LOG] [Fast Refresh] done in 337ms @ http://localhost:3000/_next/static/chunks/node_modules_next_dist_1e8vcs8._.js:776
[  890619ms] [LOG] [Fast Refresh] done in 337ms @ http://localhost:3000/_next/static/chunks/node_modules_next_dist_1e8vcs8._.js:776
[  890747ms] [LOG] [Fast Refresh] done in 337ms @ http://localhost:3000/_next/static/chunks/node_modules_next_dist_1e8vcs8._.js:776
[  890839ms] [LOG] [Fast Refresh] done in 337ms @ http://localhost:3000/_next/static/chunks/node_modules_next_dist_1e8vcs8._.js:776
[  890960ms] [LOG] [Fast Refresh] done in 337ms @ http://localhost:3000/_next/static/chunks/node_modules_next_dist_1e8vcs8._.js:776
[  891050ms] [LOG] [Fast Refresh] done in 337ms @ http://localhost:3000/_next/static/chunks/node_modules_next_dist_1e8vcs8._.js:776
[  891145ms] [LOG] [Fast Refresh] done in 337ms @ http://localhost:3000/_next/static/chunks/node_modules_next_dist_1e8vcs8._.js:776
[  891268ms] [LOG] [Fast Refresh] done in 337ms @ http://localhost:3000/_next/static/chunks/node_modules_next_dist_1e8vcs8._.js:776
[  891351ms] [LOG] [Fast Refresh] done in 337ms @ http://localhost:3000/_next/static/chunks/node_modules_next_dist_1e8vcs8._.js:776
[  891430ms] [LOG] [Fast Refresh] done in 337ms @ http://localhost:3000/_next/static/chunks/node_modules_next_dist_1e8vcs8._.js:776
[  891506ms] [LOG] [Fast Refresh] done in 337ms @ http://localhost:3000/_next/static/chunks/node_modules_next_dist_1e8vcs8._.js:776
[  891618ms] [LOG] [Fast Refresh] done in 337ms @ http://localhost:3000/_next/static/chunks/node_modules_next_dist_1e8vcs8._.js:776
[  891704ms] [LOG] [Fast Refresh] done in 337ms @ http://localhost:3000/_next/static/chunks/node_modules_next_dist_1e8vcs8._.js:776
[  891838ms] [LOG] [Fast Refresh] done in 337ms @ http://localhost:3000/_next/static/chunks/node_modules_next_dist_1e8vcs8._.js:776
[  891927ms] [LOG] [Fast Refresh] done in 337ms @ http://localhost:3000/_next/static/chunks/node_modules_next_dist_1e8vcs8._.js:776
[  892022ms] [LOG] [Fast Refresh] done in 337ms @ http://localhost:3000/_next/static/chunks/node_modules_next_dist_1e8vcs8._.js:776
[  892101ms] [LOG] [Fast Refresh] done in 337ms @ http://localhost:3000/_next/static/chunks/node_modules_next_dist_1e8vcs8._.js:776
[  892205ms] [LOG] [Fast Refresh] done in 337ms @ http://localhost:3000/_next/static/chunks/node_modules_next_dist_1e8vcs8._.js:776
[  892266ms] [LOG] [Fast Refresh] done in 337ms @ http://localhost:3000/_next/static/chunks/node_modules_next_dist_1e8vcs8._.js:776
[  892375ms] [LOG] [Fast Refresh] done in 337ms @ http://localhost:3000/_next/static/chunks/node_modules_next_dist_1e8vcs8._.js:776
[  892477ms] [LOG] [Fast Refresh] done in 337ms @ http://localhost:3000/_next/static/chunks/node_modules_next_dist_1e8vcs8._.js:776
[  892605ms] [LOG] [Fast Refresh] done in 337ms @ http://localhost:3000/_next/static/chunks/node_modules_next_dist_1e8vcs8._.js:776
[  892722ms] [LOG] [Fast Refresh] done in 337ms @ http://localhost:3000/_next/static/chunks/node_modules_next_dist_1e8vcs8._.js:776
[  892818ms] [LOG] [Fast Refresh] done in 337ms @ http://localhost:3000/_next/static/chunks/node_modules_next_dist_1e8vcs8._.js:776
[  892940ms] [LOG] [Fast Refresh] done in 337ms @ http://localhost:3000/_next/static/chunks/node_modules_next_dist_1e8vcs8._.js:776
[  893059ms] [LOG] [Fast Refresh] done in 337ms @ http://localhost:3000/_next/static/chunks/node_modules_next_dist_1e8vcs8._.js:776
[  893144ms] [LOG] [Fast Refresh] done in 337ms @ http://localhost:3000/_next/static/chunks/node_modules_next_dist_1e8vcs8._.js:776
[  893240ms] [LOG] [Fast Refresh] done in 337ms @ http://localhost:3000/_next/static/chunks/node_modules_next_dist_1e8vcs8._.js:776
[  893348ms] [LOG] [Fast Refresh] done in 337ms @ http://localhost:3000/_next/static/chunks/node_modules_next_dist_1e8vcs8._.js:776
[  893496ms] [LOG] [Fast Refresh] done in 337ms @ http://localhost:3000/_next/static/chunks/node_modules_next_dist_1e8vcs8._.js:776
[  893608ms] [LOG] [Fast Refresh] done in 337ms @ http://localhost:3000/_next/static/chunks/node_modules_next_dist_1e8vcs8._.js:776
[  893711ms] [LOG] [Fast Refresh] done in 337ms @ http://localhost:3000/_next/static/chunks/node_modules_next_dist_1e8vcs8._.js:776
[  893794ms] [LOG] [Fast Refresh] done in 337ms @ http://localhost:3000/_next/static/chunks/node_modules_next_dist_1e8vcs8._.js:776
[  893891ms] [LOG] [Fast Refresh] done in 337ms @ http://localhost:3000/_next/static/chunks/node_modules_next_dist_1e8vcs8._.js:776
[  894008ms] [LOG] [Fast Refresh] done in 337ms @ http://localhost:3000/_next/static/chunks/node_modules_next_dist_1e8vcs8._.js:776
[  894128ms] [LOG] [Fast Refresh] done in 337ms @ http://localhost:3000/_next/static/chunks/node_modules_next_dist_1e8vcs8._.js:776
[  894235ms] [LOG] [Fast Refresh] done in 337ms @ http://localhost:3000/_next/static/chunks/node_modules_next_dist_1e8vcs8._.js:776
[  894314ms] [LOG] [Fast Refresh] done in 337ms @ http://localhost:3000/_next/static/chunks/node_modules_next_dist_1e8vcs8._.js:776
[  894449ms] [LOG] [Fast Refresh] done in 337ms @ http://localhost:3000/_next/static/chunks/node_modules_next_dist_1e8vcs8._.js:776
[  894555ms] [LOG] [Fast Refresh] done in 337ms @ http://localhost:3000/_next/static/chunks/node_modules_next_dist_1e8vcs8._.js:776
[  894645ms] [LOG] [Fast Refresh] done in 337ms @ http://localhost:3000/_next/static/chunks/node_modules_next_dist_1e8vcs8._.js:776
[  894744ms] [LOG] [Fast Refresh] done in 337ms @ http://localhost:3000/_next/static/chunks/node_modules_next_dist_1e8vcs8._.js:776
[  894861ms] [LOG] [Fast Refresh] done in 337ms @ http://localhost:3000/_next/static/chunks/node_modules_next_dist_1e8vcs8._.js:776
[  894987ms] [LOG] [Fast Refresh] done in 337ms @ http://localhost:3000/_next/static/chunks/node_modules_next_dist_1e8vcs8._.js:776
[  895110ms] [LOG] [Fast Refresh] done in 337ms @ http://localhost:3000/_next/static/chunks/node_modules_next_dist_1e8vcs8._.js:776
[  895211ms] [LOG] [Fast Refresh] done in 337ms @ http://localhost:3000/_next/static/chunks/node_modules_next_dist_1e8vcs8._.js:776
[  895270ms] [LOG] [Fast Refresh] done in 337ms @ http://localhost:3000/_next/static/chunks/node_modules_next_dist_1e8vcs8._.js:776
[  895380ms] [LOG] [Fast Refresh] done in 337ms @ http://localhost:3000/_next/static/chunks/node_modules_next_dist_1e8vcs8._.js:776
[  895559ms] [LOG] [Fast Refresh] done in 337ms @ http://localhost:3000/_next/static/chunks/node_modules_next_dist_1e8vcs8._.js:776
[  895651ms] [LOG] [Fast Refresh] done in 337ms @ http://localhost:3000/_next/static/chunks/node_modules_next_dist_1e8vcs8._.js:776
[  895774ms] [LOG] [Fast Refresh] done in 337ms @ http://localhost:3000/_next/static/chunks/node_modules_next_dist_1e8vcs8._.js:776
[  895868ms] [LOG] [Fast Refresh] done in 337ms @ http://localhost:3000/_next/static/chunks/node_modules_next_dist_1e8vcs8._.js:776
[  895962ms] [LOG] [Fast Refresh] done in 337ms @ http://localhost:3000/_next/static/chunks/node_modules_next_dist_1e8vcs8._.js:776
[  896055ms] [LOG] [Fast Refresh] done in 337ms @ http://localhost:3000/_next/static/chunks/node_modules_next_dist_1e8vcs8._.js:776
[  896172ms] [LOG] [Fast Refresh] done in 337ms @ http://localhost:3000/_next/static/chunks/node_modules_next_dist_1e8vcs8._.js:776
[  896283ms] [LOG] [Fast Refresh] done in 337ms @ http://localhost:3000/_next/static/chunks/node_modules_next_dist_1e8vcs8._.js:776
[  896426ms] [LOG] [Fast Refresh] done in 337ms @ http://localhost:3000/_next/static/chunks/node_modules_next_dist_1e8vcs8._.js:776
[  896565ms] [LOG] [Fast Refresh] done in 337ms @ http://localhost:3000/_next/static/chunks/node_modules_next_dist_1e8vcs8._.js:776
[  896679ms] [LOG] [Fast Refresh] done in 337ms @ http://localhost:3000/_next/static/chunks/node_modules_next_dist_1e8vcs8._.js:776
[  896803ms] [LOG] [Fast Refresh] done in 337ms @ http://localhost:3000/_next/static/chunks/node_modules_next_dist_1e8vcs8._.js:776
[  896888ms] [LOG] [Fast Refresh] done in 337ms @ http://localhost:3000/_next/static/chunks/node_modules_next_dist_1e8vcs8._.js:776
[  896996ms] [LOG] [Fast Refresh] done in 337ms @ http://localhost:3000/_next/static/chunks/node_modules_next_dist_1e8vcs8._.js:776
[  897080ms] [LOG] [Fast Refresh] done in 337ms @ http://localhost:3000/_next/static/chunks/node_modules_next_dist_1e8vcs8._.js:776
[  897186ms] [LOG] [Fast Refresh] done in 337ms @ http://localhost:3000/_next/static/chunks/node_modules_next_dist_1e8vcs8._.js:776
[  897260ms] [LOG] [Fast Refresh] done in 337ms @ http://localhost:3000/_next/static/chunks/node_modules_next_dist_1e8vcs8._.js:776
[  897391ms] [LOG] [Fast Refresh] done in 337ms @ http://localhost:3000/_next/static/chunks/node_modules_next_dist_1e8vcs8._.js:776
[  897487ms] [LOG] [Fast Refresh] done in 337ms @ http://localhost:3000/_next/static/chunks/node_modules_next_dist_1e8vcs8._.js:776
[  897594ms] [LOG] [Fast Refresh] done in 337ms @ http://localhost:3000/_next/static/chunks/node_modules_next_dist_1e8vcs8._.js:776
[  897695ms] [LOG] [Fast Refresh] done in 337ms @ http://localhost:3000/_next/static/chunks/node_modules_next_dist_1e8vcs8._.js:776
[  897770ms] [LOG] [Fast Refresh] done in 337ms @ http://localhost:3000/_next/static/chunks/node_modules_next_dist_1e8vcs8._.js:776
[  897917ms] [LOG] [Fast Refresh] done in 337ms @ http://localhost:3000/_next/static/chunks/node_modules_next_dist_1e8vcs8._.js:776
[  898036ms] [LOG] [Fast Refresh] done in 337ms @ http://localhost:3000/_next/static/chunks/node_modules_next_dist_1e8vcs8._.js:776
[  898192ms] [LOG] [Fast Refresh] done in 337ms @ http://localhost:3000/_next/static/chunks/node_modules_next_dist_1e8vcs8._.js:776
[  898309ms] [LOG] [Fast Refresh] done in 337ms @ http://localhost:3000/_next/static/chunks/node_modules_next_dist_1e8vcs8._.js:776
[  898411ms] [LOG] [Fast Refresh] done in 337ms @ http://localhost:3000/_next/static/chunks/node_modules_next_dist_1e8vcs8._.js:776
[  898481ms] [LOG] [Fast Refresh] done in 337ms @ http://localhost:3000/_next/static/chunks/node_modules_next_dist_1e8vcs8._.js:776
[  898581ms] [LOG] [Fast Refresh] done in 337ms @ http://localhost:3000/_next/static/chunks/node_modules_next_dist_1e8vcs8._.js:776
[  898668ms] [LOG] [Fast Refresh] done in 337ms @ http://localhost:3000/_next/static/chunks/node_modules_next_dist_1e8vcs8._.js:776
[  898786ms] [LOG] [Fast Refresh] done in 337ms @ http://localhost:3000/_next/static/chunks/node_modules_next_dist_1e8vcs8._.js:776
[  898855ms] [LOG] [Fast Refresh] done in 337ms @ http://localhost:3000/_next/static/chunks/node_modules_next_dist_1e8vcs8._.js:776
[  898985ms] [LOG] [Fast Refresh] done in 337ms @ http://localhost:3000/_next/static/chunks/node_modules_next_dist_1e8vcs8._.js:776
[  899135ms] [LOG] [Fast Refresh] done in 337ms @ http://localhost:3000/_next/static/chunks/node_modules_next_dist_1e8vcs8._.js:776
[  899264ms] [LOG] [Fast Refresh] done in 337ms @ http://localhost:3000/_next/static/chunks/node_modules_next_dist_1e8vcs8._.js:776
[  899360ms] [LOG] [Fast Refresh] done in 337ms @ http://localhost:3000/_next/static/chunks/node_modules_next_dist_1e8vcs8._.js:776
[  899449ms] [LOG] [Fast Refresh] done in 337ms @ http://localhost:3000/_next/static/chunks/node_modules_next_dist_1e8vcs8._.js:776
[  899526ms] [LOG] [Fast Refresh] done in 337ms @ http://localhost:3000/_next/static/chunks/node_modules_next_dist_1e8vcs8._.js:776
[  899613ms] [LOG] [Fast Refresh] done in 337ms @ http://localhost:3000/_next/static/chunks/node_modules_next_dist_1e8vcs8._.js:776
[  899723ms] [LOG] [Fast Refresh] done in 337ms @ http://localhost:3000/_next/static/chunks/node_modules_next_dist_1e8vcs8._.js:776
[  899830ms] [LOG] [Fast Refresh] done in 337ms @ http://localhost:3000/_next/static/chunks/node_modules_next_dist_1e8vcs8._.js:776
[  899941ms] [LOG] [Fast Refresh] done in 337ms @ http://localhost:3000/_next/static/chunks/node_modules_next_dist_1e8vcs8._.js:776
[  900026ms] [LOG] [Fast Refresh] done in 337ms @ http://localhost:3000/_next/static/chunks/node_modules_next_dist_1e8vcs8._.js:776
[  900153ms] [LOG] [Fast Refresh] done in 337ms @ http://localhost:3000/_next/static/chunks/node_modules_next_dist_1e8vcs8._.js:776
[  900253ms] [LOG] [Fast Refresh] done in 337ms @ http://localhost:3000/_next/static/chunks/node_modules_next_dist_1e8vcs8._.js:776
[  900357ms] [LOG] [Fast Refresh] done in 337ms @ http://localhost:3000/_next/static/chunks/node_modules_next_dist_1e8vcs8._.js:776
[  900426ms] [LOG] [Fast Refresh] done in 337ms @ http://localhost:3000/_next/static/chunks/node_modules_next_dist_1e8vcs8._.js:776
[  900499ms] [LOG] [Fast Refresh] done in 337ms @ http://localhost:3000/_next/static/chunks/node_modules_next_dist_1e8vcs8._.js:776
[  900575ms] [LOG] [Fast Refresh] done in 337ms @ http://localhost:3000/_next/static/chunks/node_modules_next_dist_1e8vcs8._.js:776
[  900699ms] [LOG] [Fast Refresh] done in 337ms @ http://localhost:3000/_next/static/chunks/node_modules_next_dist_1e8vcs8._.js:776
[  900818ms] [LOG] [Fast Refresh] done in 337ms @ http://localhost:3000/_next/static/chunks/node_modules_next_dist_1e8vcs8._.js:776
[  900931ms] [LOG] [Fast Refresh] done in 337ms @ http://localhost:3000/_next/static/chunks/node_modules_next_dist_1e8vcs8._.js:776
[  901088ms] [LOG] [Fast Refresh] done in 337ms @ http://localhost:3000/_next/static/chunks/node_modules_next_dist_1e8vcs8._.js:776
[  901164ms] [LOG] [Fast Refresh] done in 337ms @ http://localhost:3000/_next/static/chunks/node_modules_next_dist_1e8vcs8._.js:776
[  901276ms] [LOG] [Fast Refresh] done in 337ms @ http://localhost:3000/_next/static/chunks/node_modules_next_dist_1e8vcs8._.js:776
[  901345ms] [LOG] [Fast Refresh] done in 337ms @ http://localhost:3000/_next/static/chunks/node_modules_next_dist_1e8vcs8._.js:776
[  901436ms] [LOG] [Fast Refresh] done in 337ms @ http://localhost:3000/_next/static/chunks/node_modules_next_dist_1e8vcs8._.js:776
[  901531ms] [LOG] [Fast Refresh] done in 337ms @ http://localhost:3000/_next/static/chunks/node_modules_next_dist_1e8vcs8._.js:776
[  901660ms] [LOG] [Fast Refresh] done in 337ms @ http://localhost:3000/_next/static/chunks/node_modules_next_dist_1e8vcs8._.js:776
[  901731ms] [LOG] [Fast Refresh] done in 337ms @ http://localhost:3000/_next/static/chunks/node_modules_next_dist_1e8vcs8._.js:776
[  901808ms] [LOG] [Fast Refresh] done in 337ms @ http://localhost:3000/_next/static/chunks/node_modules_next_dist_1e8vcs8._.js:776
[  901938ms] [LOG] [Fast Refresh] done in 337ms @ http://localhost:3000/_next/static/chunks/node_modules_next_dist_1e8vcs8._.js:776
[  902039ms] [LOG] [Fast Refresh] done in 337ms @ http://localhost:3000/_next/static/chunks/node_modules_next_dist_1e8vcs8._.js:776
[  902126ms] [LOG] [Fast Refresh] done in 337ms @ http://localhost:3000/_next/static/chunks/node_modules_next_dist_1e8vcs8._.js:776
[  902247ms] [LOG] [Fast Refresh] done in 337ms @ http://localhost:3000/_next/static/chunks/node_modules_next_dist_1e8vcs8._.js:776
[  902367ms] [LOG] [Fast Refresh] done in 337ms @ http://localhost:3000/_next/static/chunks/node_modules_next_dist_1e8vcs8._.js:776
[  902441ms] [LOG] [Fast Refresh] done in 337ms @ http://localhost:3000/_next/static/chunks/node_modules_next_dist_1e8vcs8._.js:776
[  902538ms] [LOG] [Fast Refresh] done in 337ms @ http://localhost:3000/_next/static/chunks/node_modules_next_dist_1e8vcs8._.js:776
[  902647ms] [LOG] [Fast Refresh] done in 337ms @ http://localhost:3000/_next/static/chunks/node_modules_next_dist_1e8vcs8._.js:776
[  902739ms] [LOG] [Fast Refresh] done in 337ms @ http://localhost:3000/_next/static/chunks/node_modules_next_dist_1e8vcs8._.js:776
[  902814ms] [LOG] [Fast Refresh] done in 337ms @ http://localhost:3000/_next/static/chunks/node_modules_next_dist_1e8vcs8._.js:776
[  902918ms] [LOG] [Fast Refresh] done in 337ms @ http://localhost:3000/_next/static/chunks/node_modules_next_dist_1e8vcs8._.js:776
[  903014ms] [LOG] [Fast Refresh] done in 337ms @ http://localhost:3000/_next/static/chunks/node_modules_next_dist_1e8vcs8._.js:776
[  903126ms] [LOG] [Fast Refresh] done in 337ms @ http://localhost:3000/_next/static/chunks/node_modules_next_dist_1e8vcs8._.js:776
[  903235ms] [LOG] [Fast Refresh] done in 337ms @ http://localhost:3000/_next/static/chunks/node_modules_next_dist_1e8vcs8._.js:776
[  903310ms] [LOG] [Fast Refresh] done in 337ms @ http://localhost:3000/_next/static/chunks/node_modules_next_dist_1e8vcs8._.js:776
[  903414ms] [LOG] [Fast Refresh] done in 337ms @ http://localhost:3000/_next/static/chunks/node_modules_next_dist_1e8vcs8._.js:776
[  903520ms] [LOG] [Fast Refresh] done in 337ms @ http://localhost:3000/_next/static/chunks/node_modules_next_dist_1e8vcs8._.js:776
[  903631ms] [LOG] [Fast Refresh] done in 337ms @ http://localhost:3000/_next/static/chunks/node_modules_next_dist_1e8vcs8._.js:776
[  903748ms] [LOG] [Fast Refresh] done in 337ms @ http://localhost:3000/_next/static/chunks/node_modules_next_dist_1e8vcs8._.js:776
[  903840ms] [LOG] [Fast Refresh] done in 337ms @ http://localhost:3000/_next/static/chunks/node_modules_next_dist_1e8vcs8._.js:776
[  903923ms] [LOG] [Fast Refresh] done in 337ms @ http://localhost:3000/_next/static/chunks/node_modules_next_dist_1e8vcs8._.js:776
[  903998ms] [LOG] [Fast Refresh] done in 337ms @ http://localhost:3000/_next/static/chunks/node_modules_next_dist_1e8vcs8._.js:776
[  904091ms] [LOG] [Fast Refresh] done in 337ms @ http://localhost:3000/_next/static/chunks/node_modules_next_dist_1e8vcs8._.js:776
[  904167ms] [LOG] [Fast Refresh] done in 337ms @ http://localhost:3000/_next/static/chunks/node_modules_next_dist_1e8vcs8._.js:776
[  904240ms] [LOG] [Fast Refresh] done in 337ms @ http://localhost:3000/_next/static/chunks/node_modules_next_dist_1e8vcs8._.js:776
[  904311ms] [LOG] [Fast Refresh] done in 337ms @ http://localhost:3000/_next/static/chunks/node_modules_next_dist_1e8vcs8._.js:776
[  904401ms] [LOG] [Fast Refresh] done in 337ms @ http://localhost:3000/_next/static/chunks/node_modules_next_dist_1e8vcs8._.js:776
[  904473ms] [LOG] [Fast Refresh] done in 337ms @ http://localhost:3000/_next/static/chunks/node_modules_next_dist_1e8vcs8._.js:776
[  904566ms] [LOG] [Fast Refresh] done in 337ms @ http://localhost:3000/_next/static/chunks/node_modules_next_dist_1e8vcs8._.js:776
[  904644ms] [LOG] [Fast Refresh] done in 337ms @ http://localhost:3000/_next/static/chunks/node_modules_next_dist_1e8vcs8._.js:776
[  904742ms] [LOG] [Fast Refresh] done in 337ms @ http://localhost:3000/_next/static/chunks/node_modules_next_dist_1e8vcs8._.js:776
[  904868ms] [LOG] [Fast Refresh] done in 337ms @ http://localhost:3000/_next/static/chunks/node_modules_next_dist_1e8vcs8._.js:776
[  904937ms] [LOG] [Fast Refresh] done in 337ms @ http://localhost:3000/_next/static/chunks/node_modules_next_dist_1e8vcs8._.js:776
[  905018ms] [LOG] [Fast Refresh] done in 337ms @ http://localhost:3000/_next/static/chunks/node_modules_next_dist_1e8vcs8._.js:776
[  905096ms] [LOG] [Fast Refresh] done in 337ms @ http://localhost:3000/_next/static/chunks/node_modules_next_dist_1e8vcs8._.js:776
[  905187ms] [LOG] [Fast Refresh] done in 337ms @ http://localhost:3000/_next/static/chunks/node_modules_next_dist_1e8vcs8._.js:776
[  905260ms] [LOG] [Fast Refresh] done in 337ms @ http://localhost:3000/_next/static/chunks/node_modules_next_dist_1e8vcs8._.js:776
[  905331ms] [LOG] [Fast Refresh] done in 337ms @ http://localhost:3000/_next/static/chunks/node_modules_next_dist_1e8vcs8._.js:776
[  905446ms] [LOG] [Fast Refresh] done in 337ms @ http://localhost:3000/_next/static/chunks/node_modules_next_dist_1e8vcs8._.js:776
[  905534ms] [LOG] [Fast Refresh] done in 337ms @ http://localhost:3000/_next/static/chunks/node_modules_next_dist_1e8vcs8._.js:776
[  905619ms] [LOG] [Fast Refresh] done in 337ms @ http://localhost:3000/_next/static/chunks/node_modules_next_dist_1e8vcs8._.js:776
[  905723ms] [LOG] [Fast Refresh] done in 337ms @ http://localhost:3000/_next/static/chunks/node_modules_next_dist_1e8vcs8._.js:776
[  905877ms] [LOG] [Fast Refresh] done in 337ms @ http://localhost:3000/_next/static/chunks/node_modules_next_dist_1e8vcs8._.js:776
[  905987ms] [LOG] [Fast Refresh] done in 337ms @ http://localhost:3000/_next/static/chunks/node_modules_next_dist_1e8vcs8._.js:776
[  906077ms] [LOG] [Fast Refresh] done in 337ms @ http://localhost:3000/_next/static/chunks/node_modules_next_dist_1e8vcs8._.js:776
[  906158ms] [LOG] [Fast Refresh] done in 337ms @ http://localhost:3000/_next/static/chunks/node_modules_next_dist_1e8vcs8._.js:776
[  906230ms] [LOG] [Fast Refresh] done in 337ms @ http://localhost:3000/_next/static/chunks/node_modules_next_dist_1e8vcs8._.js:776
[  906308ms] [LOG] [Fast Refresh] done in 337ms @ http://localhost:3000/_next/static/chunks/node_modules_next_dist_1e8vcs8._.js:776
[  906382ms] [LOG] [Fast Refresh] done in 337ms @ http://localhost:3000/_next/static/chunks/node_modules_next_dist_1e8vcs8._.js:776
[  906499ms] [LOG] [Fast Refresh] done in 337ms @ http://localhost:3000/_next/static/chunks/node_modules_next_dist_1e8vcs8._.js:776
[  906626ms] [LOG] [Fast Refresh] done in 337ms @ http://localhost:3000/_next/static/chunks/node_modules_next_dist_1e8vcs8._.js:776
[  906723ms] [LOG] [Fast Refresh] done in 337ms @ http://localhost:3000/_next/static/chunks/node_modules_next_dist_1e8vcs8._.js:776
[  906810ms] [LOG] [Fast Refresh] done in 337ms @ http://localhost:3000/_next/static/chunks/node_modules_next_dist_1e8vcs8._.js:776
[  906887ms] [LOG] [Fast Refresh] done in 337ms @ http://localhost:3000/_next/static/chunks/node_modules_next_dist_1e8vcs8._.js:776
[  906975ms] [LOG] [Fast Refresh] done in 337ms @ http://localhost:3000/_next/static/chunks/node_modules_next_dist_1e8vcs8._.js:776
[  907070ms] [LOG] [Fast Refresh] done in 337ms @ http://localhost:3000/_next/static/chunks/node_modules_next_dist_1e8vcs8._.js:776
[  907207ms] [LOG] [Fast Refresh] done in 337ms @ http://localhost:3000/_next/static/chunks/node_modules_next_dist_1e8vcs8._.js:776
[  907329ms] [LOG] [Fast Refresh] done in 337ms @ http://localhost:3000/_next/static/chunks/node_modules_next_dist_1e8vcs8._.js:776
[  907412ms] [LOG] [Fast Refresh] done in 337ms @ http://localhost:3000/_next/static/chunks/node_modules_next_dist_1e8vcs8._.js:776
[  907528ms] [LOG] [Fast Refresh] done in 337ms @ http://localhost:3000/_next/static/chunks/node_modules_next_dist_1e8vcs8._.js:776
[  907635ms] [LOG] [Fast Refresh] done in 337ms @ http://localhost:3000/_next/static/chunks/node_modules_next_dist_1e8vcs8._.js:776
[  907759ms] [LOG] [Fast Refresh] done in 337ms @ http://localhost:3000/_next/static/chunks/node_modules_next_dist_1e8vcs8._.js:776
[  907841ms] [LOG] [Fast Refresh] done in 337ms @ http://localhost:3000/_next/static/chunks/node_modules_next_dist_1e8vcs8._.js:776
[  907964ms] [LOG] [Fast Refresh] done in 337ms @ http://localhost:3000/_next/static/chunks/node_modules_next_dist_1e8vcs8._.js:776
[  908044ms] [LOG] [Fast Refresh] done in 337ms @ http://localhost:3000/_next/static/chunks/node_modules_next_dist_1e8vcs8._.js:776
[  908124ms] [LOG] [Fast Refresh] done in 337ms @ http://localhost:3000/_next/static/chunks/node_modules_next_dist_1e8vcs8._.js:776
[  908227ms] [LOG] [Fast Refresh] done in 337ms @ http://localhost:3000/_next/static/chunks/node_modules_next_dist_1e8vcs8._.js:776
[  908324ms] [LOG] [Fast Refresh] done in 337ms @ http://localhost:3000/_next/static/chunks/node_modules_next_dist_1e8vcs8._.js:776
[  908431ms] [LOG] [Fast Refresh] done in 337ms @ http://localhost:3000/_next/static/chunks/node_modules_next_dist_1e8vcs8._.js:776
[  908521ms] [LOG] [Fast Refresh] done in 337ms @ http://localhost:3000/_next/static/chunks/node_modules_next_dist_1e8vcs8._.js:776
[  908641ms] [LOG] [Fast Refresh] done in 337ms @ http://localhost:3000/_next/static/chunks/node_modules_next_dist_1e8vcs8._.js:776
[  908751ms] [LOG] [Fast Refresh] done in 337ms @ http://localhost:3000/_next/static/chunks/node_modules_next_dist_1e8vcs8._.js:776
[  908899ms] [LOG] [Fast Refresh] done in 337ms @ http://localhost:3000/_next/static/chunks/node_modules_next_dist_1e8vcs8._.js:776
[  909052ms] [LOG] [Fast Refresh] done in 337ms @ http://localhost:3000/_next/static/chunks/node_modules_next_dist_1e8vcs8._.js:776
[  909135ms] [LOG] [Fast Refresh] done in 337ms @ http://localhost:3000/_next/static/chunks/node_modules_next_dist_1e8vcs8._.js:776
[  909211ms] [LOG] [Fast Refresh] done in 337ms @ http://localhost:3000/_next/static/chunks/node_modules_next_dist_1e8vcs8._.js:776
[  909367ms] [LOG] [Fast Refresh] done in 337ms @ http://localhost:3000/_next/static/chunks/node_modules_next_dist_1e8vcs8._.js:776
[  909535ms] [LOG] [Fast Refresh] done in 337ms @ http://localhost:3000/_next/static/chunks/node_modules_next_dist_1e8vcs8._.js:776
[  909623ms] [LOG] [Fast Refresh] done in 337ms @ http://localhost:3000/_next/static/chunks/node_modules_next_dist_1e8vcs8._.js:776
[  909716ms] [LOG] [Fast Refresh] done in 337ms @ http://localhost:3000/_next/static/chunks/node_modules_next_dist_1e8vcs8._.js:776
[  909816ms] [LOG] [Fast Refresh] done in 337ms @ http://localhost:3000/_next/static/chunks/node_modules_next_dist_1e8vcs8._.js:776
[  909919ms] [LOG] [Fast Refresh] done in 337ms @ http://localhost:3000/_next/static/chunks/node_modules_next_dist_1e8vcs8._.js:776
[  910051ms] [LOG] [Fast Refresh] done in 337ms @ http://localhost:3000/_next/static/chunks/node_modules_next_dist_1e8vcs8._.js:776
[  910156ms] [LOG] [Fast Refresh] done in 337ms @ http://localhost:3000/_next/static/chunks/node_modules_next_dist_1e8vcs8._.js:776
[  910254ms] [LOG] [Fast Refresh] done in 337ms @ http://localhost:3000/_next/static/chunks/node_modules_next_dist_1e8vcs8._.js:776
[  910369ms] [LOG] [Fast Refresh] done in 337ms @ http://localhost:3000/_next/static/chunks/node_modules_next_dist_1e8vcs8._.js:776
[  910477ms] [LOG] [Fast Refresh] done in 337ms @ http://localhost:3000/_next/static/chunks/node_modules_next_dist_1e8vcs8._.js:776
[  910567ms] [LOG] [Fast Refresh] done in 337ms @ http://localhost:3000/_next/static/chunks/node_modules_next_dist_1e8vcs8._.js:776
[  910646ms] [LOG] [Fast Refresh] done in 337ms @ http://localhost:3000/_next/static/chunks/node_modules_next_dist_1e8vcs8._.js:776
[  910742ms] [LOG] [Fast Refresh] done in 337ms @ http://localhost:3000/_next/static/chunks/node_modules_next_dist_1e8vcs8._.js:776
[  910838ms] [LOG] [Fast Refresh] done in 337ms @ http://localhost:3000/_next/static/chunks/node_modules_next_dist_1e8vcs8._.js:776
[  910966ms] [LOG] [Fast Refresh] done in 337ms @ http://localhost:3000/_next/static/chunks/node_modules_next_dist_1e8vcs8._.js:776
[  911059ms] [LOG] [Fast Refresh] done in 337ms @ http://localhost:3000/_next/static/chunks/node_modules_next_dist_1e8vcs8._.js:776
[  911201ms] [LOG] [Fast Refresh] done in 337ms @ http://localhost:3000/_next/static/chunks/node_modules_next_dist_1e8vcs8._.js:776
[  911268ms] [LOG] [Fast Refresh] done in 337ms @ http://localhost:3000/_next/static/chunks/node_modules_next_dist_1e8vcs8._.js:776
[  911366ms] [LOG] [Fast Refresh] done in 337ms @ http://localhost:3000/_next/static/chunks/node_modules_next_dist_1e8vcs8._.js:776
[  911484ms] [LOG] [Fast Refresh] done in 337ms @ http://localhost:3000/_next/static/chunks/node_modules_next_dist_1e8vcs8._.js:776
[  911590ms] [LOG] [Fast Refresh] done in 337ms @ http://localhost:3000/_next/static/chunks/node_modules_next_dist_1e8vcs8._.js:776
[  911718ms] [LOG] [Fast Refresh] done in 337ms @ http://localhost:3000/_next/static/chunks/node_modules_next_dist_1e8vcs8._.js:776
[  911815ms] [LOG] [Fast Refresh] done in 337ms @ http://localhost:3000/_next/static/chunks/node_modules_next_dist_1e8vcs8._.js:776
[  911955ms] [LOG] [Fast Refresh] done in 337ms @ http://localhost:3000/_next/static/chunks/node_modules_next_dist_1e8vcs8._.js:776
[  912070ms] [LOG] [Fast Refresh] done in 337ms @ http://localhost:3000/_next/static/chunks/node_modules_next_dist_1e8vcs8._.js:776
[  912192ms] [LOG] [Fast Refresh] done in 337ms @ http://localhost:3000/_next/static/chunks/node_modules_next_dist_1e8vcs8._.js:776
[  912309ms] [LOG] [Fast Refresh] done in 337ms @ http://localhost:3000/_next/static/chunks/node_modules_next_dist_1e8vcs8._.js:776
[  912411ms] [LOG] [Fast Refresh] done in 337ms @ http://localhost:3000/_next/static/chunks/node_modules_next_dist_1e8vcs8._.js:776
[  912513ms] [LOG] [Fast Refresh] done in 337ms @ http://localhost:3000/_next/static/chunks/node_modules_next_dist_1e8vcs8._.js:776
[  912612ms] [LOG] [Fast Refresh] done in 337ms @ http://localhost:3000/_next/static/chunks/node_modules_next_dist_1e8vcs8._.js:776
[  912697ms] [LOG] [Fast Refresh] done in 337ms @ http://localhost:3000/_next/static/chunks/node_modules_next_dist_1e8vcs8._.js:776
[  912773ms] [LOG] [Fast Refresh] done in 337ms @ http://localhost:3000/_next/static/chunks/node_modules_next_dist_1e8vcs8._.js:776
[  912857ms] [LOG] [Fast Refresh] done in 337ms @ http://localhost:3000/_next/static/chunks/node_modules_next_dist_1e8vcs8._.js:776
[  912951ms] [LOG] [Fast Refresh] done in 337ms @ http://localhost:3000/_next/static/chunks/node_modules_next_dist_1e8vcs8._.js:776
[  913068ms] [LOG] [Fast Refresh] done in 337ms @ http://localhost:3000/_next/static/chunks/node_modules_next_dist_1e8vcs8._.js:776
[  913176ms] [LOG] [Fast Refresh] done in 337ms @ http://localhost:3000/_next/static/chunks/node_modules_next_dist_1e8vcs8._.js:776
[  913260ms] [LOG] [Fast Refresh] done in 337ms @ http://localhost:3000/_next/static/chunks/node_modules_next_dist_1e8vcs8._.js:776
[  913354ms] [LOG] [Fast Refresh] done in 337ms @ http://localhost:3000/_next/static/chunks/node_modules_next_dist_1e8vcs8._.js:776
[  913453ms] [LOG] [Fast Refresh] done in 337ms @ http://localhost:3000/_next/static/chunks/node_modules_next_dist_1e8vcs8._.js:776
[  913559ms] [LOG] [Fast Refresh] done in 337ms @ http://localhost:3000/_next/static/chunks/node_modules_next_dist_1e8vcs8._.js:776
[  913639ms] [LOG] [Fast Refresh] done in 337ms @ http://localhost:3000/_next/static/chunks/node_modules_next_dist_1e8vcs8._.js:776
[  913728ms] [LOG] [Fast Refresh] done in 337ms @ http://localhost:3000/_next/static/chunks/node_modules_next_dist_1e8vcs8._.js:776
[  913807ms] [LOG] [Fast Refresh] done in 337ms @ http://localhost:3000/_next/static/chunks/node_modules_next_dist_1e8vcs8._.js:776
[  913907ms] [LOG] [Fast Refresh] done in 337ms @ http://localhost:3000/_next/static/chunks/node_modules_next_dist_1e8vcs8._.js:776
[  914019ms] [LOG] [Fast Refresh] done in 337ms @ http://localhost:3000/_next/static/chunks/node_modules_next_dist_1e8vcs8._.js:776
[  914105ms] [LOG] [Fast Refresh] done in 337ms @ http://localhost:3000/_next/static/chunks/node_modules_next_dist_1e8vcs8._.js:776
[  914207ms] [LOG] [Fast Refresh] done in 337ms @ http://localhost:3000/_next/static/chunks/node_modules_next_dist_1e8vcs8._.js:776
[  914316ms] [LOG] [Fast Refresh] done in 337ms @ http://localhost:3000/_next/static/chunks/node_modules_next_dist_1e8vcs8._.js:776
[  914413ms] [LOG] [Fast Refresh] done in 337ms @ http://localhost:3000/_next/static/chunks/node_modules_next_dist_1e8vcs8._.js:776
[  914472ms] [LOG] [Fast Refresh] done in 337ms @ http://localhost:3000/_next/static/chunks/node_modules_next_dist_1e8vcs8._.js:776
[  914571ms] [LOG] [Fast Refresh] done in 337ms @ http://localhost:3000/_next/static/chunks/node_modules_next_dist_1e8vcs8._.js:776
[  914657ms] [LOG] [Fast Refresh] done in 337ms @ http://localhost:3000/_next/static/chunks/node_modules_next_dist_1e8vcs8._.js:776
[  914763ms] [LOG] [Fast Refresh] done in 337ms @ http://localhost:3000/_next/static/chunks/node_modules_next_dist_1e8vcs8._.js:776
[  914879ms] [LOG] [Fast Refresh] done in 337ms @ http://localhost:3000/_next/static/chunks/node_modules_next_dist_1e8vcs8._.js:776
[  914964ms] [LOG] [Fast Refresh] done in 337ms @ http://localhost:3000/_next/static/chunks/node_modules_next_dist_1e8vcs8._.js:776
[  915049ms] [LOG] [Fast Refresh] done in 337ms @ http://localhost:3000/_next/static/chunks/node_modules_next_dist_1e8vcs8._.js:776
[  915132ms] [LOG] [Fast Refresh] done in 337ms @ http://localhost:3000/_next/static/chunks/node_modules_next_dist_1e8vcs8._.js:776
[  915230ms] [LOG] [Fast Refresh] done in 337ms @ http://localhost:3000/_next/static/chunks/node_modules_next_dist_1e8vcs8._.js:776
[  915385ms] [LOG] [Fast Refresh] done in 337ms @ http://localhost:3000/_next/static/chunks/node_modules_next_dist_1e8vcs8._.js:776
[  915488ms] [LOG] [Fast Refresh] done in 337ms @ http://localhost:3000/_next/static/chunks/node_modules_next_dist_1e8vcs8._.js:776
[  915575ms] [LOG] [Fast Refresh] done in 337ms @ http://localhost:3000/_next/static/chunks/node_modules_next_dist_1e8vcs8._.js:776
[  915651ms] [LOG] [Fast Refresh] done in 337ms @ http://localhost:3000/_next/static/chunks/node_modules_next_dist_1e8vcs8._.js:776
[  915754ms] [LOG] [Fast Refresh] done in 337ms @ http://localhost:3000/_next/static/chunks/node_modules_next_dist_1e8vcs8._.js:776
[  915856ms] [LOG] [Fast Refresh] done in 337ms @ http://localhost:3000/_next/static/chunks/node_modules_next_dist_1e8vcs8._.js:776
[  915948ms] [LOG] [Fast Refresh] done in 337ms @ http://localhost:3000/_next/static/chunks/node_modules_next_dist_1e8vcs8._.js:776
[  916069ms] [LOG] [Fast Refresh] done in 337ms @ http://localhost:3000/_next/static/chunks/node_modules_next_dist_1e8vcs8._.js:776
[  916171ms] [LOG] [Fast Refresh] done in 337ms @ http://localhost:3000/_next/static/chunks/node_modules_next_dist_1e8vcs8._.js:776
[  916240ms] [LOG] [Fast Refresh] done in 337ms @ http://localhost:3000/_next/static/chunks/node_modules_next_dist_1e8vcs8._.js:776
[  916313ms] [LOG] [Fast Refresh] done in 337ms @ http://localhost:3000/_next/static/chunks/node_modules_next_dist_1e8vcs8._.js:776
[  916407ms] [LOG] [Fast Refresh] done in 337ms @ http://localhost:3000/_next/static/chunks/node_modules_next_dist_1e8vcs8._.js:776
[  916556ms] [LOG] [Fast Refresh] done in 337ms @ http://localhost:3000/_next/static/chunks/node_modules_next_dist_1e8vcs8._.js:776
[  916694ms] [LOG] [Fast Refresh] done in 337ms @ http://localhost:3000/_next/static/chunks/node_modules_next_dist_1e8vcs8._.js:776
[  916826ms] [LOG] [Fast Refresh] done in 337ms @ http://localhost:3000/_next/static/chunks/node_modules_next_dist_1e8vcs8._.js:776
[  916926ms] [LOG] [Fast Refresh] done in 337ms @ http://localhost:3000/_next/static/chunks/node_modules_next_dist_1e8vcs8._.js:776
[  917025ms] [LOG] [Fast Refresh] done in 337ms @ http://localhost:3000/_next/static/chunks/node_modules_next_dist_1e8vcs8._.js:776
[  917144ms] [LOG] [Fast Refresh] done in 337ms @ http://localhost:3000/_next/static/chunks/node_modules_next_dist_1e8vcs8._.js:776
[  917229ms] [LOG] [Fast Refresh] done in 337ms @ http://localhost:3000/_next/static/chunks/node_modules_next_dist_1e8vcs8._.js:776
[  917319ms] [LOG] [Fast Refresh] done in 337ms @ http://localhost:3000/_next/static/chunks/node_modules_next_dist_1e8vcs8._.js:776
[  917414ms] [LOG] [Fast Refresh] done in 337ms @ http://localhost:3000/_next/static/chunks/node_modules_next_dist_1e8vcs8._.js:776
[  917506ms] [LOG] [Fast Refresh] done in 337ms @ http://localhost:3000/_next/static/chunks/node_modules_next_dist_1e8vcs8._.js:776
[  917614ms] [LOG] [Fast Refresh] done in 337ms @ http://localhost:3000/_next/static/chunks/node_modules_next_dist_1e8vcs8._.js:776
[  917712ms] [LOG] [Fast Refresh] done in 337ms @ http://localhost:3000/_next/static/chunks/node_modules_next_dist_1e8vcs8._.js:776
[  917789ms] [LOG] [Fast Refresh] done in 337ms @ http://localhost:3000/_next/static/chunks/node_modules_next_dist_1e8vcs8._.js:776
[  917903ms] [LOG] [Fast Refresh] done in 337ms @ http://localhost:3000/_next/static/chunks/node_modules_next_dist_1e8vcs8._.js:776
[  918026ms] [LOG] [Fast Refresh] done in 337ms @ http://localhost:3000/_next/static/chunks/node_modules_next_dist_1e8vcs8._.js:776
[  918139ms] [LOG] [Fast Refresh] done in 337ms @ http://localhost:3000/_next/static/chunks/node_modules_next_dist_1e8vcs8._.js:776
[  918286ms] [LOG] [Fast Refresh] done in 337ms @ http://localhost:3000/_next/static/chunks/node_modules_next_dist_1e8vcs8._.js:776
[  918402ms] [LOG] [Fast Refresh] done in 337ms @ http://localhost:3000/_next/static/chunks/node_modules_next_dist_1e8vcs8._.js:776
[  918482ms] [LOG] [Fast Refresh] done in 337ms @ http://localhost:3000/_next/static/chunks/node_modules_next_dist_1e8vcs8._.js:776
[  918571ms] [LOG] [Fast Refresh] done in 337ms @ http://localhost:3000/_next/static/chunks/node_modules_next_dist_1e8vcs8._.js:776
[  918657ms] [LOG] [Fast Refresh] done in 337ms @ http://localhost:3000/_next/static/chunks/node_modules_next_dist_1e8vcs8._.js:776
[  918749ms] [LOG] [Fast Refresh] done in 337ms @ http://localhost:3000/_next/static/chunks/node_modules_next_dist_1e8vcs8._.js:776
[  918858ms] [LOG] [Fast Refresh] done in 337ms @ http://localhost:3000/_next/static/chunks/node_modules_next_dist_1e8vcs8._.js:776
[  918966ms] [LOG] [Fast Refresh] done in 337ms @ http://localhost:3000/_next/static/chunks/node_modules_next_dist_1e8vcs8._.js:776
[  919056ms] [LOG] [Fast Refresh] done in 337ms @ http://localhost:3000/_next/static/chunks/node_modules_next_dist_1e8vcs8._.js:776
[  919187ms] [LOG] [Fast Refresh] done in 337ms @ http://localhost:3000/_next/static/chunks/node_modules_next_dist_1e8vcs8._.js:776
[  919298ms] [LOG] [Fast Refresh] done in 337ms @ http://localhost:3000/_next/static/chunks/node_modules_next_dist_1e8vcs8._.js:776
[  919378ms] [LOG] [Fast Refresh] done in 337ms @ http://localhost:3000/_next/static/chunks/node_modules_next_dist_1e8vcs8._.js:776
[  919484ms] [LOG] [Fast Refresh] done in 337ms @ http://localhost:3000/_next/static/chunks/node_modules_next_dist_1e8vcs8._.js:776
[  919609ms] [LOG] [Fast Refresh] done in 337ms @ http://localhost:3000/_next/static/chunks/node_modules_next_dist_1e8vcs8._.js:776
[  919698ms] [LOG] [Fast Refresh] done in 337ms @ http://localhost:3000/_next/static/chunks/node_modules_next_dist_1e8vcs8._.js:776
[  919832ms] [LOG] [Fast Refresh] done in 337ms @ http://localhost:3000/_next/static/chunks/node_modules_next_dist_1e8vcs8._.js:776
[  919926ms] [LOG] [Fast Refresh] done in 337ms @ http://localhost:3000/_next/static/chunks/node_modules_next_dist_1e8vcs8._.js:776
[  920027ms] [LOG] [Fast Refresh] done in 337ms @ http://localhost:3000/_next/static/chunks/node_modules_next_dist_1e8vcs8._.js:776
[  920121ms] [LOG] [Fast Refresh] done in 337ms @ http://localhost:3000/_next/static/chunks/node_modules_next_dist_1e8vcs8._.js:776
[  920221ms] [LOG] [Fast Refresh] done in 337ms @ http://localhost:3000/_next/static/chunks/node_modules_next_dist_1e8vcs8._.js:776
[  920300ms] [LOG] [Fast Refresh] done in 337ms @ http://localhost:3000/_next/static/chunks/node_modules_next_dist_1e8vcs8._.js:776
[  920377ms] [LOG] [Fast Refresh] done in 337ms @ http://localhost:3000/_next/static/chunks/node_modules_next_dist_1e8vcs8._.js:776
[  920489ms] [LOG] [Fast Refresh] done in 337ms @ http://localhost:3000/_next/static/chunks/node_modules_next_dist_1e8vcs8._.js:776
[  920552ms] [LOG] [Fast Refresh] done in 337ms @ http://localhost:3000/_next/static/chunks/node_modules_next_dist_1e8vcs8._.js:776
[  920671ms] [LOG] [Fast Refresh] done in 337ms @ http://localhost:3000/_next/static/chunks/node_modules_next_dist_1e8vcs8._.js:776
[  920752ms] [LOG] [Fast Refresh] done in 337ms @ http://localhost:3000/_next/static/chunks/node_modules_next_dist_1e8vcs8._.js:776
[  920854ms] [LOG] [Fast Refresh] done in 337ms @ http://localhost:3000/_next/static/chunks/node_modules_next_dist_1e8vcs8._.js:776
[  920963ms] [LOG] [Fast Refresh] done in 337ms @ http://localhost:3000/_next/static/chunks/node_modules_next_dist_1e8vcs8._.js:776
[  921088ms] [LOG] [Fast Refresh] done in 337ms @ http://localhost:3000/_next/static/chunks/node_modules_next_dist_1e8vcs8._.js:776
[  921269ms] [LOG] [Fast Refresh] done in 337ms @ http://localhost:3000/_next/static/chunks/node_modules_next_dist_1e8vcs8._.js:776
[  921380ms] [LOG] [Fast Refresh] done in 337ms @ http://localhost:3000/_next/static/chunks/node_modules_next_dist_1e8vcs8._.js:776
[  921465ms] [LOG] [Fast Refresh] done in 337ms @ http://localhost:3000/_next/static/chunks/node_modules_next_dist_1e8vcs8._.js:776
[  921577ms] [LOG] [Fast Refresh] done in 337ms @ http://localhost:3000/_next/static/chunks/node_modules_next_dist_1e8vcs8._.js:776
[  921701ms] [LOG] [Fast Refresh] done in 337ms @ http://localhost:3000/_next/static/chunks/node_modules_next_dist_1e8vcs8._.js:776
[  921833ms] [LOG] [Fast Refresh] done in 337ms @ http://localhost:3000/_next/static/chunks/node_modules_next_dist_1e8vcs8._.js:776
[  921976ms] [LOG] [Fast Refresh] done in 337ms @ http://localhost:3000/_next/static/chunks/node_modules_next_dist_1e8vcs8._.js:776
[  922079ms] [LOG] [Fast Refresh] done in 337ms @ http://localhost:3000/_next/static/chunks/node_modules_next_dist_1e8vcs8._.js:776
[  922171ms] [LOG] [Fast Refresh] done in 337ms @ http://localhost:3000/_next/static/chunks/node_modules_next_dist_1e8vcs8._.js:776
[  922307ms] [LOG] [Fast Refresh] done in 337ms @ http://localhost:3000/_next/static/chunks/node_modules_next_dist_1e8vcs8._.js:776
[  922418ms] [LOG] [Fast Refresh] done in 337ms @ http://localhost:3000/_next/static/chunks/node_modules_next_dist_1e8vcs8._.js:776
[  922535ms] [LOG] [Fast Refresh] done in 337ms @ http://localhost:3000/_next/static/chunks/node_modules_next_dist_1e8vcs8._.js:776
[  922662ms] [LOG] [Fast Refresh] done in 337ms @ http://localhost:3000/_next/static/chunks/node_modules_next_dist_1e8vcs8._.js:776
[  922785ms] [LOG] [Fast Refresh] done in 337ms @ http://localhost:3000/_next/static/chunks/node_modules_next_dist_1e8vcs8._.js:776
[  922889ms] [LOG] [Fast Refresh] done in 337ms @ http://localhost:3000/_next/static/chunks/node_modules_next_dist_1e8vcs8._.js:776
[  922992ms] [LOG] [Fast Refresh] done in 337ms @ http://localhost:3000/_next/static/chunks/node_modules_next_dist_1e8vcs8._.js:776
[  923116ms] [LOG] [Fast Refresh] done in 337ms @ http://localhost:3000/_next/static/chunks/node_modules_next_dist_1e8vcs8._.js:776
[  923212ms] [LOG] [Fast Refresh] done in 337ms @ http://localhost:3000/_next/static/chunks/node_modules_next_dist_1e8vcs8._.js:776
[  923330ms] [LOG] [Fast Refresh] done in 337ms @ http://localhost:3000/_next/static/chunks/node_modules_next_dist_1e8vcs8._.js:776
[  923418ms] [LOG] [Fast Refresh] done in 337ms @ http://localhost:3000/_next/static/chunks/node_modules_next_dist_1e8vcs8._.js:776
[  923566ms] [LOG] [Fast Refresh] done in 337ms @ http://localhost:3000/_next/static/chunks/node_modules_next_dist_1e8vcs8._.js:776
[  923656ms] [LOG] [Fast Refresh] done in 337ms @ http://localhost:3000/_next/static/chunks/node_modules_next_dist_1e8vcs8._.js:776
[  923765ms] [LOG] [Fast Refresh] done in 337ms @ http://localhost:3000/_next/static/chunks/node_modules_next_dist_1e8vcs8._.js:776
[  923877ms] [LOG] [Fast Refresh] done in 337ms @ http://localhost:3000/_next/static/chunks/node_modules_next_dist_1e8vcs8._.js:776
[  923995ms] [LOG] [Fast Refresh] done in 337ms @ http://localhost:3000/_next/static/chunks/node_modules_next_dist_1e8vcs8._.js:776
[  924103ms] [LOG] [Fast Refresh] done in 337ms @ http://localhost:3000/_next/static/chunks/node_modules_next_dist_1e8vcs8._.js:776
[  924204ms] [LOG] [Fast Refresh] done in 337ms @ http://localhost:3000/_next/static/chunks/node_modules_next_dist_1e8vcs8._.js:776
[  924308ms] [LOG] [Fast Refresh] done in 337ms @ http://localhost:3000/_next/static/chunks/node_modules_next_dist_1e8vcs8._.js:776
[  924413ms] [LOG] [Fast Refresh] done in 337ms @ http://localhost:3000/_next/static/chunks/node_modules_next_dist_1e8vcs8._.js:776
[  924531ms] [LOG] [Fast Refresh] done in 337ms @ http://localhost:3000/_next/static/chunks/node_modules_next_dist_1e8vcs8._.js:776
[  924627ms] [LOG] [Fast Refresh] done in 337ms @ http://localhost:3000/_next/static/chunks/node_modules_next_dist_1e8vcs8._.js:776
[  924753ms] [LOG] [Fast Refresh] done in 337ms @ http://localhost:3000/_next/static/chunks/node_modules_next_dist_1e8vcs8._.js:776
[  924890ms] [LOG] [Fast Refresh] done in 337ms @ http://localhost:3000/_next/static/chunks/node_modules_next_dist_1e8vcs8._.js:776
[  925013ms] [LOG] [Fast Refresh] done in 337ms @ http://localhost:3000/_next/static/chunks/node_modules_next_dist_1e8vcs8._.js:776
[  925135ms] [LOG] [Fast Refresh] done in 337ms @ http://localhost:3000/_next/static/chunks/node_modules_next_dist_1e8vcs8._.js:776
[  925231ms] [LOG] [Fast Refresh] done in 337ms @ http://localhost:3000/_next/static/chunks/node_modules_next_dist_1e8vcs8._.js:776
[  925335ms] [LOG] [Fast Refresh] done in 337ms @ http://localhost:3000/_next/static/chunks/node_modules_next_dist_1e8vcs8._.js:776
[  925399ms] [LOG] [Fast Refresh] done in 337ms @ http://localhost:3000/_next/static/chunks/node_modules_next_dist_1e8vcs8._.js:776
[  925508ms] [LOG] [Fast Refresh] done in 337ms @ http://localhost:3000/_next/static/chunks/node_modules_next_dist_1e8vcs8._.js:776
[  925601ms] [LOG] [Fast Refresh] done in 337ms @ http://localhost:3000/_next/static/chunks/node_modules_next_dist_1e8vcs8._.js:776
[  925737ms] [LOG] [Fast Refresh] done in 337ms @ http://localhost:3000/_next/static/chunks/node_modules_next_dist_1e8vcs8._.js:776
[  925858ms] [LOG] [Fast Refresh] done in 337ms @ http://localhost:3000/_next/static/chunks/node_modules_next_dist_1e8vcs8._.js:776
[  925985ms] [LOG] [Fast Refresh] done in 337ms @ http://localhost:3000/_next/static/chunks/node_modules_next_dist_1e8vcs8._.js:776
[  926101ms] [LOG] [Fast Refresh] done in 337ms @ http://localhost:3000/_next/static/chunks/node_modules_next_dist_1e8vcs8._.js:776
[  926237ms] [LOG] [Fast Refresh] done in 337ms @ http://localhost:3000/_next/static/chunks/node_modules_next_dist_1e8vcs8._.js:776
[  926365ms] [LOG] [Fast Refresh] done in 337ms @ http://localhost:3000/_next/static/chunks/node_modules_next_dist_1e8vcs8._.js:776
[  926437ms] [LOG] [Fast Refresh] done in 337ms @ http://localhost:3000/_next/static/chunks/node_modules_next_dist_1e8vcs8._.js:776
[  926572ms] [LOG] [Fast Refresh] done in 337ms @ http://localhost:3000/_next/static/chunks/node_modules_next_dist_1e8vcs8._.js:776
[  926677ms] [LOG] [Fast Refresh] done in 337ms @ http://localhost:3000/_next/static/chunks/node_modules_next_dist_1e8vcs8._.js:776
[  926759ms] [LOG] [Fast Refresh] done in 337ms @ http://localhost:3000/_next/static/chunks/node_modules_next_dist_1e8vcs8._.js:776
[  926849ms] [LOG] [Fast Refresh] done in 337ms @ http://localhost:3000/_next/static/chunks/node_modules_next_dist_1e8vcs8._.js:776
[  926967ms] [LOG] [Fast Refresh] done in 337ms @ http://localhost:3000/_next/static/chunks/node_modules_next_dist_1e8vcs8._.js:776
[  927058ms] [LOG] [Fast Refresh] done in 337ms @ http://localhost:3000/_next/static/chunks/node_modules_next_dist_1e8vcs8._.js:776
[  927146ms] [LOG] [Fast Refresh] done in 337ms @ http://localhost:3000/_next/static/chunks/node_modules_next_dist_1e8vcs8._.js:776
[  927221ms] [LOG] [Fast Refresh] done in 337ms @ http://localhost:3000/_next/static/chunks/node_modules_next_dist_1e8vcs8._.js:776
[  927281ms] [LOG] [Fast Refresh] done in 337ms @ http://localhost:3000/_next/static/chunks/node_modules_next_dist_1e8vcs8._.js:776
[  927407ms] [LOG] [Fast Refresh] done in 337ms @ http://localhost:3000/_next/static/chunks/node_modules_next_dist_1e8vcs8._.js:776
[  927508ms] [LOG] [Fast Refresh] done in 337ms @ http://localhost:3000/_next/static/chunks/node_modules_next_dist_1e8vcs8._.js:776
[  927590ms] [LOG] [Fast Refresh] done in 337ms @ http://localhost:3000/_next/static/chunks/node_modules_next_dist_1e8vcs8._.js:776
[  927680ms] [LOG] [Fast Refresh] done in 337ms @ http://localhost:3000/_next/static/chunks/node_modules_next_dist_1e8vcs8._.js:776
[  927754ms] [LOG] [Fast Refresh] done in 337ms @ http://localhost:3000/_next/static/chunks/node_modules_next_dist_1e8vcs8._.js:776
[  927848ms] [LOG] [Fast Refresh] done in 337ms @ http://localhost:3000/_next/static/chunks/node_modules_next_dist_1e8vcs8._.js:776
[  927944ms] [LOG] [Fast Refresh] done in 337ms @ http://localhost:3000/_next/static/chunks/node_modules_next_dist_1e8vcs8._.js:776
[  928026ms] [LOG] [Fast Refresh] done in 337ms @ http://localhost:3000/_next/static/chunks/node_modules_next_dist_1e8vcs8._.js:776
[  928106ms] [LOG] [Fast Refresh] done in 337ms @ http://localhost:3000/_next/static/chunks/node_modules_next_dist_1e8vcs8._.js:776
[  928237ms] [LOG] [Fast Refresh] done in 337ms @ http://localhost:3000/_next/static/chunks/node_modules_next_dist_1e8vcs8._.js:776
[  928322ms] [LOG] [Fast Refresh] done in 337ms @ http://localhost:3000/_next/static/chunks/node_modules_next_dist_1e8vcs8._.js:776
[  928411ms] [LOG] [Fast Refresh] done in 337ms @ http://localhost:3000/_next/static/chunks/node_modules_next_dist_1e8vcs8._.js:776
[  928516ms] [LOG] [Fast Refresh] done in 337ms @ http://localhost:3000/_next/static/chunks/node_modules_next_dist_1e8vcs8._.js:776
[  928683ms] [LOG] [Fast Refresh] done in 337ms @ http://localhost:3000/_next/static/chunks/node_modules_next_dist_1e8vcs8._.js:776
[  928807ms] [LOG] [Fast Refresh] done in 337ms @ http://localhost:3000/_next/static/chunks/node_modules_next_dist_1e8vcs8._.js:776
[  928903ms] [LOG] [Fast Refresh] done in 337ms @ http://localhost:3000/_next/static/chunks/node_modules_next_dist_1e8vcs8._.js:776
[  929014ms] [LOG] [Fast Refresh] done in 337ms @ http://localhost:3000/_next/static/chunks/node_modules_next_dist_1e8vcs8._.js:776
[  929155ms] [LOG] [Fast Refresh] done in 337ms @ http://localhost:3000/_next/static/chunks/node_modules_next_dist_1e8vcs8._.js:776
[  929247ms] [LOG] [Fast Refresh] done in 337ms @ http://localhost:3000/_next/static/chunks/node_modules_next_dist_1e8vcs8._.js:776
[  929342ms] [LOG] [Fast Refresh] done in 337ms @ http://localhost:3000/_next/static/chunks/node_modules_next_dist_1e8vcs8._.js:776
[  929404ms] [LOG] [Fast Refresh] done in 337ms @ http://localhost:3000/_next/static/chunks/node_modules_next_dist_1e8vcs8._.js:776
[  929530ms] [LOG] [Fast Refresh] done in 337ms @ http://localhost:3000/_next/static/chunks/node_modules_next_dist_1e8vcs8._.js:776
[  929604ms] [LOG] [Fast Refresh] done in 337ms @ http://localhost:3000/_next/static/chunks/node_modules_next_dist_1e8vcs8._.js:776
[  929703ms] [LOG] [Fast Refresh] done in 337ms @ http://localhost:3000/_next/static/chunks/node_modules_next_dist_1e8vcs8._.js:776
[  929822ms] [LOG] [Fast Refresh] done in 337ms @ http://localhost:3000/_next/static/chunks/node_modules_next_dist_1e8vcs8._.js:776
[  929948ms] [LOG] [Fast Refresh] done in 337ms @ http://localhost:3000/_next/static/chunks/node_modules_next_dist_1e8vcs8._.js:776
[  930084ms] [LOG] [Fast Refresh] done in 337ms @ http://localhost:3000/_next/static/chunks/node_modules_next_dist_1e8vcs8._.js:776
[  930167ms] [LOG] [Fast Refresh] done in 337ms @ http://localhost:3000/_next/static/chunks/node_modules_next_dist_1e8vcs8._.js:776
[  930298ms] [LOG] [Fast Refresh] done in 337ms @ http://localhost:3000/_next/static/chunks/node_modules_next_dist_1e8vcs8._.js:776
[  930385ms] [LOG] [Fast Refresh] done in 337ms @ http://localhost:3000/_next/static/chunks/node_modules_next_dist_1e8vcs8._.js:776
[  930495ms] [LOG] [Fast Refresh] done in 337ms @ http://localhost:3000/_next/static/chunks/node_modules_next_dist_1e8vcs8._.js:776
[  930677ms] [LOG] [Fast Refresh] done in 337ms @ http://localhost:3000/_next/static/chunks/node_modules_next_dist_1e8vcs8._.js:776
[  930874ms] [LOG] [Fast Refresh] done in 337ms @ http://localhost:3000/_next/static/chunks/node_modules_next_dist_1e8vcs8._.js:776
[  931029ms] [LOG] [Fast Refresh] done in 337ms @ http://localhost:3000/_next/static/chunks/node_modules_next_dist_1e8vcs8._.js:776
[  931151ms] [LOG] [Fast Refresh] done in 337ms @ http://localhost:3000/_next/static/chunks/node_modules_next_dist_1e8vcs8._.js:776
[  931261ms] [LOG] [Fast Refresh] done in 337ms @ http://localhost:3000/_next/static/chunks/node_modules_next_dist_1e8vcs8._.js:776
[  931377ms] [LOG] [Fast Refresh] done in 337ms @ http://localhost:3000/_next/static/chunks/node_modules_next_dist_1e8vcs8._.js:776
[  931471ms] [LOG] [Fast Refresh] done in 337ms @ http://localhost:3000/_next/static/chunks/node_modules_next_dist_1e8vcs8._.js:776
[  931547ms] [LOG] [Fast Refresh] done in 337ms @ http://localhost:3000/_next/static/chunks/node_modules_next_dist_1e8vcs8._.js:776
[  931646ms] [LOG] [Fast Refresh] done in 337ms @ http://localhost:3000/_next/static/chunks/node_modules_next_dist_1e8vcs8._.js:776
[  931745ms] [LOG] [Fast Refresh] done in 337ms @ http://localhost:3000/_next/static/chunks/node_modules_next_dist_1e8vcs8._.js:776
[  931838ms] [LOG] [Fast Refresh] done in 337ms @ http://localhost:3000/_next/static/chunks/node_modules_next_dist_1e8vcs8._.js:776
[  931924ms] [LOG] [Fast Refresh] done in 337ms @ http://localhost:3000/_next/static/chunks/node_modules_next_dist_1e8vcs8._.js:776
[  932009ms] [LOG] [Fast Refresh] done in 337ms @ http://localhost:3000/_next/static/chunks/node_modules_next_dist_1e8vcs8._.js:776
[  932098ms] [LOG] [Fast Refresh] done in 337ms @ http://localhost:3000/_next/static/chunks/node_modules_next_dist_1e8vcs8._.js:776
[  932202ms] [LOG] [Fast Refresh] done in 337ms @ http://localhost:3000/_next/static/chunks/node_modules_next_dist_1e8vcs8._.js:776
[  932257ms] [LOG] [Fast Refresh] done in 337ms @ http://localhost:3000/_next/static/chunks/node_modules_next_dist_1e8vcs8._.js:776
[  932366ms] [LOG] [Fast Refresh] done in 337ms @ http://localhost:3000/_next/static/chunks/node_modules_next_dist_1e8vcs8._.js:776
[  932448ms] [LOG] [Fast Refresh] done in 337ms @ http://localhost:3000/_next/static/chunks/node_modules_next_dist_1e8vcs8._.js:776
[  932550ms] [LOG] [Fast Refresh] done in 337ms @ http://localhost:3000/_next/static/chunks/node_modules_next_dist_1e8vcs8._.js:776
[  932711ms] [LOG] [Fast Refresh] done in 337ms @ http://localhost:3000/_next/static/chunks/node_modules_next_dist_1e8vcs8._.js:776
[  932846ms] [LOG] [Fast Refresh] done in 337ms @ http://localhost:3000/_next/static/chunks/node_modules_next_dist_1e8vcs8._.js:776
[  932904ms] [LOG] [Fast Refresh] done in 337ms @ http://localhost:3000/_next/static/chunks/node_modules_next_dist_1e8vcs8._.js:776
[  932977ms] [LOG] [Fast Refresh] done in 337ms @ http://localhost:3000/_next/static/chunks/node_modules_next_dist_1e8vcs8._.js:776
[  933153ms] [LOG] [Fast Refresh] done in 337ms @ http://localhost:3000/_next/static/chunks/node_modules_next_dist_1e8vcs8._.js:776
[  933253ms] [LOG] [Fast Refresh] done in 337ms @ http://localhost:3000/_next/static/chunks/node_modules_next_dist_1e8vcs8._.js:776
[  933370ms] [LOG] [Fast Refresh] done in 337ms @ http://localhost:3000/_next/static/chunks/node_modules_next_dist_1e8vcs8._.js:776
[  933474ms] [LOG] [Fast Refresh] done in 337ms @ http://localhost:3000/_next/static/chunks/node_modules_next_dist_1e8vcs8._.js:776
[  933620ms] [LOG] [Fast Refresh] done in 337ms @ http://localhost:3000/_next/static/chunks/node_modules_next_dist_1e8vcs8._.js:776
[  933719ms] [LOG] [Fast Refresh] done in 337ms @ http://localhost:3000/_next/static/chunks/node_modules_next_dist_1e8vcs8._.js:776
[  933802ms] [LOG] [Fast Refresh] done in 337ms @ http://localhost:3000/_next/static/chunks/node_modules_next_dist_1e8vcs8._.js:776
[  933914ms] [LOG] [Fast Refresh] done in 337ms @ http://localhost:3000/_next/static/chunks/node_modules_next_dist_1e8vcs8._.js:776
[  934003ms] [LOG] [Fast Refresh] done in 337ms @ http://localhost:3000/_next/static/chunks/node_modules_next_dist_1e8vcs8._.js:776
[  934073ms] [LOG] [Fast Refresh] done in 337ms @ http://localhost:3000/_next/static/chunks/node_modules_next_dist_1e8vcs8._.js:776
[  934196ms] [LOG] [Fast Refresh] done in 337ms @ http://localhost:3000/_next/static/chunks/node_modules_next_dist_1e8vcs8._.js:776
[  934322ms] [LOG] [Fast Refresh] done in 337ms @ http://localhost:3000/_next/static/chunks/node_modules_next_dist_1e8vcs8._.js:776
[  934399ms] [LOG] [Fast Refresh] done in 337ms @ http://localhost:3000/_next/static/chunks/node_modules_next_dist_1e8vcs8._.js:776
[  934497ms] [LOG] [Fast Refresh] done in 337ms @ http://localhost:3000/_next/static/chunks/node_modules_next_dist_1e8vcs8._.js:776
[  934569ms] [LOG] [Fast Refresh] done in 337ms @ http://localhost:3000/_next/static/chunks/node_modules_next_dist_1e8vcs8._.js:776
[  934682ms] [LOG] [Fast Refresh] done in 337ms @ http://localhost:3000/_next/static/chunks/node_modules_next_dist_1e8vcs8._.js:776
[  934783ms] [LOG] [Fast Refresh] done in 337ms @ http://localhost:3000/_next/static/chunks/node_modules_next_dist_1e8vcs8._.js:776
[  934921ms] [LOG] [Fast Refresh] done in 337ms @ http://localhost:3000/_next/static/chunks/node_modules_next_dist_1e8vcs8._.js:776
[  935030ms] [LOG] [Fast Refresh] done in 337ms @ http://localhost:3000/_next/static/chunks/node_modules_next_dist_1e8vcs8._.js:776
[  935137ms] [LOG] [Fast Refresh] done in 337ms @ http://localhost:3000/_next/static/chunks/node_modules_next_dist_1e8vcs8._.js:776
[  935240ms] [LOG] [Fast Refresh] done in 337ms @ http://localhost:3000/_next/static/chunks/node_modules_next_dist_1e8vcs8._.js:776
[  935402ms] [LOG] [Fast Refresh] done in 337ms @ http://localhost:3000/_next/static/chunks/node_modules_next_dist_1e8vcs8._.js:776
[  935517ms] [LOG] [Fast Refresh] done in 337ms @ http://localhost:3000/_next/static/chunks/node_modules_next_dist_1e8vcs8._.js:776
[  935675ms] [LOG] [Fast Refresh] done in 337ms @ http://localhost:3000/_next/static/chunks/node_modules_next_dist_1e8vcs8._.js:776
[  935778ms] [LOG] [Fast Refresh] done in 337ms @ http://localhost:3000/_next/static/chunks/node_modules_next_dist_1e8vcs8._.js:776
[  935861ms] [LOG] [Fast Refresh] done in 337ms @ http://localhost:3000/_next/static/chunks/node_modules_next_dist_1e8vcs8._.js:776
[  936021ms] [LOG] [Fast Refresh] done in 337ms @ http://localhost:3000/_next/static/chunks/node_modules_next_dist_1e8vcs8._.js:776
[  936131ms] [LOG] [Fast Refresh] done in 337ms @ http://localhost:3000/_next/static/chunks/node_modules_next_dist_1e8vcs8._.js:776
[  936228ms] [LOG] [Fast Refresh] done in 337ms @ http://localhost:3000/_next/static/chunks/node_modules_next_dist_1e8vcs8._.js:776
[  936329ms] [LOG] [Fast Refresh] done in 337ms @ http://localhost:3000/_next/static/chunks/node_modules_next_dist_1e8vcs8._.js:776
[  936444ms] [LOG] [Fast Refresh] done in 337ms @ http://localhost:3000/_next/static/chunks/node_modules_next_dist_1e8vcs8._.js:776
[  936588ms] [LOG] [Fast Refresh] done in 337ms @ http://localhost:3000/_next/static/chunks/node_modules_next_dist_1e8vcs8._.js:776
[  936743ms] [LOG] [Fast Refresh] done in 337ms @ http://localhost:3000/_next/static/chunks/node_modules_next_dist_1e8vcs8._.js:776
[  936909ms] [LOG] [Fast Refresh] done in 337ms @ http://localhost:3000/_next/static/chunks/node_modules_next_dist_1e8vcs8._.js:776
[  936991ms] [LOG] [Fast Refresh] done in 337ms @ http://localhost:3000/_next/static/chunks/node_modules_next_dist_1e8vcs8._.js:776
[  937192ms] [LOG] [Fast Refresh] done in 337ms @ http://localhost:3000/_next/static/chunks/node_modules_next_dist_1e8vcs8._.js:776
[  937386ms] [LOG] [Fast Refresh] done in 337ms @ http://localhost:3000/_next/static/chunks/node_modules_next_dist_1e8vcs8._.js:776
[  937485ms] [LOG] [Fast Refresh] done in 337ms @ http://localhost:3000/_next/static/chunks/node_modules_next_dist_1e8vcs8._.js:776
[  937576ms] [LOG] [Fast Refresh] done in 337ms @ http://localhost:3000/_next/static/chunks/node_modules_next_dist_1e8vcs8._.js:776
[  937691ms] [LOG] [Fast Refresh] done in 337ms @ http://localhost:3000/_next/static/chunks/node_modules_next_dist_1e8vcs8._.js:776
[  937836ms] [LOG] [Fast Refresh] done in 337ms @ http://localhost:3000/_next/static/chunks/node_modules_next_dist_1e8vcs8._.js:776
[  937957ms] [LOG] [Fast Refresh] done in 337ms @ http://localhost:3000/_next/static/chunks/node_modules_next_dist_1e8vcs8._.js:776
[  938054ms] [LOG] [Fast Refresh] done in 337ms @ http://localhost:3000/_next/static/chunks/node_modules_next_dist_1e8vcs8._.js:776
[  938153ms] [LOG] [Fast Refresh] done in 337ms @ http://localhost:3000/_next/static/chunks/node_modules_next_dist_1e8vcs8._.js:776
[  938278ms] [LOG] [Fast Refresh] done in 337ms @ http://localhost:3000/_next/static/chunks/node_modules_next_dist_1e8vcs8._.js:776
[  938403ms] [LOG] [Fast Refresh] done in 337ms @ http://localhost:3000/_next/static/chunks/node_modules_next_dist_1e8vcs8._.js:776
[  938526ms] [LOG] [Fast Refresh] done in 337ms @ http://localhost:3000/_next/static/chunks/node_modules_next_dist_1e8vcs8._.js:776
[  938667ms] [LOG] [Fast Refresh] done in 337ms @ http://localhost:3000/_next/static/chunks/node_modules_next_dist_1e8vcs8._.js:776
[  938769ms] [LOG] [Fast Refresh] done in 337ms @ http://localhost:3000/_next/static/chunks/node_modules_next_dist_1e8vcs8._.js:776
[  938900ms] [LOG] [Fast Refresh] done in 337ms @ http://localhost:3000/_next/static/chunks/node_modules_next_dist_1e8vcs8._.js:776
[  939017ms] [LOG] [Fast Refresh] done in 337ms @ http://localhost:3000/_next/static/chunks/node_modules_next_dist_1e8vcs8._.js:776
[  939146ms] [LOG] [Fast Refresh] done in 337ms @ http://localhost:3000/_next/static/chunks/node_modules_next_dist_1e8vcs8._.js:776
[  939265ms] [LOG] [Fast Refresh] done in 337ms @ http://localhost:3000/_next/static/chunks/node_modules_next_dist_1e8vcs8._.js:776
[  939410ms] [LOG] [Fast Refresh] done in 337ms @ http://localhost:3000/_next/static/chunks/node_modules_next_dist_1e8vcs8._.js:776
[  939518ms] [LOG] [Fast Refresh] done in 337ms @ http://localhost:3000/_next/static/chunks/node_modules_next_dist_1e8vcs8._.js:776
[  939651ms] [LOG] [Fast Refresh] done in 337ms @ http://localhost:3000/_next/static/chunks/node_modules_next_dist_1e8vcs8._.js:776
[  939800ms] [LOG] [Fast Refresh] done in 337ms @ http://localhost:3000/_next/static/chunks/node_modules_next_dist_1e8vcs8._.js:776
[  939974ms] [LOG] [Fast Refresh] done in 337ms @ http://localhost:3000/_next/static/chunks/node_modules_next_dist_1e8vcs8._.js:776
[  940099ms] [LOG] [Fast Refresh] done in 337ms @ http://localhost:3000/_next/static/chunks/node_modules_next_dist_1e8vcs8._.js:776
[  940246ms] [LOG] [Fast Refresh] done in 337ms @ http://localhost:3000/_next/static/chunks/node_modules_next_dist_1e8vcs8._.js:776
[  940376ms] [LOG] [Fast Refresh] done in 337ms @ http://localhost:3000/_next/static/chunks/node_modules_next_dist_1e8vcs8._.js:776
[  940525ms] [LOG] [Fast Refresh] done in 337ms @ http://localhost:3000/_next/static/chunks/node_modules_next_dist_1e8vcs8._.js:776
[  948412ms] [LOG] [Fast Refresh] rebuilding @ http://localhost:3000/_next/static/chunks/node_modules_next_dist_1e8vcs8._.js:776
[  949067ms] [LOG] [Fast Refresh] done in 769ms @ http://localhost:3000/_next/static/chunks/node_modules_next_dist_1e8vcs8._.js:776
