[     871ms] [ERROR] Failed to load resource: the server responded with a status of 404 (Not Found) @ http://localhost:3000/login:0
[    1857ms] [INFO] %cDownload the React DevTools for a better development experience: https://react.dev/link/react-devtools font-weight:bold @ http://localhost:3000/_next/static/chunks/node_modules_next_dist_1e8vcs8._.js:776
[    2070ms] [LOG] [HMR] connected @ http://localhost:3000/_next/static/chunks/node_modules_next_dist_1e8vcs8._.js:776
[  546526ms] [LOG] [Fast Refresh] rebuilding @ http://localhost:3000/_next/static/chunks/node_modules_next_dist_1e8vcs8._.js:776
[  552954ms] [ERROR] ./src/app/(workspace)/kalender/page.tsx:2:1
Error: Module not found: Can't resolve '@/components/calendar-view'
  1 | import type { Metadata } from "next";
> 2 | import { CalendarView } from "@/components/calendar-view";
    | ^^^^^^^^^^^^^^^^^^^^^^^^^^^^^^^^^^^^^^^^^^^^^^^^^^^^^^^^^^
  3 | import { getCalendarEvents } from "@/backend/services/queries";
  4 | import { getPreferences } from "@/backend/services/preferences";
  5 | import { monthRangeUtc } from "@/lib/dates";

Import map: aliased to relative './src/components/calendar-view' inside of [project]/

https://nextjs.org/docs/messages/module-not-found @ http://localhost:3000/_next/static/chunks/node_modules_next_dist_1e8vcs8._.js:1052
[  553465ms] [ERROR] ./src/app/(workspace)/kalender/page.tsx:2:1
Error: Module not found: Can't resolve '@/components/calendar-view'
  1 | import type { Metadata } from "next";
> 2 | import { CalendarView } from "@/components/calendar-view";
    | ^^^^^^^^^^^^^^^^^^^^^^^^^^^^^^^^^^^^^^^^^^^^^^^^^^^^^^^^^^
  3 | import { getCalendarEvents } from "@/backend/services/queries";
  4 | import { getPreferences } from "@/backend/services/preferences";
  5 | import { monthRangeUtc } from "@/lib/dates";

Import map: aliased to relative './src/components/calendar-view' inside of [project]/

https://nextjs.org/docs/messages/module-not-found @ http://localhost:3000/_next/static/chunks/node_modules_next_dist_1e8vcs8._.js:1052
[  553539ms] [ERROR] ./src/app/(workspace)/kalender/page.tsx:2:1
Error: Module not found: Can't resolve '@/components/calendar-view'
  1 | import type { Metadata } from "next";
> 2 | import { CalendarView } from "@/components/calendar-view";
    | ^^^^^^^^^^^^^^^^^^^^^^^^^^^^^^^^^^^^^^^^^^^^^^^^^^^^^^^^^^
  3 | import { getCalendarEvents } from "@/backend/services/queries";
  4 | import { getPreferences } from "@/backend/services/preferences";
  5 | import { monthRangeUtc } from "@/lib/dates";

Import map: aliased to relative './src/components/calendar-view' inside of [project]/

https://nextjs.org/docs/messages/module-not-found @ http://localhost:3000/_next/static/chunks/node_modules_next_dist_1e8vcs8._.js:1052
[  553601ms] [ERROR] ./src/app/(workspace)/kalender/page.tsx:2:1
Error: Module not found: Can't resolve '@/components/calendar-view'
  1 | import type { Metadata } from "next";
> 2 | import { CalendarView } from "@/components/calendar-view";
    | ^^^^^^^^^^^^^^^^^^^^^^^^^^^^^^^^^^^^^^^^^^^^^^^^^^^^^^^^^^
  3 | import { getCalendarEvents } from "@/backend/services/queries";
  4 | import { getPreferences } from "@/backend/services/preferences";
  5 | import { monthRangeUtc } from "@/lib/dates";

Import map: aliased to relative './src/components/calendar-view' inside of [project]/

https://nextjs.org/docs/messages/module-not-found @ http://localhost:3000/_next/static/chunks/node_modules_next_dist_1e8vcs8._.js:1052
[  553850ms] [ERROR] ./src/app/(workspace)/kalender/page.tsx:2:1
Error: Module not found: Can't resolve '@/components/calendar-view'
  1 | import type { Metadata } from "next";
> 2 | import { CalendarView } from "@/components/calendar-view";
    | ^^^^^^^^^^^^^^^^^^^^^^^^^^^^^^^^^^^^^^^^^^^^^^^^^^^^^^^^^^
  3 | import { getCalendarEvents } from "@/backend/services/queries";
  4 | import { getPreferences } from "@/backend/services/preferences";
  5 | import { monthRangeUtc } from "@/lib/dates";

Import map: aliased to relative './src/components/calendar-view' inside of [project]/

https://nextjs.org/docs/messages/module-not-found @ http://localhost:3000/_next/static/chunks/node_modules_next_dist_1e8vcs8._.js:1052
[  554134ms] [ERROR] ./src/app/(workspace)/kalender/page.tsx:2:1
Error: Module not found: Can't resolve '@/components/calendar-view'
  1 | import type { Metadata } from "next";
> 2 | import { CalendarView } from "@/components/calendar-view";
    | ^^^^^^^^^^^^^^^^^^^^^^^^^^^^^^^^^^^^^^^^^^^^^^^^^^^^^^^^^^
  3 | import { getCalendarEvents } from "@/backend/services/queries";
  4 | import { getPreferences } from "@/backend/services/preferences";
  5 | import { monthRangeUtc } from "@/lib/dates";

Import map: aliased to relative './src/components/calendar-view' inside of [project]/

https://nextjs.org/docs/messages/module-not-found @ http://localhost:3000/_next/static/chunks/node_modules_next_dist_1e8vcs8._.js:1052
[  554783ms] [ERROR] ./src/app/(workspace)/kalender/page.tsx:2:1
Error: Module not found: Can't resolve '@/components/calendar-view'
  1 | import type { Metadata } from "next";
> 2 | import { CalendarView } from "@/components/calendar-view";
    | ^^^^^^^^^^^^^^^^^^^^^^^^^^^^^^^^^^^^^^^^^^^^^^^^^^^^^^^^^^
  3 | import { getCalendarEvents } from "@/backend/services/queries";
  4 | import { getPreferences } from "@/backend/services/preferences";
  5 | import { monthRangeUtc } from "@/lib/dates";

Import map: aliased to relative './src/components/calendar-view' inside of [project]/

https://nextjs.org/docs/messages/module-not-found @ http://localhost:3000/_next/static/chunks/node_modules_next_dist_1e8vcs8._.js:1052
[  555375ms] [ERROR] ./src/app/(workspace)/kalender/page.tsx:2:1
Error: Module not found: Can't resolve '@/components/calendar-view'
  1 | import type { Metadata } from "next";
> 2 | import { CalendarView } from "@/components/calendar-view";
    | ^^^^^^^^^^^^^^^^^^^^^^^^^^^^^^^^^^^^^^^^^^^^^^^^^^^^^^^^^^
  3 | import { getCalendarEvents } from "@/backend/services/queries";
  4 | import { getPreferences } from "@/backend/services/preferences";
  5 | import { monthRangeUtc } from "@/lib/dates";

Import map: aliased to relative './src/components/calendar-view' inside of [project]/

https://nextjs.org/docs/messages/module-not-found @ http://localhost:3000/_next/static/chunks/node_modules_next_dist_1e8vcs8._.js:1052
[  555453ms] [ERROR] ./src/app/(workspace)/kalender/page.tsx:2:1
Error: Module not found: Can't resolve '@/components/calendar-view'
  1 | import type { Metadata } from "next";
> 2 | import { CalendarView } from "@/components/calendar-view";
    | ^^^^^^^^^^^^^^^^^^^^^^^^^^^^^^^^^^^^^^^^^^^^^^^^^^^^^^^^^^
  3 | import { getCalendarEvents } from "@/backend/services/queries";
  4 | import { getPreferences } from "@/backend/services/preferences";
  5 | import { monthRangeUtc } from "@/lib/dates";

Import map: aliased to relative './src/components/calendar-view' inside of [project]/

https://nextjs.org/docs/messages/module-not-found @ http://localhost:3000/_next/static/chunks/node_modules_next_dist_1e8vcs8._.js:1052
[  555828ms] [ERROR] ./src/app/(workspace)/kalender/page.tsx:2:1
Error: Module not found: Can't resolve '@/components/calendar-view'
  1 | import type { Metadata } from "next";
> 2 | import { CalendarView } from "@/components/calendar-view";
    | ^^^^^^^^^^^^^^^^^^^^^^^^^^^^^^^^^^^^^^^^^^^^^^^^^^^^^^^^^^
  3 | import { getCalendarEvents } from "@/backend/services/queries";
  4 | import { getPreferences } from "@/backend/services/preferences";
  5 | import { monthRangeUtc } from "@/lib/dates";

Import map: aliased to relative './src/components/calendar-view' inside of [project]/

https://nextjs.org/docs/messages/module-not-found @ http://localhost:3000/_next/static/chunks/node_modules_next_dist_1e8vcs8._.js:1052
[  555899ms] [ERROR] ./src/app/(workspace)/kalender/page.tsx:2:1
Error: Module not found: Can't resolve '@/components/calendar-view'
  1 | import type { Metadata } from "next";
> 2 | import { CalendarView } from "@/components/calendar-view";
    | ^^^^^^^^^^^^^^^^^^^^^^^^^^^^^^^^^^^^^^^^^^^^^^^^^^^^^^^^^^
  3 | import { getCalendarEvents } from "@/backend/services/queries";
  4 | import { getPreferences } from "@/backend/services/preferences";
  5 | import { monthRangeUtc } from "@/lib/dates";

Import map: aliased to relative './src/components/calendar-view' inside of [project]/

https://nextjs.org/docs/messages/module-not-found @ http://localhost:3000/_next/static/chunks/node_modules_next_dist_1e8vcs8._.js:1052
[  555961ms] [ERROR] ./src/app/(workspace)/kalender/page.tsx:2:1
Error: Module not found: Can't resolve '@/components/calendar-view'
  1 | import type { Metadata } from "next";
> 2 | import { CalendarView } from "@/components/calendar-view";
    | ^^^^^^^^^^^^^^^^^^^^^^^^^^^^^^^^^^^^^^^^^^^^^^^^^^^^^^^^^^
  3 | import { getCalendarEvents } from "@/backend/services/queries";
  4 | import { getPreferences } from "@/backend/services/preferences";
  5 | import { monthRangeUtc } from "@/lib/dates";

Import map: aliased to relative './src/components/calendar-view' inside of [project]/

https://nextjs.org/docs/messages/module-not-found @ http://localhost:3000/_next/static/chunks/node_modules_next_dist_1e8vcs8._.js:1052
[  556200ms] [ERROR] ./src/app/(workspace)/kalender/page.tsx:2:1
Error: Module not found: Can't resolve '@/components/calendar-view'
  1 | import type { Metadata } from "next";
> 2 | import { CalendarView } from "@/components/calendar-view";
    | ^^^^^^^^^^^^^^^^^^^^^^^^^^^^^^^^^^^^^^^^^^^^^^^^^^^^^^^^^^
  3 | import { getCalendarEvents } from "@/backend/services/queries";
  4 | import { getPreferences } from "@/backend/services/preferences";
  5 | import { monthRangeUtc } from "@/lib/dates";

Import map: aliased to relative './src/components/calendar-view' inside of [project]/

https://nextjs.org/docs/messages/module-not-found @ http://localhost:3000/_next/static/chunks/node_modules_next_dist_1e8vcs8._.js:1052
[  556452ms] [ERROR] ./src/app/(workspace)/kalender/page.tsx:2:1
Error: Module not found: Can't resolve '@/components/calendar-view'
  1 | import type { Metadata } from "next";
> 2 | import { CalendarView } from "@/components/calendar-view";
    | ^^^^^^^^^^^^^^^^^^^^^^^^^^^^^^^^^^^^^^^^^^^^^^^^^^^^^^^^^^
  3 | import { getCalendarEvents } from "@/backend/services/queries";
  4 | import { getPreferences } from "@/backend/services/preferences";
  5 | import { monthRangeUtc } from "@/lib/dates";

Import map: aliased to relative './src/components/calendar-view' inside of [project]/

https://nextjs.org/docs/messages/module-not-found @ http://localhost:3000/_next/static/chunks/node_modules_next_dist_1e8vcs8._.js:1052
[  556747ms] [ERROR] ./src/app/(workspace)/kalender/page.tsx:2:1
Error: Module not found: Can't resolve '@/components/calendar-view'
  1 | import type { Metadata } from "next";
> 2 | import { CalendarView } from "@/components/calendar-view";
    | ^^^^^^^^^^^^^^^^^^^^^^^^^^^^^^^^^^^^^^^^^^^^^^^^^^^^^^^^^^
  3 | import { getCalendarEvents } from "@/backend/services/queries";
  4 | import { getPreferences } from "@/backend/services/preferences";
  5 | import { monthRangeUtc } from "@/lib/dates";

Import map: aliased to relative './src/components/calendar-view' inside of [project]/

https://nextjs.org/docs/messages/module-not-found @ http://localhost:3000/_next/static/chunks/node_modules_next_dist_1e8vcs8._.js:1052
[  556856ms] [ERROR] ./src/app/(workspace)/kalender/page.tsx:2:1
Error: Module not found: Can't resolve '@/components/calendar-view'
  1 | import type { Metadata } from "next";
> 2 | import { CalendarView } from "@/components/calendar-view";
    | ^^^^^^^^^^^^^^^^^^^^^^^^^^^^^^^^^^^^^^^^^^^^^^^^^^^^^^^^^^
  3 | import { getCalendarEvents } from "@/backend/services/queries";
  4 | import { getPreferences } from "@/backend/services/preferences";
  5 | import { monthRangeUtc } from "@/lib/dates";

Import map: aliased to relative './src/components/calendar-view' inside of [project]/

https://nextjs.org/docs/messages/module-not-found @ http://localhost:3000/_next/static/chunks/node_modules_next_dist_1e8vcs8._.js:1052
[  556920ms] [ERROR] ./src/app/(workspace)/kalender/page.tsx:2:1
Error: Module not found: Can't resolve '@/components/calendar-view'
  1 | import type { Metadata } from "next";
> 2 | import { CalendarView } from "@/components/calendar-view";
    | ^^^^^^^^^^^^^^^^^^^^^^^^^^^^^^^^^^^^^^^^^^^^^^^^^^^^^^^^^^
  3 | import { getCalendarEvents } from "@/backend/services/queries";
  4 | import { getPreferences } from "@/backend/services/preferences";
  5 | import { monthRangeUtc } from "@/lib/dates";

Import map: aliased to relative './src/components/calendar-view' inside of [project]/

https://nextjs.org/docs/messages/module-not-found @ http://localhost:3000/_next/static/chunks/node_modules_next_dist_1e8vcs8._.js:1052
[  557419ms] [ERROR] ./src/app/(workspace)/kalender/page.tsx:2:1
Error: Module not found: Can't resolve '@/components/calendar-view'
  1 | import type { Metadata } from "next";
> 2 | import { CalendarView } from "@/components/calendar-view";
    | ^^^^^^^^^^^^^^^^^^^^^^^^^^^^^^^^^^^^^^^^^^^^^^^^^^^^^^^^^^
  3 | import { getCalendarEvents } from "@/backend/services/queries";
  4 | import { getPreferences } from "@/backend/services/preferences";
  5 | import { monthRangeUtc } from "@/lib/dates";

Import map: aliased to relative './src/components/calendar-view' inside of [project]/

https://nextjs.org/docs/messages/module-not-found @ http://localhost:3000/_next/static/chunks/node_modules_next_dist_1e8vcs8._.js:1052
[  557500ms] [ERROR] ./src/app/(workspace)/kalender/page.tsx:2:1
Error: Module not found: Can't resolve '@/components/calendar-view'
  1 | import type { Metadata } from "next";
> 2 | import { CalendarView } from "@/components/calendar-view";
    | ^^^^^^^^^^^^^^^^^^^^^^^^^^^^^^^^^^^^^^^^^^^^^^^^^^^^^^^^^^
  3 | import { getCalendarEvents } from "@/backend/services/queries";
  4 | import { getPreferences } from "@/backend/services/preferences";
  5 | import { monthRangeUtc } from "@/lib/dates";

Import map: aliased to relative './src/components/calendar-view' inside of [project]/

https://nextjs.org/docs/messages/module-not-found @ http://localhost:3000/_next/static/chunks/node_modules_next_dist_1e8vcs8._.js:1052
[  557563ms] [ERROR] ./src/app/(workspace)/kalender/page.tsx:2:1
Error: Module not found: Can't resolve '@/components/calendar-view'
  1 | import type { Metadata } from "next";
> 2 | import { CalendarView } from "@/components/calendar-view";
    | ^^^^^^^^^^^^^^^^^^^^^^^^^^^^^^^^^^^^^^^^^^^^^^^^^^^^^^^^^^
  3 | import { getCalendarEvents } from "@/backend/services/queries";
  4 | import { getPreferences } from "@/backend/services/preferences";
  5 | import { monthRangeUtc } from "@/lib/dates";

Import map: aliased to relative './src/components/calendar-view' inside of [project]/

https://nextjs.org/docs/messages/module-not-found @ http://localhost:3000/_next/static/chunks/node_modules_next_dist_1e8vcs8._.js:1052
[  558084ms] [ERROR] ./src/app/(workspace)/kalender/page.tsx:2:1
Error: Module not found: Can't resolve '@/components/calendar-view'
  1 | import type { Metadata } from "next";
> 2 | import { CalendarView } from "@/components/calendar-view";
    | ^^^^^^^^^^^^^^^^^^^^^^^^^^^^^^^^^^^^^^^^^^^^^^^^^^^^^^^^^^
  3 | import { getCalendarEvents } from "@/backend/services/queries";
  4 | import { getPreferences } from "@/backend/services/preferences";
  5 | import { monthRangeUtc } from "@/lib/dates";

Import map: aliased to relative './src/components/calendar-view' inside of [project]/

https://nextjs.org/docs/messages/module-not-found @ http://localhost:3000/_next/static/chunks/node_modules_next_dist_1e8vcs8._.js:1052
[  558161ms] [ERROR] ./src/app/(workspace)/kalender/page.tsx:2:1
Error: Module not found: Can't resolve '@/components/calendar-view'
  1 | import type { Metadata } from "next";
> 2 | import { CalendarView } from "@/components/calendar-view";
    | ^^^^^^^^^^^^^^^^^^^^^^^^^^^^^^^^^^^^^^^^^^^^^^^^^^^^^^^^^^
  3 | import { getCalendarEvents } from "@/backend/services/queries";
  4 | import { getPreferences } from "@/backend/services/preferences";
  5 | import { monthRangeUtc } from "@/lib/dates";

Import map: aliased to relative './src/components/calendar-view' inside of [project]/

https://nextjs.org/docs/messages/module-not-found @ http://localhost:3000/_next/static/chunks/node_modules_next_dist_1e8vcs8._.js:1052
[  558555ms] [ERROR] ./src/app/(workspace)/kalender/page.tsx:2:1
Error: Module not found: Can't resolve '@/components/calendar-view'
  1 | import type { Metadata } from "next";
> 2 | import { CalendarView } from "@/components/calendar-view";
    | ^^^^^^^^^^^^^^^^^^^^^^^^^^^^^^^^^^^^^^^^^^^^^^^^^^^^^^^^^^
  3 | import { getCalendarEvents } from "@/backend/services/queries";
  4 | import { getPreferences } from "@/backend/services/preferences";
  5 | import { monthRangeUtc } from "@/lib/dates";

Import map: aliased to relative './src/components/calendar-view' inside of [project]/

https://nextjs.org/docs/messages/module-not-found @ http://localhost:3000/_next/static/chunks/node_modules_next_dist_1e8vcs8._.js:1052
[  558632ms] [ERROR] ./src/app/(workspace)/kalender/page.tsx:2:1
Error: Module not found: Can't resolve '@/components/calendar-view'
  1 | import type { Metadata } from "next";
> 2 | import { CalendarView } from "@/components/calendar-view";
    | ^^^^^^^^^^^^^^^^^^^^^^^^^^^^^^^^^^^^^^^^^^^^^^^^^^^^^^^^^^
  3 | import { getCalendarEvents } from "@/backend/services/queries";
  4 | import { getPreferences } from "@/backend/services/preferences";
  5 | import { monthRangeUtc } from "@/lib/dates";

Import map: aliased to relative './src/components/calendar-view' inside of [project]/

https://nextjs.org/docs/messages/module-not-found @ http://localhost:3000/_next/static/chunks/node_modules_next_dist_1e8vcs8._.js:1052
[  558697ms] [ERROR] ./src/app/(workspace)/kalender/page.tsx:2:1
Error: Module not found: Can't resolve '@/components/calendar-view'
  1 | import type { Metadata } from "next";
> 2 | import { CalendarView } from "@/components/calendar-view";
    | ^^^^^^^^^^^^^^^^^^^^^^^^^^^^^^^^^^^^^^^^^^^^^^^^^^^^^^^^^^
  3 | import { getCalendarEvents } from "@/backend/services/queries";
  4 | import { getPreferences } from "@/backend/services/preferences";
  5 | import { monthRangeUtc } from "@/lib/dates";

Import map: aliased to relative './src/components/calendar-view' inside of [project]/

https://nextjs.org/docs/messages/module-not-found @ http://localhost:3000/_next/static/chunks/node_modules_next_dist_1e8vcs8._.js:1052
[  559073ms] [ERROR] ./src/app/(workspace)/kalender/page.tsx:2:1
Error: Module not found: Can't resolve '@/components/calendar-view'
  1 | import type { Metadata } from "next";
> 2 | import { CalendarView } from "@/components/calendar-view";
    | ^^^^^^^^^^^^^^^^^^^^^^^^^^^^^^^^^^^^^^^^^^^^^^^^^^^^^^^^^^
  3 | import { getCalendarEvents } from "@/backend/services/queries";
  4 | import { getPreferences } from "@/backend/services/preferences";
  5 | import { monthRangeUtc } from "@/lib/dates";

Import map: aliased to relative './src/components/calendar-view' inside of [project]/

https://nextjs.org/docs/messages/module-not-found @ http://localhost:3000/_next/static/chunks/node_modules_next_dist_1e8vcs8._.js:1052
[  559140ms] [ERROR] ./src/app/(workspace)/kalender/page.tsx:2:1
Error: Module not found: Can't resolve '@/components/calendar-view'
  1 | import type { Metadata } from "next";
> 2 | import { CalendarView } from "@/components/calendar-view";
    | ^^^^^^^^^^^^^^^^^^^^^^^^^^^^^^^^^^^^^^^^^^^^^^^^^^^^^^^^^^
  3 | import { getCalendarEvents } from "@/backend/services/queries";
  4 | import { getPreferences } from "@/backend/services/preferences";
  5 | import { monthRangeUtc } from "@/lib/dates";

Import map: aliased to relative './src/components/calendar-view' inside of [project]/

https://nextjs.org/docs/messages/module-not-found @ http://localhost:3000/_next/static/chunks/node_modules_next_dist_1e8vcs8._.js:1052
[  559609ms] [ERROR] ./src/app/(workspace)/kalender/page.tsx:2:1
Error: Module not found: Can't resolve '@/components/calendar-view'
  1 | import type { Metadata } from "next";
> 2 | import { CalendarView } from "@/components/calendar-view";
    | ^^^^^^^^^^^^^^^^^^^^^^^^^^^^^^^^^^^^^^^^^^^^^^^^^^^^^^^^^^
  3 | import { getCalendarEvents } from "@/backend/services/queries";
  4 | import { getPreferences } from "@/backend/services/preferences";
  5 | import { monthRangeUtc } from "@/lib/dates";

Import map: aliased to relative './src/components/calendar-view' inside of [project]/

https://nextjs.org/docs/messages/module-not-found @ http://localhost:3000/_next/static/chunks/node_modules_next_dist_1e8vcs8._.js:1052
[  559677ms] [ERROR] ./src/app/(workspace)/kalender/page.tsx:2:1
Error: Module not found: Can't resolve '@/components/calendar-view'
  1 | import type { Metadata } from "next";
> 2 | import { CalendarView } from "@/components/calendar-view";
    | ^^^^^^^^^^^^^^^^^^^^^^^^^^^^^^^^^^^^^^^^^^^^^^^^^^^^^^^^^^
  3 | import { getCalendarEvents } from "@/backend/services/queries";
  4 | import { getPreferences } from "@/backend/services/preferences";
  5 | import { monthRangeUtc } from "@/lib/dates";

Import map: aliased to relative './src/components/calendar-view' inside of [project]/

https://nextjs.org/docs/messages/module-not-found @ http://localhost:3000/_next/static/chunks/node_modules_next_dist_1e8vcs8._.js:1052
[  559736ms] [ERROR] ./src/app/(workspace)/kalender/page.tsx:2:1
Error: Module not found: Can't resolve '@/components/calendar-view'
  1 | import type { Metadata } from "next";
> 2 | import { CalendarView } from "@/components/calendar-view";
    | ^^^^^^^^^^^^^^^^^^^^^^^^^^^^^^^^^^^^^^^^^^^^^^^^^^^^^^^^^^
  3 | import { getCalendarEvents } from "@/backend/services/queries";
  4 | import { getPreferences } from "@/backend/services/preferences";
  5 | import { monthRangeUtc } from "@/lib/dates";

Import map: aliased to relative './src/components/calendar-view' inside of [project]/

https://nextjs.org/docs/messages/module-not-found @ http://localhost:3000/_next/static/chunks/node_modules_next_dist_1e8vcs8._.js:1052
[  559989ms] [ERROR] ./src/app/(workspace)/kalender/page.tsx:2:1
Error: Module not found: Can't resolve '@/components/calendar-view'
  1 | import type { Metadata } from "next";
> 2 | import { CalendarView } from "@/components/calendar-view";
    | ^^^^^^^^^^^^^^^^^^^^^^^^^^^^^^^^^^^^^^^^^^^^^^^^^^^^^^^^^^
  3 | import { getCalendarEvents } from "@/backend/services/queries";
  4 | import { getPreferences } from "@/backend/services/preferences";
  5 | import { monthRangeUtc } from "@/lib/dates";

Import map: aliased to relative './src/components/calendar-view' inside of [project]/

https://nextjs.org/docs/messages/module-not-found @ http://localhost:3000/_next/static/chunks/node_modules_next_dist_1e8vcs8._.js:1052
[  560580ms] [ERROR] ./src/app/(workspace)/kalender/page.tsx:2:1
Error: Module not found: Can't resolve '@/components/calendar-view'
  1 | import type { Metadata } from "next";
> 2 | import { CalendarView } from "@/components/calendar-view";
    | ^^^^^^^^^^^^^^^^^^^^^^^^^^^^^^^^^^^^^^^^^^^^^^^^^^^^^^^^^^
  3 | import { getCalendarEvents } from "@/backend/services/queries";
  4 | import { getPreferences } from "@/backend/services/preferences";
  5 | import { monthRangeUtc } from "@/lib/dates";

Import map: aliased to relative './src/components/calendar-view' inside of [project]/

https://nextjs.org/docs/messages/module-not-found @ http://localhost:3000/_next/static/chunks/node_modules_next_dist_1e8vcs8._.js:1052
[  560661ms] [ERROR] ./src/app/(workspace)/kalender/page.tsx:2:1
Error: Module not found: Can't resolve '@/components/calendar-view'
  1 | import type { Metadata } from "next";
> 2 | import { CalendarView } from "@/components/calendar-view";
    | ^^^^^^^^^^^^^^^^^^^^^^^^^^^^^^^^^^^^^^^^^^^^^^^^^^^^^^^^^^
  3 | import { getCalendarEvents } from "@/backend/services/queries";
  4 | import { getPreferences } from "@/backend/services/preferences";
  5 | import { monthRangeUtc } from "@/lib/dates";

Import map: aliased to relative './src/components/calendar-view' inside of [project]/

https://nextjs.org/docs/messages/module-not-found @ http://localhost:3000/_next/static/chunks/node_modules_next_dist_1e8vcs8._.js:1052
[  560990ms] [ERROR] ./src/app/(workspace)/kalender/page.tsx:2:1
Error: Module not found: Can't resolve '@/components/calendar-view'
  1 | import type { Metadata } from "next";
> 2 | import { CalendarView } from "@/components/calendar-view";
    | ^^^^^^^^^^^^^^^^^^^^^^^^^^^^^^^^^^^^^^^^^^^^^^^^^^^^^^^^^^
  3 | import { getCalendarEvents } from "@/backend/services/queries";
  4 | import { getPreferences } from "@/backend/services/preferences";
  5 | import { monthRangeUtc } from "@/lib/dates";

Import map: aliased to relative './src/components/calendar-view' inside of [project]/

https://nextjs.org/docs/messages/module-not-found @ http://localhost:3000/_next/static/chunks/node_modules_next_dist_1e8vcs8._.js:1052
[  561052ms] [ERROR] ./src/app/(workspace)/kalender/page.tsx:2:1
Error: Module not found: Can't resolve '@/components/calendar-view'
  1 | import type { Metadata } from "next";
> 2 | import { CalendarView } from "@/components/calendar-view";
    | ^^^^^^^^^^^^^^^^^^^^^^^^^^^^^^^^^^^^^^^^^^^^^^^^^^^^^^^^^^
  3 | import { getCalendarEvents } from "@/backend/services/queries";
  4 | import { getPreferences } from "@/backend/services/preferences";
  5 | import { monthRangeUtc } from "@/lib/dates";

Import map: aliased to relative './src/components/calendar-view' inside of [project]/

https://nextjs.org/docs/messages/module-not-found @ http://localhost:3000/_next/static/chunks/node_modules_next_dist_1e8vcs8._.js:1052
[  561120ms] [ERROR] ./src/app/(workspace)/kalender/page.tsx:2:1
Error: Module not found: Can't resolve '@/components/calendar-view'
  1 | import type { Metadata } from "next";
> 2 | import { CalendarView } from "@/components/calendar-view";
    | ^^^^^^^^^^^^^^^^^^^^^^^^^^^^^^^^^^^^^^^^^^^^^^^^^^^^^^^^^^
  3 | import { getCalendarEvents } from "@/backend/services/queries";
  4 | import { getPreferences } from "@/backend/services/preferences";
  5 | import { monthRangeUtc } from "@/lib/dates";

Import map: aliased to relative './src/components/calendar-view' inside of [project]/

https://nextjs.org/docs/messages/module-not-found @ http://localhost:3000/_next/static/chunks/node_modules_next_dist_1e8vcs8._.js:1052
[  561343ms] [ERROR] ./src/app/(workspace)/kalender/page.tsx:2:1
Error: Module not found: Can't resolve '@/components/calendar-view'
  1 | import type { Metadata } from "next";
> 2 | import { CalendarView } from "@/components/calendar-view";
    | ^^^^^^^^^^^^^^^^^^^^^^^^^^^^^^^^^^^^^^^^^^^^^^^^^^^^^^^^^^
  3 | import { getCalendarEvents } from "@/backend/services/queries";
  4 | import { getPreferences } from "@/backend/services/preferences";
  5 | import { monthRangeUtc } from "@/lib/dates";

Import map: aliased to relative './src/components/calendar-view' inside of [project]/

https://nextjs.org/docs/messages/module-not-found @ http://localhost:3000/_next/static/chunks/node_modules_next_dist_1e8vcs8._.js:1052
[  561865ms] [ERROR] ./src/app/(workspace)/kalender/page.tsx:2:1
Error: Module not found: Can't resolve '@/components/calendar-view'
  1 | import type { Metadata } from "next";
> 2 | import { CalendarView } from "@/components/calendar-view";
    | ^^^^^^^^^^^^^^^^^^^^^^^^^^^^^^^^^^^^^^^^^^^^^^^^^^^^^^^^^^
  3 | import { getCalendarEvents } from "@/backend/services/queries";
  4 | import { getPreferences } from "@/backend/services/preferences";
  5 | import { monthRangeUtc } from "@/lib/dates";

Import map: aliased to relative './src/components/calendar-view' inside of [project]/

https://nextjs.org/docs/messages/module-not-found @ http://localhost:3000/_next/static/chunks/node_modules_next_dist_1e8vcs8._.js:1052
[  561934ms] [ERROR] ./src/app/(workspace)/kalender/page.tsx:2:1
Error: Module not found: Can't resolve '@/components/calendar-view'
  1 | import type { Metadata } from "next";
> 2 | import { CalendarView } from "@/components/calendar-view";
    | ^^^^^^^^^^^^^^^^^^^^^^^^^^^^^^^^^^^^^^^^^^^^^^^^^^^^^^^^^^
  3 | import { getCalendarEvents } from "@/backend/services/queries";
  4 | import { getPreferences } from "@/backend/services/preferences";
  5 | import { monthRangeUtc } from "@/lib/dates";

Import map: aliased to relative './src/components/calendar-view' inside of [project]/

https://nextjs.org/docs/messages/module-not-found @ http://localhost:3000/_next/static/chunks/node_modules_next_dist_1e8vcs8._.js:1052
[  562249ms] [ERROR] ./src/app/(workspace)/kalender/page.tsx:2:1
Error: Module not found: Can't resolve '@/components/calendar-view'
  1 | import type { Metadata } from "next";
> 2 | import { CalendarView } from "@/components/calendar-view";
    | ^^^^^^^^^^^^^^^^^^^^^^^^^^^^^^^^^^^^^^^^^^^^^^^^^^^^^^^^^^
  3 | import { getCalendarEvents } from "@/backend/services/queries";
  4 | import { getPreferences } from "@/backend/services/preferences";
  5 | import { monthRangeUtc } from "@/lib/dates";

Import map: aliased to relative './src/components/calendar-view' inside of [project]/

https://nextjs.org/docs/messages/module-not-found @ http://localhost:3000/_next/static/chunks/node_modules_next_dist_1e8vcs8._.js:1052
[  562320ms] [ERROR] ./src/app/(workspace)/kalender/page.tsx:2:1
Error: Module not found: Can't resolve '@/components/calendar-view'
  1 | import type { Metadata } from "next";
> 2 | import { CalendarView } from "@/components/calendar-view";
    | ^^^^^^^^^^^^^^^^^^^^^^^^^^^^^^^^^^^^^^^^^^^^^^^^^^^^^^^^^^
  3 | import { getCalendarEvents } from "@/backend/services/queries";
  4 | import { getPreferences } from "@/backend/services/preferences";
  5 | import { monthRangeUtc } from "@/lib/dates";

Import map: aliased to relative './src/components/calendar-view' inside of [project]/

https://nextjs.org/docs/messages/module-not-found @ http://localhost:3000/_next/static/chunks/node_modules_next_dist_1e8vcs8._.js:1052
[  562651ms] [ERROR] ./src/app/(workspace)/kalender/page.tsx:2:1
Error: Module not found: Can't resolve '@/components/calendar-view'
  1 | import type { Metadata } from "next";
> 2 | import { CalendarView } from "@/components/calendar-view";
    | ^^^^^^^^^^^^^^^^^^^^^^^^^^^^^^^^^^^^^^^^^^^^^^^^^^^^^^^^^^
  3 | import { getCalendarEvents } from "@/backend/services/queries";
  4 | import { getPreferences } from "@/backend/services/preferences";
  5 | import { monthRangeUtc } from "@/lib/dates";

Import map: aliased to relative './src/components/calendar-view' inside of [project]/

https://nextjs.org/docs/messages/module-not-found @ http://localhost:3000/_next/static/chunks/node_modules_next_dist_1e8vcs8._.js:1052
[  562707ms] [ERROR] ./src/app/(workspace)/kalender/page.tsx:2:1
Error: Module not found: Can't resolve '@/components/calendar-view'
  1 | import type { Metadata } from "next";
> 2 | import { CalendarView } from "@/components/calendar-view";
    | ^^^^^^^^^^^^^^^^^^^^^^^^^^^^^^^^^^^^^^^^^^^^^^^^^^^^^^^^^^
  3 | import { getCalendarEvents } from "@/backend/services/queries";
  4 | import { getPreferences } from "@/backend/services/preferences";
  5 | import { monthRangeUtc } from "@/lib/dates";

Import map: aliased to relative './src/components/calendar-view' inside of [project]/

https://nextjs.org/docs/messages/module-not-found @ http://localhost:3000/_next/static/chunks/node_modules_next_dist_1e8vcs8._.js:1052
[  562771ms] [ERROR] ./src/app/(workspace)/kalender/page.tsx:2:1
Error: Module not found: Can't resolve '@/components/calendar-view'
  1 | import type { Metadata } from "next";
> 2 | import { CalendarView } from "@/components/calendar-view";
    | ^^^^^^^^^^^^^^^^^^^^^^^^^^^^^^^^^^^^^^^^^^^^^^^^^^^^^^^^^^
  3 | import { getCalendarEvents } from "@/backend/services/queries";
  4 | import { getPreferences } from "@/backend/services/preferences";
  5 | import { monthRangeUtc } from "@/lib/dates";

Import map: aliased to relative './src/components/calendar-view' inside of [project]/

https://nextjs.org/docs/messages/module-not-found @ http://localhost:3000/_next/static/chunks/node_modules_next_dist_1e8vcs8._.js:1052
[  563082ms] [ERROR] ./src/app/(workspace)/kalender/page.tsx:2:1
Error: Module not found: Can't resolve '@/components/calendar-view'
  1 | import type { Metadata } from "next";
> 2 | import { CalendarView } from "@/components/calendar-view";
    | ^^^^^^^^^^^^^^^^^^^^^^^^^^^^^^^^^^^^^^^^^^^^^^^^^^^^^^^^^^
  3 | import { getCalendarEvents } from "@/backend/services/queries";
  4 | import { getPreferences } from "@/backend/services/preferences";
  5 | import { monthRangeUtc } from "@/lib/dates";

Import map: aliased to relative './src/components/calendar-view' inside of [project]/

https://nextjs.org/docs/messages/module-not-found @ http://localhost:3000/_next/static/chunks/node_modules_next_dist_1e8vcs8._.js:1052
[  563451ms] [ERROR] ./src/app/(workspace)/kalender/page.tsx:2:1
Error: Module not found: Can't resolve '@/components/calendar-view'
  1 | import type { Metadata } from "next";
> 2 | import { CalendarView } from "@/components/calendar-view";
    | ^^^^^^^^^^^^^^^^^^^^^^^^^^^^^^^^^^^^^^^^^^^^^^^^^^^^^^^^^^
  3 | import { getCalendarEvents } from "@/backend/services/queries";
  4 | import { getPreferences } from "@/backend/services/preferences";
  5 | import { monthRangeUtc } from "@/lib/dates";

Import map: aliased to relative './src/components/calendar-view' inside of [project]/

https://nextjs.org/docs/messages/module-not-found @ http://localhost:3000/_next/static/chunks/node_modules_next_dist_1e8vcs8._.js:1052
[  563781ms] [ERROR] ./src/app/(workspace)/kalender/page.tsx:2:1
Error: Module not found: Can't resolve '@/components/calendar-view'
  1 | import type { Metadata } from "next";
> 2 | import { CalendarView } from "@/components/calendar-view";
    | ^^^^^^^^^^^^^^^^^^^^^^^^^^^^^^^^^^^^^^^^^^^^^^^^^^^^^^^^^^
  3 | import { getCalendarEvents } from "@/backend/services/queries";
  4 | import { getPreferences } from "@/backend/services/preferences";
  5 | import { monthRangeUtc } from "@/lib/dates";

Import map: aliased to relative './src/components/calendar-view' inside of [project]/

https://nextjs.org/docs/messages/module-not-found @ http://localhost:3000/_next/static/chunks/node_modules_next_dist_1e8vcs8._.js:1052
[  563873ms] [ERROR] ./src/app/(workspace)/kalender/page.tsx:2:1
Error: Module not found: Can't resolve '@/components/calendar-view'
  1 | import type { Metadata } from "next";
> 2 | import { CalendarView } from "@/components/calendar-view";
    | ^^^^^^^^^^^^^^^^^^^^^^^^^^^^^^^^^^^^^^^^^^^^^^^^^^^^^^^^^^
  3 | import { getCalendarEvents } from "@/backend/services/queries";
  4 | import { getPreferences } from "@/backend/services/preferences";
  5 | import { monthRangeUtc } from "@/lib/dates";

Import map: aliased to relative './src/components/calendar-view' inside of [project]/

https://nextjs.org/docs/messages/module-not-found @ http://localhost:3000/_next/static/chunks/node_modules_next_dist_1e8vcs8._.js:1052
[  564189ms] [ERROR] ./src/app/(workspace)/kalender/page.tsx:2:1
Error: Module not found: Can't resolve '@/components/calendar-view'
  1 | import type { Metadata } from "next";
> 2 | import { CalendarView } from "@/components/calendar-view";
    | ^^^^^^^^^^^^^^^^^^^^^^^^^^^^^^^^^^^^^^^^^^^^^^^^^^^^^^^^^^
  3 | import { getCalendarEvents } from "@/backend/services/queries";
  4 | import { getPreferences } from "@/backend/services/preferences";
  5 | import { monthRangeUtc } from "@/lib/dates";

Import map: aliased to relative './src/components/calendar-view' inside of [project]/

https://nextjs.org/docs/messages/module-not-found @ http://localhost:3000/_next/static/chunks/node_modules_next_dist_1e8vcs8._.js:1052
[  564257ms] [ERROR] ./src/app/(workspace)/kalender/page.tsx:2:1
Error: Module not found: Can't resolve '@/components/calendar-view'
  1 | import type { Metadata } from "next";
> 2 | import { CalendarView } from "@/components/calendar-view";
    | ^^^^^^^^^^^^^^^^^^^^^^^^^^^^^^^^^^^^^^^^^^^^^^^^^^^^^^^^^^
  3 | import { getCalendarEvents } from "@/backend/services/queries";
  4 | import { getPreferences } from "@/backend/services/preferences";
  5 | import { monthRangeUtc } from "@/lib/dates";

Import map: aliased to relative './src/components/calendar-view' inside of [project]/

https://nextjs.org/docs/messages/module-not-found @ http://localhost:3000/_next/static/chunks/node_modules_next_dist_1e8vcs8._.js:1052
[  564633ms] [ERROR] ./src/app/(workspace)/kalender/page.tsx:2:1
Error: Module not found: Can't resolve '@/components/calendar-view'
  1 | import type { Metadata } from "next";
> 2 | import { CalendarView } from "@/components/calendar-view";
    | ^^^^^^^^^^^^^^^^^^^^^^^^^^^^^^^^^^^^^^^^^^^^^^^^^^^^^^^^^^
  3 | import { getCalendarEvents } from "@/backend/services/queries";
  4 | import { getPreferences } from "@/backend/services/preferences";
  5 | import { monthRangeUtc } from "@/lib/dates";

Import map: aliased to relative './src/components/calendar-view' inside of [project]/

https://nextjs.org/docs/messages/module-not-found @ http://localhost:3000/_next/static/chunks/node_modules_next_dist_1e8vcs8._.js:1052
[  564699ms] [ERROR] ./src/app/(workspace)/kalender/page.tsx:2:1
Error: Module not found: Can't resolve '@/components/calendar-view'
  1 | import type { Metadata } from "next";
> 2 | import { CalendarView } from "@/components/calendar-view";
    | ^^^^^^^^^^^^^^^^^^^^^^^^^^^^^^^^^^^^^^^^^^^^^^^^^^^^^^^^^^
  3 | import { getCalendarEvents } from "@/backend/services/queries";
  4 | import { getPreferences } from "@/backend/services/preferences";
  5 | import { monthRangeUtc } from "@/lib/dates";

Import map: aliased to relative './src/components/calendar-view' inside of [project]/

https://nextjs.org/docs/messages/module-not-found @ http://localhost:3000/_next/static/chunks/node_modules_next_dist_1e8vcs8._.js:1052
[  564763ms] [ERROR] ./src/app/(workspace)/kalender/page.tsx:2:1
Error: Module not found: Can't resolve '@/components/calendar-view'
  1 | import type { Metadata } from "next";
> 2 | import { CalendarView } from "@/components/calendar-view";
    | ^^^^^^^^^^^^^^^^^^^^^^^^^^^^^^^^^^^^^^^^^^^^^^^^^^^^^^^^^^
  3 | import { getCalendarEvents } from "@/backend/services/queries";
  4 | import { getPreferences } from "@/backend/services/preferences";
  5 | import { monthRangeUtc } from "@/lib/dates";

Import map: aliased to relative './src/components/calendar-view' inside of [project]/

https://nextjs.org/docs/messages/module-not-found @ http://localhost:3000/_next/static/chunks/node_modules_next_dist_1e8vcs8._.js:1052
[  565022ms] [ERROR] ./src/app/(workspace)/kalender/page.tsx:2:1
Error: Module not found: Can't resolve '@/components/calendar-view'
  1 | import type { Metadata } from "next";
> 2 | import { CalendarView } from "@/components/calendar-view";
    | ^^^^^^^^^^^^^^^^^^^^^^^^^^^^^^^^^^^^^^^^^^^^^^^^^^^^^^^^^^
  3 | import { getCalendarEvents } from "@/backend/services/queries";
  4 | import { getPreferences } from "@/backend/services/preferences";
  5 | import { monthRangeUtc } from "@/lib/dates";

Import map: aliased to relative './src/components/calendar-view' inside of [project]/

https://nextjs.org/docs/messages/module-not-found @ http://localhost:3000/_next/static/chunks/node_modules_next_dist_1e8vcs8._.js:1052
[  565243ms] [ERROR] ./src/app/(workspace)/kalender/page.tsx:2:1
Error: Module not found: Can't resolve '@/components/calendar-view'
  1 | import type { Metadata } from "next";
> 2 | import { CalendarView } from "@/components/calendar-view";
    | ^^^^^^^^^^^^^^^^^^^^^^^^^^^^^^^^^^^^^^^^^^^^^^^^^^^^^^^^^^
  3 | import { getCalendarEvents } from "@/backend/services/queries";
  4 | import { getPreferences } from "@/backend/services/preferences";
  5 | import { monthRangeUtc } from "@/lib/dates";

Import map: aliased to relative './src/components/calendar-view' inside of [project]/

https://nextjs.org/docs/messages/module-not-found @ http://localhost:3000/_next/static/chunks/node_modules_next_dist_1e8vcs8._.js:1052
[  565542ms] [ERROR] ./src/app/(workspace)/kalender/page.tsx:2:1
Error: Module not found: Can't resolve '@/components/calendar-view'
  1 | import type { Metadata } from "next";
> 2 | import { CalendarView } from "@/components/calendar-view";
    | ^^^^^^^^^^^^^^^^^^^^^^^^^^^^^^^^^^^^^^^^^^^^^^^^^^^^^^^^^^
  3 | import { getCalendarEvents } from "@/backend/services/queries";
  4 | import { getPreferences } from "@/backend/services/preferences";
  5 | import { monthRangeUtc } from "@/lib/dates";

Import map: aliased to relative './src/components/calendar-view' inside of [project]/

https://nextjs.org/docs/messages/module-not-found @ http://localhost:3000/_next/static/chunks/node_modules_next_dist_1e8vcs8._.js:1052
[  565814ms] [ERROR] ./src/app/(workspace)/kalender/page.tsx:2:1
Error: Module not found: Can't resolve '@/components/calendar-view'
  1 | import type { Metadata } from "next";
> 2 | import { CalendarView } from "@/components/calendar-view";
    | ^^^^^^^^^^^^^^^^^^^^^^^^^^^^^^^^^^^^^^^^^^^^^^^^^^^^^^^^^^
  3 | import { getCalendarEvents } from "@/backend/services/queries";
  4 | import { getPreferences } from "@/backend/services/preferences";
  5 | import { monthRangeUtc } from "@/lib/dates";

Import map: aliased to relative './src/components/calendar-view' inside of [project]/

https://nextjs.org/docs/messages/module-not-found @ http://localhost:3000/_next/static/chunks/node_modules_next_dist_1e8vcs8._.js:1052
[  566068ms] [ERROR] ./src/app/(workspace)/kalender/page.tsx:2:1
Error: Module not found: Can't resolve '@/components/calendar-view'
  1 | import type { Metadata } from "next";
> 2 | import { CalendarView } from "@/components/calendar-view";
    | ^^^^^^^^^^^^^^^^^^^^^^^^^^^^^^^^^^^^^^^^^^^^^^^^^^^^^^^^^^
  3 | import { getCalendarEvents } from "@/backend/services/queries";
  4 | import { getPreferences } from "@/backend/services/preferences";
  5 | import { monthRangeUtc } from "@/lib/dates";

Import map: aliased to relative './src/components/calendar-view' inside of [project]/

https://nextjs.org/docs/messages/module-not-found @ http://localhost:3000/_next/static/chunks/node_modules_next_dist_1e8vcs8._.js:1052
[  566312ms] [ERROR] ./src/app/(workspace)/kalender/page.tsx:2:1
Error: Module not found: Can't resolve '@/components/calendar-view'
  1 | import type { Metadata } from "next";
> 2 | import { CalendarView } from "@/components/calendar-view";
    | ^^^^^^^^^^^^^^^^^^^^^^^^^^^^^^^^^^^^^^^^^^^^^^^^^^^^^^^^^^
  3 | import { getCalendarEvents } from "@/backend/services/queries";
  4 | import { getPreferences } from "@/backend/services/preferences";
  5 | import { monthRangeUtc } from "@/lib/dates";

Import map: aliased to relative './src/components/calendar-view' inside of [project]/

https://nextjs.org/docs/messages/module-not-found @ http://localhost:3000/_next/static/chunks/node_modules_next_dist_1e8vcs8._.js:1052
[  566608ms] [ERROR] ./src/app/(workspace)/kalender/page.tsx:2:1
Error: Module not found: Can't resolve '@/components/calendar-view'
  1 | import type { Metadata } from "next";
> 2 | import { CalendarView } from "@/components/calendar-view";
    | ^^^^^^^^^^^^^^^^^^^^^^^^^^^^^^^^^^^^^^^^^^^^^^^^^^^^^^^^^^
  3 | import { getCalendarEvents } from "@/backend/services/queries";
  4 | import { getPreferences } from "@/backend/services/preferences";
  5 | import { monthRangeUtc } from "@/lib/dates";

Import map: aliased to relative './src/components/calendar-view' inside of [project]/

https://nextjs.org/docs/messages/module-not-found @ http://localhost:3000/_next/static/chunks/node_modules_next_dist_1e8vcs8._.js:1052
[  566668ms] [ERROR] ./src/app/(workspace)/kalender/page.tsx:2:1
Error: Module not found: Can't resolve '@/components/calendar-view'
  1 | import type { Metadata } from "next";
> 2 | import { CalendarView } from "@/components/calendar-view";
    | ^^^^^^^^^^^^^^^^^^^^^^^^^^^^^^^^^^^^^^^^^^^^^^^^^^^^^^^^^^
  3 | import { getCalendarEvents } from "@/backend/services/queries";
  4 | import { getPreferences } from "@/backend/services/preferences";
  5 | import { monthRangeUtc } from "@/lib/dates";

Import map: aliased to relative './src/components/calendar-view' inside of [project]/

https://nextjs.org/docs/messages/module-not-found @ http://localhost:3000/_next/static/chunks/node_modules_next_dist_1e8vcs8._.js:1052
[  566932ms] [ERROR] ./src/app/(workspace)/kalender/page.tsx:2:1
Error: Module not found: Can't resolve '@/components/calendar-view'
  1 | import type { Metadata } from "next";
> 2 | import { CalendarView } from "@/components/calendar-view";
    | ^^^^^^^^^^^^^^^^^^^^^^^^^^^^^^^^^^^^^^^^^^^^^^^^^^^^^^^^^^
  3 | import { getCalendarEvents } from "@/backend/services/queries";
  4 | import { getPreferences } from "@/backend/services/preferences";
  5 | import { monthRangeUtc } from "@/lib/dates";

Import map: aliased to relative './src/components/calendar-view' inside of [project]/

https://nextjs.org/docs/messages/module-not-found @ http://localhost:3000/_next/static/chunks/node_modules_next_dist_1e8vcs8._.js:1052
[  567191ms] [ERROR] ./src/app/(workspace)/kalender/page.tsx:2:1
Error: Module not found: Can't resolve '@/components/calendar-view'
  1 | import type { Metadata } from "next";
> 2 | import { CalendarView } from "@/components/calendar-view";
    | ^^^^^^^^^^^^^^^^^^^^^^^^^^^^^^^^^^^^^^^^^^^^^^^^^^^^^^^^^^
  3 | import { getCalendarEvents } from "@/backend/services/queries";
  4 | import { getPreferences } from "@/backend/services/preferences";
  5 | import { monthRangeUtc } from "@/lib/dates";

Import map: aliased to relative './src/components/calendar-view' inside of [project]/

https://nextjs.org/docs/messages/module-not-found @ http://localhost:3000/_next/static/chunks/node_modules_next_dist_1e8vcs8._.js:1052
[  567748ms] [ERROR] ./src/app/(workspace)/kalender/page.tsx:2:1
Error: Module not found: Can't resolve '@/components/calendar-view'
  1 | import type { Metadata } from "next";
> 2 | import { CalendarView } from "@/components/calendar-view";
    | ^^^^^^^^^^^^^^^^^^^^^^^^^^^^^^^^^^^^^^^^^^^^^^^^^^^^^^^^^^
  3 | import { getCalendarEvents } from "@/backend/services/queries";
  4 | import { getPreferences } from "@/backend/services/preferences";
  5 | import { monthRangeUtc } from "@/lib/dates";

Import map: aliased to relative './src/components/calendar-view' inside of [project]/

https://nextjs.org/docs/messages/module-not-found @ http://localhost:3000/_next/static/chunks/node_modules_next_dist_1e8vcs8._.js:1052
[  567840ms] [ERROR] ./src/app/(workspace)/kalender/page.tsx:2:1
Error: Module not found: Can't resolve '@/components/calendar-view'
  1 | import type { Metadata } from "next";
> 2 | import { CalendarView } from "@/components/calendar-view";
    | ^^^^^^^^^^^^^^^^^^^^^^^^^^^^^^^^^^^^^^^^^^^^^^^^^^^^^^^^^^
  3 | import { getCalendarEvents } from "@/backend/services/queries";
  4 | import { getPreferences } from "@/backend/services/preferences";
  5 | import { monthRangeUtc } from "@/lib/dates";

Import map: aliased to relative './src/components/calendar-view' inside of [project]/

https://nextjs.org/docs/messages/module-not-found @ http://localhost:3000/_next/static/chunks/node_modules_next_dist_1e8vcs8._.js:1052
[  568129ms] [ERROR] ./src/app/(workspace)/kalender/page.tsx:2:1
Error: Module not found: Can't resolve '@/components/calendar-view'
  1 | import type { Metadata } from "next";
> 2 | import { CalendarView } from "@/components/calendar-view";
    | ^^^^^^^^^^^^^^^^^^^^^^^^^^^^^^^^^^^^^^^^^^^^^^^^^^^^^^^^^^
  3 | import { getCalendarEvents } from "@/backend/services/queries";
  4 | import { getPreferences } from "@/backend/services/preferences";
  5 | import { monthRangeUtc } from "@/lib/dates";

Import map: aliased to relative './src/components/calendar-view' inside of [project]/

https://nextjs.org/docs/messages/module-not-found @ http://localhost:3000/_next/static/chunks/node_modules_next_dist_1e8vcs8._.js:1052
[  568182ms] [ERROR] ./src/app/(workspace)/kalender/page.tsx:2:1
Error: Module not found: Can't resolve '@/components/calendar-view'
  1 | import type { Metadata } from "next";
> 2 | import { CalendarView } from "@/components/calendar-view";
    | ^^^^^^^^^^^^^^^^^^^^^^^^^^^^^^^^^^^^^^^^^^^^^^^^^^^^^^^^^^
  3 | import { getCalendarEvents } from "@/backend/services/queries";
  4 | import { getPreferences } from "@/backend/services/preferences";
  5 | import { monthRangeUtc } from "@/lib/dates";

Import map: aliased to relative './src/components/calendar-view' inside of [project]/

https://nextjs.org/docs/messages/module-not-found @ http://localhost:3000/_next/static/chunks/node_modules_next_dist_1e8vcs8._.js:1052
[  568251ms] [ERROR] ./src/app/(workspace)/kalender/page.tsx:2:1
Error: Module not found: Can't resolve '@/components/calendar-view'
  1 | import type { Metadata } from "next";
> 2 | import { CalendarView } from "@/components/calendar-view";
    | ^^^^^^^^^^^^^^^^^^^^^^^^^^^^^^^^^^^^^^^^^^^^^^^^^^^^^^^^^^
  3 | import { getCalendarEvents } from "@/backend/services/queries";
  4 | import { getPreferences } from "@/backend/services/preferences";
  5 | import { monthRangeUtc } from "@/lib/dates";

Import map: aliased to relative './src/components/calendar-view' inside of [project]/

https://nextjs.org/docs/messages/module-not-found @ http://localhost:3000/_next/static/chunks/node_modules_next_dist_1e8vcs8._.js:1052
[  568948ms] [ERROR] ./src/app/(workspace)/kalender/page.tsx:2:1
Error: Module not found: Can't resolve '@/components/calendar-view'
  1 | import type { Metadata } from "next";
> 2 | import { CalendarView } from "@/components/calendar-view";
    | ^^^^^^^^^^^^^^^^^^^^^^^^^^^^^^^^^^^^^^^^^^^^^^^^^^^^^^^^^^
  3 | import { getCalendarEvents } from "@/backend/services/queries";
  4 | import { getPreferences } from "@/backend/services/preferences";
  5 | import { monthRangeUtc } from "@/lib/dates";

Import map: aliased to relative './src/components/calendar-view' inside of [project]/

https://nextjs.org/docs/messages/module-not-found @ http://localhost:3000/_next/static/chunks/node_modules_next_dist_1e8vcs8._.js:1052
[  569018ms] [ERROR] ./src/app/(workspace)/kalender/page.tsx:2:1
Error: Module not found: Can't resolve '@/components/calendar-view'
  1 | import type { Metadata } from "next";
> 2 | import { CalendarView } from "@/components/calendar-view";
    | ^^^^^^^^^^^^^^^^^^^^^^^^^^^^^^^^^^^^^^^^^^^^^^^^^^^^^^^^^^
  3 | import { getCalendarEvents } from "@/backend/services/queries";
  4 | import { getPreferences } from "@/backend/services/preferences";
  5 | import { monthRangeUtc } from "@/lib/dates";

Import map: aliased to relative './src/components/calendar-view' inside of [project]/

https://nextjs.org/docs/messages/module-not-found @ http://localhost:3000/_next/static/chunks/node_modules_next_dist_1e8vcs8._.js:1052
[  569460ms] [ERROR] ./src/app/(workspace)/kalender/page.tsx:2:1
Error: Module not found: Can't resolve '@/components/calendar-view'
  1 | import type { Metadata } from "next";
> 2 | import { CalendarView } from "@/components/calendar-view";
    | ^^^^^^^^^^^^^^^^^^^^^^^^^^^^^^^^^^^^^^^^^^^^^^^^^^^^^^^^^^
  3 | import { getCalendarEvents } from "@/backend/services/queries";
  4 | import { getPreferences } from "@/backend/services/preferences";
  5 | import { monthRangeUtc } from "@/lib/dates";

Import map: aliased to relative './src/components/calendar-view' inside of [project]/

https://nextjs.org/docs/messages/module-not-found @ http://localhost:3000/_next/static/chunks/node_modules_next_dist_1e8vcs8._.js:1052
[  569517ms] [ERROR] ./src/app/(workspace)/kalender/page.tsx:2:1
Error: Module not found: Can't resolve '@/components/calendar-view'
  1 | import type { Metadata } from "next";
> 2 | import { CalendarView } from "@/components/calendar-view";
    | ^^^^^^^^^^^^^^^^^^^^^^^^^^^^^^^^^^^^^^^^^^^^^^^^^^^^^^^^^^
  3 | import { getCalendarEvents } from "@/backend/services/queries";
  4 | import { getPreferences } from "@/backend/services/preferences";
  5 | import { monthRangeUtc } from "@/lib/dates";

Import map: aliased to relative './src/components/calendar-view' inside of [project]/

https://nextjs.org/docs/messages/module-not-found @ http://localhost:3000/_next/static/chunks/node_modules_next_dist_1e8vcs8._.js:1052
[  569594ms] [ERROR] ./src/app/(workspace)/kalender/page.tsx:2:1
Error: Module not found: Can't resolve '@/components/calendar-view'
  1 | import type { Metadata } from "next";
> 2 | import { CalendarView } from "@/components/calendar-view";
    | ^^^^^^^^^^^^^^^^^^^^^^^^^^^^^^^^^^^^^^^^^^^^^^^^^^^^^^^^^^
  3 | import { getCalendarEvents } from "@/backend/services/queries";
  4 | import { getPreferences } from "@/backend/services/preferences";
  5 | import { monthRangeUtc } from "@/lib/dates";

Import map: aliased to relative './src/components/calendar-view' inside of [project]/

https://nextjs.org/docs/messages/module-not-found @ http://localhost:3000/_next/static/chunks/node_modules_next_dist_1e8vcs8._.js:1052
[  570150ms] [ERROR] ./src/app/(workspace)/kalender/page.tsx:2:1
Error: Module not found: Can't resolve '@/components/calendar-view'
  1 | import type { Metadata } from "next";
> 2 | import { CalendarView } from "@/components/calendar-view";
    | ^^^^^^^^^^^^^^^^^^^^^^^^^^^^^^^^^^^^^^^^^^^^^^^^^^^^^^^^^^
  3 | import { getCalendarEvents } from "@/backend/services/queries";
  4 | import { getPreferences } from "@/backend/services/preferences";
  5 | import { monthRangeUtc } from "@/lib/dates";

Import map: aliased to relative './src/components/calendar-view' inside of [project]/

https://nextjs.org/docs/messages/module-not-found @ http://localhost:3000/_next/static/chunks/node_modules_next_dist_1e8vcs8._.js:1052
[  570214ms] [ERROR] ./src/app/(workspace)/kalender/page.tsx:2:1
Error: Module not found: Can't resolve '@/components/calendar-view'
  1 | import type { Metadata } from "next";
> 2 | import { CalendarView } from "@/components/calendar-view";
    | ^^^^^^^^^^^^^^^^^^^^^^^^^^^^^^^^^^^^^^^^^^^^^^^^^^^^^^^^^^
  3 | import { getCalendarEvents } from "@/backend/services/queries";
  4 | import { getPreferences } from "@/backend/services/preferences";
  5 | import { monthRangeUtc } from "@/lib/dates";

Import map: aliased to relative './src/components/calendar-view' inside of [project]/

https://nextjs.org/docs/messages/module-not-found @ http://localhost:3000/_next/static/chunks/node_modules_next_dist_1e8vcs8._.js:1052
[  570576ms] [ERROR] ./src/app/(workspace)/kalender/page.tsx:2:1
Error: Module not found: Can't resolve '@/components/calendar-view'
  1 | import type { Metadata } from "next";
> 2 | import { CalendarView } from "@/components/calendar-view";
    | ^^^^^^^^^^^^^^^^^^^^^^^^^^^^^^^^^^^^^^^^^^^^^^^^^^^^^^^^^^
  3 | import { getCalendarEvents } from "@/backend/services/queries";
  4 | import { getPreferences } from "@/backend/services/preferences";
  5 | import { monthRangeUtc } from "@/lib/dates";

Import map: aliased to relative './src/components/calendar-view' inside of [project]/

https://nextjs.org/docs/messages/module-not-found @ http://localhost:3000/_next/static/chunks/node_modules_next_dist_1e8vcs8._.js:1052
[  570639ms] [ERROR] ./src/app/(workspace)/kalender/page.tsx:2:1
Error: Module not found: Can't resolve '@/components/calendar-view'
  1 | import type { Metadata } from "next";
> 2 | import { CalendarView } from "@/components/calendar-view";
    | ^^^^^^^^^^^^^^^^^^^^^^^^^^^^^^^^^^^^^^^^^^^^^^^^^^^^^^^^^^
  3 | import { getCalendarEvents } from "@/backend/services/queries";
  4 | import { getPreferences } from "@/backend/services/preferences";
  5 | import { monthRangeUtc } from "@/lib/dates";

Import map: aliased to relative './src/components/calendar-view' inside of [project]/

https://nextjs.org/docs/messages/module-not-found @ http://localhost:3000/_next/static/chunks/node_modules_next_dist_1e8vcs8._.js:1052
[  570723ms] [ERROR] ./src/app/(workspace)/kalender/page.tsx:2:1
Error: Module not found: Can't resolve '@/components/calendar-view'
  1 | import type { Metadata } from "next";
> 2 | import { CalendarView } from "@/components/calendar-view";
    | ^^^^^^^^^^^^^^^^^^^^^^^^^^^^^^^^^^^^^^^^^^^^^^^^^^^^^^^^^^
  3 | import { getCalendarEvents } from "@/backend/services/queries";
  4 | import { getPreferences } from "@/backend/services/preferences";
  5 | import { monthRangeUtc } from "@/lib/dates";

Import map: aliased to relative './src/components/calendar-view' inside of [project]/

https://nextjs.org/docs/messages/module-not-found @ http://localhost:3000/_next/static/chunks/node_modules_next_dist_1e8vcs8._.js:1052
[  571367ms] [ERROR] ./src/app/(workspace)/kalender/page.tsx:2:1
Error: Module not found: Can't resolve '@/components/calendar-view'
  1 | import type { Metadata } from "next";
> 2 | import { CalendarView } from "@/components/calendar-view";
    | ^^^^^^^^^^^^^^^^^^^^^^^^^^^^^^^^^^^^^^^^^^^^^^^^^^^^^^^^^^
  3 | import { getCalendarEvents } from "@/backend/services/queries";
  4 | import { getPreferences } from "@/backend/services/preferences";
  5 | import { monthRangeUtc } from "@/lib/dates";

Import map: aliased to relative './src/components/calendar-view' inside of [project]/

https://nextjs.org/docs/messages/module-not-found @ http://localhost:3000/_next/static/chunks/node_modules_next_dist_1e8vcs8._.js:1052
[  571456ms] [ERROR] ./src/app/(workspace)/kalender/page.tsx:2:1
Error: Module not found: Can't resolve '@/components/calendar-view'
  1 | import type { Metadata } from "next";
> 2 | import { CalendarView } from "@/components/calendar-view";
    | ^^^^^^^^^^^^^^^^^^^^^^^^^^^^^^^^^^^^^^^^^^^^^^^^^^^^^^^^^^
  3 | import { getCalendarEvents } from "@/backend/services/queries";
  4 | import { getPreferences } from "@/backend/services/preferences";
  5 | import { monthRangeUtc } from "@/lib/dates";

Import map: aliased to relative './src/components/calendar-view' inside of [project]/

https://nextjs.org/docs/messages/module-not-found @ http://localhost:3000/_next/static/chunks/node_modules_next_dist_1e8vcs8._.js:1052
[  571755ms] [ERROR] ./src/app/(workspace)/kalender/page.tsx:2:1
Error: Module not found: Can't resolve '@/components/calendar-view'
  1 | import type { Metadata } from "next";
> 2 | import { CalendarView } from "@/components/calendar-view";
    | ^^^^^^^^^^^^^^^^^^^^^^^^^^^^^^^^^^^^^^^^^^^^^^^^^^^^^^^^^^
  3 | import { getCalendarEvents } from "@/backend/services/queries";
  4 | import { getPreferences } from "@/backend/services/preferences";
  5 | import { monthRangeUtc } from "@/lib/dates";

Import map: aliased to relative './src/components/calendar-view' inside of [project]/

https://nextjs.org/docs/messages/module-not-found @ http://localhost:3000/_next/static/chunks/node_modules_next_dist_1e8vcs8._.js:1052
[  571822ms] [ERROR] ./src/app/(workspace)/kalender/page.tsx:2:1
Error: Module not found: Can't resolve '@/components/calendar-view'
  1 | import type { Metadata } from "next";
> 2 | import { CalendarView } from "@/components/calendar-view";
    | ^^^^^^^^^^^^^^^^^^^^^^^^^^^^^^^^^^^^^^^^^^^^^^^^^^^^^^^^^^
  3 | import { getCalendarEvents } from "@/backend/services/queries";
  4 | import { getPreferences } from "@/backend/services/preferences";
  5 | import { monthRangeUtc } from "@/lib/dates";

Import map: aliased to relative './src/components/calendar-view' inside of [project]/

https://nextjs.org/docs/messages/module-not-found @ http://localhost:3000/_next/static/chunks/node_modules_next_dist_1e8vcs8._.js:1052
[  571884ms] [ERROR] ./src/app/(workspace)/kalender/page.tsx:2:1
Error: Module not found: Can't resolve '@/components/calendar-view'
  1 | import type { Metadata } from "next";
> 2 | import { CalendarView } from "@/components/calendar-view";
    | ^^^^^^^^^^^^^^^^^^^^^^^^^^^^^^^^^^^^^^^^^^^^^^^^^^^^^^^^^^
  3 | import { getCalendarEvents } from "@/backend/services/queries";
  4 | import { getPreferences } from "@/backend/services/preferences";
  5 | import { monthRangeUtc } from "@/lib/dates";

Import map: aliased to relative './src/components/calendar-view' inside of [project]/

https://nextjs.org/docs/messages/module-not-found @ http://localhost:3000/_next/static/chunks/node_modules_next_dist_1e8vcs8._.js:1052
[  572417ms] [ERROR] ./src/app/(workspace)/kalender/page.tsx:2:1
Error: Module not found: Can't resolve '@/components/calendar-view'
  1 | import type { Metadata } from "next";
> 2 | import { CalendarView } from "@/components/calendar-view";
    | ^^^^^^^^^^^^^^^^^^^^^^^^^^^^^^^^^^^^^^^^^^^^^^^^^^^^^^^^^^
  3 | import { getCalendarEvents } from "@/backend/services/queries";
  4 | import { getPreferences } from "@/backend/services/preferences";
  5 | import { monthRangeUtc } from "@/lib/dates";

Import map: aliased to relative './src/components/calendar-view' inside of [project]/

https://nextjs.org/docs/messages/module-not-found @ http://localhost:3000/_next/static/chunks/node_modules_next_dist_1e8vcs8._.js:1052
[  572962ms] [ERROR] ./src/app/(workspace)/kalender/page.tsx:2:1
Error: Module not found: Can't resolve '@/components/calendar-view'
  1 | import type { Metadata } from "next";
> 2 | import { CalendarView } from "@/components/calendar-view";
    | ^^^^^^^^^^^^^^^^^^^^^^^^^^^^^^^^^^^^^^^^^^^^^^^^^^^^^^^^^^
  3 | import { getCalendarEvents } from "@/backend/services/queries";
  4 | import { getPreferences } from "@/backend/services/preferences";
  5 | import { monthRangeUtc } from "@/lib/dates";

Import map: aliased to relative './src/components/calendar-view' inside of [project]/

https://nextjs.org/docs/messages/module-not-found @ http://localhost:3000/_next/static/chunks/node_modules_next_dist_1e8vcs8._.js:1052
[  573021ms] [ERROR] ./src/app/(workspace)/kalender/page.tsx:2:1
Error: Module not found: Can't resolve '@/components/calendar-view'
  1 | import type { Metadata } from "next";
> 2 | import { CalendarView } from "@/components/calendar-view";
    | ^^^^^^^^^^^^^^^^^^^^^^^^^^^^^^^^^^^^^^^^^^^^^^^^^^^^^^^^^^
  3 | import { getCalendarEvents } from "@/backend/services/queries";
  4 | import { getPreferences } from "@/backend/services/preferences";
  5 | import { monthRangeUtc } from "@/lib/dates";

Import map: aliased to relative './src/components/calendar-view' inside of [project]/

https://nextjs.org/docs/messages/module-not-found @ http://localhost:3000/_next/static/chunks/node_modules_next_dist_1e8vcs8._.js:1052
[  573082ms] [ERROR] ./src/app/(workspace)/kalender/page.tsx:2:1
Error: Module not found: Can't resolve '@/components/calendar-view'
  1 | import type { Metadata } from "next";
> 2 | import { CalendarView } from "@/components/calendar-view";
    | ^^^^^^^^^^^^^^^^^^^^^^^^^^^^^^^^^^^^^^^^^^^^^^^^^^^^^^^^^^
  3 | import { getCalendarEvents } from "@/backend/services/queries";
  4 | import { getPreferences } from "@/backend/services/preferences";
  5 | import { monthRangeUtc } from "@/lib/dates";

Import map: aliased to relative './src/components/calendar-view' inside of [project]/

https://nextjs.org/docs/messages/module-not-found @ http://localhost:3000/_next/static/chunks/node_modules_next_dist_1e8vcs8._.js:1052
[  573370ms] [ERROR] ./src/app/(workspace)/kalender/page.tsx:2:1
Error: Module not found: Can't resolve '@/components/calendar-view'
  1 | import type { Metadata } from "next";
> 2 | import { CalendarView } from "@/components/calendar-view";
    | ^^^^^^^^^^^^^^^^^^^^^^^^^^^^^^^^^^^^^^^^^^^^^^^^^^^^^^^^^^
  3 | import { getCalendarEvents } from "@/backend/services/queries";
  4 | import { getPreferences } from "@/backend/services/preferences";
  5 | import { monthRangeUtc } from "@/lib/dates";

Import map: aliased to relative './src/components/calendar-view' inside of [project]/

https://nextjs.org/docs/messages/module-not-found @ http://localhost:3000/_next/static/chunks/node_modules_next_dist_1e8vcs8._.js:1052
[  573876ms] [ERROR] ./src/app/(workspace)/kalender/page.tsx:2:1
Error: Module not found: Can't resolve '@/components/calendar-view'
  1 | import type { Metadata } from "next";
> 2 | import { CalendarView } from "@/components/calendar-view";
    | ^^^^^^^^^^^^^^^^^^^^^^^^^^^^^^^^^^^^^^^^^^^^^^^^^^^^^^^^^^
  3 | import { getCalendarEvents } from "@/backend/services/queries";
  4 | import { getPreferences } from "@/backend/services/preferences";
  5 | import { monthRangeUtc } from "@/lib/dates";

Import map: aliased to relative './src/components/calendar-view' inside of [project]/

https://nextjs.org/docs/messages/module-not-found @ http://localhost:3000/_next/static/chunks/node_modules_next_dist_1e8vcs8._.js:1052
[  573936ms] [ERROR] ./src/app/(workspace)/kalender/page.tsx:2:1
Error: Module not found: Can't resolve '@/components/calendar-view'
  1 | import type { Metadata } from "next";
> 2 | import { CalendarView } from "@/components/calendar-view";
    | ^^^^^^^^^^^^^^^^^^^^^^^^^^^^^^^^^^^^^^^^^^^^^^^^^^^^^^^^^^
  3 | import { getCalendarEvents } from "@/backend/services/queries";
  4 | import { getPreferences } from "@/backend/services/preferences";
  5 | import { monthRangeUtc } from "@/lib/dates";

Import map: aliased to relative './src/components/calendar-view' inside of [project]/

https://nextjs.org/docs/messages/module-not-found @ http://localhost:3000/_next/static/chunks/node_modules_next_dist_1e8vcs8._.js:1052
[  573996ms] [ERROR] ./src/app/(workspace)/kalender/page.tsx:2:1
Error: Module not found: Can't resolve '@/components/calendar-view'
  1 | import type { Metadata } from "next";
> 2 | import { CalendarView } from "@/components/calendar-view";
    | ^^^^^^^^^^^^^^^^^^^^^^^^^^^^^^^^^^^^^^^^^^^^^^^^^^^^^^^^^^
  3 | import { getCalendarEvents } from "@/backend/services/queries";
  4 | import { getPreferences } from "@/backend/services/preferences";
  5 | import { monthRangeUtc } from "@/lib/dates";

Import map: aliased to relative './src/components/calendar-view' inside of [project]/

https://nextjs.org/docs/messages/module-not-found @ http://localhost:3000/_next/static/chunks/node_modules_next_dist_1e8vcs8._.js:1052
[  574275ms] [ERROR] ./src/app/(workspace)/kalender/page.tsx:2:1
Error: Module not found: Can't resolve '@/components/calendar-view'
  1 | import type { Metadata } from "next";
> 2 | import { CalendarView } from "@/components/calendar-view";
    | ^^^^^^^^^^^^^^^^^^^^^^^^^^^^^^^^^^^^^^^^^^^^^^^^^^^^^^^^^^
  3 | import { getCalendarEvents } from "@/backend/services/queries";
  4 | import { getPreferences } from "@/backend/services/preferences";
  5 | import { monthRangeUtc } from "@/lib/dates";

Import map: aliased to relative './src/components/calendar-view' inside of [project]/

https://nextjs.org/docs/messages/module-not-found @ http://localhost:3000/_next/static/chunks/node_modules_next_dist_1e8vcs8._.js:1052
[  574499ms] [ERROR] ./src/app/(workspace)/kalender/page.tsx:2:1
Error: Module not found: Can't resolve '@/components/calendar-view'
  1 | import type { Metadata } from "next";
> 2 | import { CalendarView } from "@/components/calendar-view";
    | ^^^^^^^^^^^^^^^^^^^^^^^^^^^^^^^^^^^^^^^^^^^^^^^^^^^^^^^^^^
  3 | import { getCalendarEvents } from "@/backend/services/queries";
  4 | import { getPreferences } from "@/backend/services/preferences";
  5 | import { monthRangeUtc } from "@/lib/dates";

Import map: aliased to relative './src/components/calendar-view' inside of [project]/

https://nextjs.org/docs/messages/module-not-found @ http://localhost:3000/_next/static/chunks/node_modules_next_dist_1e8vcs8._.js:1052
[  574963ms] [ERROR] ./src/app/(workspace)/kalender/page.tsx:2:1
Error: Module not found: Can't resolve '@/components/calendar-view'
  1 | import type { Metadata } from "next";
> 2 | import { CalendarView } from "@/components/calendar-view";
    | ^^^^^^^^^^^^^^^^^^^^^^^^^^^^^^^^^^^^^^^^^^^^^^^^^^^^^^^^^^
  3 | import { getCalendarEvents } from "@/backend/services/queries";
  4 | import { getPreferences } from "@/backend/services/preferences";
  5 | import { monthRangeUtc } from "@/lib/dates";

Import map: aliased to relative './src/components/calendar-view' inside of [project]/

https://nextjs.org/docs/messages/module-not-found @ http://localhost:3000/_next/static/chunks/node_modules_next_dist_1e8vcs8._.js:1052
[  575027ms] [ERROR] ./src/app/(workspace)/kalender/page.tsx:2:1
Error: Module not found: Can't resolve '@/components/calendar-view'
  1 | import type { Metadata } from "next";
> 2 | import { CalendarView } from "@/components/calendar-view";
    | ^^^^^^^^^^^^^^^^^^^^^^^^^^^^^^^^^^^^^^^^^^^^^^^^^^^^^^^^^^
  3 | import { getCalendarEvents } from "@/backend/services/queries";
  4 | import { getPreferences } from "@/backend/services/preferences";
  5 | import { monthRangeUtc } from "@/lib/dates";

Import map: aliased to relative './src/components/calendar-view' inside of [project]/

https://nextjs.org/docs/messages/module-not-found @ http://localhost:3000/_next/static/chunks/node_modules_next_dist_1e8vcs8._.js:1052
[  575090ms] [ERROR] ./src/app/(workspace)/kalender/page.tsx:2:1
Error: Module not found: Can't resolve '@/components/calendar-view'
  1 | import type { Metadata } from "next";
> 2 | import { CalendarView } from "@/components/calendar-view";
    | ^^^^^^^^^^^^^^^^^^^^^^^^^^^^^^^^^^^^^^^^^^^^^^^^^^^^^^^^^^
  3 | import { getCalendarEvents } from "@/backend/services/queries";
  4 | import { getPreferences } from "@/backend/services/preferences";
  5 | import { monthRangeUtc } from "@/lib/dates";

Import map: aliased to relative './src/components/calendar-view' inside of [project]/

https://nextjs.org/docs/messages/module-not-found @ http://localhost:3000/_next/static/chunks/node_modules_next_dist_1e8vcs8._.js:1052
[  575586ms] [ERROR] ./src/app/(workspace)/kalender/page.tsx:2:1
Error: Module not found: Can't resolve '@/components/calendar-view'
  1 | import type { Metadata } from "next";
> 2 | import { CalendarView } from "@/components/calendar-view";
    | ^^^^^^^^^^^^^^^^^^^^^^^^^^^^^^^^^^^^^^^^^^^^^^^^^^^^^^^^^^
  3 | import { getCalendarEvents } from "@/backend/services/queries";
  4 | import { getPreferences } from "@/backend/services/preferences";
  5 | import { monthRangeUtc } from "@/lib/dates";

Import map: aliased to relative './src/components/calendar-view' inside of [project]/

https://nextjs.org/docs/messages/module-not-found @ http://localhost:3000/_next/static/chunks/node_modules_next_dist_1e8vcs8._.js:1052
[  575644ms] [ERROR] ./src/app/(workspace)/kalender/page.tsx:2:1
Error: Module not found: Can't resolve '@/components/calendar-view'
  1 | import type { Metadata } from "next";
> 2 | import { CalendarView } from "@/components/calendar-view";
    | ^^^^^^^^^^^^^^^^^^^^^^^^^^^^^^^^^^^^^^^^^^^^^^^^^^^^^^^^^^
  3 | import { getCalendarEvents } from "@/backend/services/queries";
  4 | import { getPreferences } from "@/backend/services/preferences";
  5 | import { monthRangeUtc } from "@/lib/dates";

Import map: aliased to relative './src/components/calendar-view' inside of [project]/

https://nextjs.org/docs/messages/module-not-found @ http://localhost:3000/_next/static/chunks/node_modules_next_dist_1e8vcs8._.js:1052
[  575707ms] [ERROR] ./src/app/(workspace)/kalender/page.tsx:2:1
Error: Module not found: Can't resolve '@/components/calendar-view'
  1 | import type { Metadata } from "next";
> 2 | import { CalendarView } from "@/components/calendar-view";
    | ^^^^^^^^^^^^^^^^^^^^^^^^^^^^^^^^^^^^^^^^^^^^^^^^^^^^^^^^^^
  3 | import { getCalendarEvents } from "@/backend/services/queries";
  4 | import { getPreferences } from "@/backend/services/preferences";
  5 | import { monthRangeUtc } from "@/lib/dates";

Import map: aliased to relative './src/components/calendar-view' inside of [project]/

https://nextjs.org/docs/messages/module-not-found @ http://localhost:3000/_next/static/chunks/node_modules_next_dist_1e8vcs8._.js:1052
[  576036ms] [ERROR] ./src/app/(workspace)/kalender/page.tsx:2:1
Error: Module not found: Can't resolve '@/components/calendar-view'
  1 | import type { Metadata } from "next";
> 2 | import { CalendarView } from "@/components/calendar-view";
    | ^^^^^^^^^^^^^^^^^^^^^^^^^^^^^^^^^^^^^^^^^^^^^^^^^^^^^^^^^^
  3 | import { getCalendarEvents } from "@/backend/services/queries";
  4 | import { getPreferences } from "@/backend/services/preferences";
  5 | import { monthRangeUtc } from "@/lib/dates";

Import map: aliased to relative './src/components/calendar-view' inside of [project]/

https://nextjs.org/docs/messages/module-not-found @ http://localhost:3000/_next/static/chunks/node_modules_next_dist_1e8vcs8._.js:1052
[  576291ms] [ERROR] ./src/app/(workspace)/kalender/page.tsx:2:1
Error: Module not found: Can't resolve '@/components/calendar-view'
  1 | import type { Metadata } from "next";
> 2 | import { CalendarView } from "@/components/calendar-view";
    | ^^^^^^^^^^^^^^^^^^^^^^^^^^^^^^^^^^^^^^^^^^^^^^^^^^^^^^^^^^
  3 | import { getCalendarEvents } from "@/backend/services/queries";
  4 | import { getPreferences } from "@/backend/services/preferences";
  5 | import { monthRangeUtc } from "@/lib/dates";

Import map: aliased to relative './src/components/calendar-view' inside of [project]/

https://nextjs.org/docs/messages/module-not-found @ http://localhost:3000/_next/static/chunks/node_modules_next_dist_1e8vcs8._.js:1052
[  576593ms] [ERROR] ./src/app/(workspace)/kalender/page.tsx:2:1
Error: Module not found: Can't resolve '@/components/calendar-view'
  1 | import type { Metadata } from "next";
> 2 | import { CalendarView } from "@/components/calendar-view";
    | ^^^^^^^^^^^^^^^^^^^^^^^^^^^^^^^^^^^^^^^^^^^^^^^^^^^^^^^^^^
  3 | import { getCalendarEvents } from "@/backend/services/queries";
  4 | import { getPreferences } from "@/backend/services/preferences";
  5 | import { monthRangeUtc } from "@/lib/dates";

Import map: aliased to relative './src/components/calendar-view' inside of [project]/

https://nextjs.org/docs/messages/module-not-found @ http://localhost:3000/_next/static/chunks/node_modules_next_dist_1e8vcs8._.js:1052
[  576843ms] [ERROR] ./src/app/(workspace)/kalender/page.tsx:2:1
Error: Module not found: Can't resolve '@/components/calendar-view'
  1 | import type { Metadata } from "next";
> 2 | import { CalendarView } from "@/components/calendar-view";
    | ^^^^^^^^^^^^^^^^^^^^^^^^^^^^^^^^^^^^^^^^^^^^^^^^^^^^^^^^^^
  3 | import { getCalendarEvents } from "@/backend/services/queries";
  4 | import { getPreferences } from "@/backend/services/preferences";
  5 | import { monthRangeUtc } from "@/lib/dates";

Import map: aliased to relative './src/components/calendar-view' inside of [project]/

https://nextjs.org/docs/messages/module-not-found @ http://localhost:3000/_next/static/chunks/node_modules_next_dist_1e8vcs8._.js:1052
[  577105ms] [ERROR] ./src/app/(workspace)/kalender/page.tsx:2:1
Error: Module not found: Can't resolve '@/components/calendar-view'
  1 | import type { Metadata } from "next";
> 2 | import { CalendarView } from "@/components/calendar-view";
    | ^^^^^^^^^^^^^^^^^^^^^^^^^^^^^^^^^^^^^^^^^^^^^^^^^^^^^^^^^^
  3 | import { getCalendarEvents } from "@/backend/services/queries";
  4 | import { getPreferences } from "@/backend/services/preferences";
  5 | import { monthRangeUtc } from "@/lib/dates";

Import map: aliased to relative './src/components/calendar-view' inside of [project]/

https://nextjs.org/docs/messages/module-not-found @ http://localhost:3000/_next/static/chunks/node_modules_next_dist_1e8vcs8._.js:1052
[  577371ms] [ERROR] ./src/app/(workspace)/kalender/page.tsx:2:1
Error: Module not found: Can't resolve '@/components/calendar-view'
  1 | import type { Metadata } from "next";
> 2 | import { CalendarView } from "@/components/calendar-view";
    | ^^^^^^^^^^^^^^^^^^^^^^^^^^^^^^^^^^^^^^^^^^^^^^^^^^^^^^^^^^
  3 | import { getCalendarEvents } from "@/backend/services/queries";
  4 | import { getPreferences } from "@/backend/services/preferences";
  5 | import { monthRangeUtc } from "@/lib/dates";

Import map: aliased to relative './src/components/calendar-view' inside of [project]/

https://nextjs.org/docs/messages/module-not-found @ http://localhost:3000/_next/static/chunks/node_modules_next_dist_1e8vcs8._.js:1052
[  577637ms] [ERROR] ./src/app/(workspace)/kalender/page.tsx:2:1
Error: Module not found: Can't resolve '@/components/calendar-view'
  1 | import type { Metadata } from "next";
> 2 | import { CalendarView } from "@/components/calendar-view";
    | ^^^^^^^^^^^^^^^^^^^^^^^^^^^^^^^^^^^^^^^^^^^^^^^^^^^^^^^^^^
  3 | import { getCalendarEvents } from "@/backend/services/queries";
  4 | import { getPreferences } from "@/backend/services/preferences";
  5 | import { monthRangeUtc } from "@/lib/dates";

Import map: aliased to relative './src/components/calendar-view' inside of [project]/

https://nextjs.org/docs/messages/module-not-found @ http://localhost:3000/_next/static/chunks/node_modules_next_dist_1e8vcs8._.js:1052
[  577971ms] [ERROR] ./src/app/(workspace)/kalender/page.tsx:2:1
Error: Module not found: Can't resolve '@/components/calendar-view'
  1 | import type { Metadata } from "next";
> 2 | import { CalendarView } from "@/components/calendar-view";
    | ^^^^^^^^^^^^^^^^^^^^^^^^^^^^^^^^^^^^^^^^^^^^^^^^^^^^^^^^^^
  3 | import { getCalendarEvents } from "@/backend/services/queries";
  4 | import { getPreferences } from "@/backend/services/preferences";
  5 | import { monthRangeUtc } from "@/lib/dates";

Import map: aliased to relative './src/components/calendar-view' inside of [project]/

https://nextjs.org/docs/messages/module-not-found @ http://localhost:3000/_next/static/chunks/node_modules_next_dist_1e8vcs8._.js:1052
[  578296ms] [ERROR] ./src/app/(workspace)/kalender/page.tsx:2:1
Error: Module not found: Can't resolve '@/components/calendar-view'
  1 | import type { Metadata } from "next";
> 2 | import { CalendarView } from "@/components/calendar-view";
    | ^^^^^^^^^^^^^^^^^^^^^^^^^^^^^^^^^^^^^^^^^^^^^^^^^^^^^^^^^^
  3 | import { getCalendarEvents } from "@/backend/services/queries";
  4 | import { getPreferences } from "@/backend/services/preferences";
  5 | import { monthRangeUtc } from "@/lib/dates";

Import map: aliased to relative './src/components/calendar-view' inside of [project]/

https://nextjs.org/docs/messages/module-not-found @ http://localhost:3000/_next/static/chunks/node_modules_next_dist_1e8vcs8._.js:1052
[  578898ms] [ERROR] ./src/app/(workspace)/kalender/page.tsx:2:1
Error: Module not found: Can't resolve '@/components/calendar-view'
  1 | import type { Metadata } from "next";
> 2 | import { CalendarView } from "@/components/calendar-view";
    | ^^^^^^^^^^^^^^^^^^^^^^^^^^^^^^^^^^^^^^^^^^^^^^^^^^^^^^^^^^
  3 | import { getCalendarEvents } from "@/backend/services/queries";
  4 | import { getPreferences } from "@/backend/services/preferences";
  5 | import { monthRangeUtc } from "@/lib/dates";

Import map: aliased to relative './src/components/calendar-view' inside of [project]/

https://nextjs.org/docs/messages/module-not-found @ http://localhost:3000/_next/static/chunks/node_modules_next_dist_1e8vcs8._.js:1052
[  578958ms] [ERROR] ./src/app/(workspace)/kalender/page.tsx:2:1
Error: Module not found: Can't resolve '@/components/calendar-view'
  1 | import type { Metadata } from "next";
> 2 | import { CalendarView } from "@/components/calendar-view";
    | ^^^^^^^^^^^^^^^^^^^^^^^^^^^^^^^^^^^^^^^^^^^^^^^^^^^^^^^^^^
  3 | import { getCalendarEvents } from "@/backend/services/queries";
  4 | import { getPreferences } from "@/backend/services/preferences";
  5 | import { monthRangeUtc } from "@/lib/dates";

Import map: aliased to relative './src/components/calendar-view' inside of [project]/

https://nextjs.org/docs/messages/module-not-found @ http://localhost:3000/_next/static/chunks/node_modules_next_dist_1e8vcs8._.js:1052
[  579023ms] [ERROR] ./src/app/(workspace)/kalender/page.tsx:2:1
Error: Module not found: Can't resolve '@/components/calendar-view'
  1 | import type { Metadata } from "next";
> 2 | import { CalendarView } from "@/components/calendar-view";
    | ^^^^^^^^^^^^^^^^^^^^^^^^^^^^^^^^^^^^^^^^^^^^^^^^^^^^^^^^^^
  3 | import { getCalendarEvents } from "@/backend/services/queries";
  4 | import { getPreferences } from "@/backend/services/preferences";
  5 | import { monthRangeUtc } from "@/lib/dates";

Import map: aliased to relative './src/components/calendar-view' inside of [project]/

https://nextjs.org/docs/messages/module-not-found @ http://localhost:3000/_next/static/chunks/node_modules_next_dist_1e8vcs8._.js:1052
[  579406ms] [ERROR] ./src/app/(workspace)/kalender/page.tsx:2:1
Error: Module not found: Can't resolve '@/components/calendar-view'
  1 | import type { Metadata } from "next";
> 2 | import { CalendarView } from "@/components/calendar-view";
    | ^^^^^^^^^^^^^^^^^^^^^^^^^^^^^^^^^^^^^^^^^^^^^^^^^^^^^^^^^^
  3 | import { getCalendarEvents } from "@/backend/services/queries";
  4 | import { getPreferences } from "@/backend/services/preferences";
  5 | import { monthRangeUtc } from "@/lib/dates";

Import map: aliased to relative './src/components/calendar-view' inside of [project]/

https://nextjs.org/docs/messages/module-not-found @ http://localhost:3000/_next/static/chunks/node_modules_next_dist_1e8vcs8._.js:1052
[  579811ms] [ERROR] ./src/app/(workspace)/kalender/page.tsx:2:1
Error: Module not found: Can't resolve '@/components/calendar-view'
  1 | import type { Metadata } from "next";
> 2 | import { CalendarView } from "@/components/calendar-view";
    | ^^^^^^^^^^^^^^^^^^^^^^^^^^^^^^^^^^^^^^^^^^^^^^^^^^^^^^^^^^
  3 | import { getCalendarEvents } from "@/backend/services/queries";
  4 | import { getPreferences } from "@/backend/services/preferences";
  5 | import { monthRangeUtc } from "@/lib/dates";

Import map: aliased to relative './src/components/calendar-view' inside of [project]/

https://nextjs.org/docs/messages/module-not-found @ http://localhost:3000/_next/static/chunks/node_modules_next_dist_1e8vcs8._.js:1052
[  580107ms] [ERROR] ./src/app/(workspace)/kalender/page.tsx:2:1
Error: Module not found: Can't resolve '@/components/calendar-view'
  1 | import type { Metadata } from "next";
> 2 | import { CalendarView } from "@/components/calendar-view";
    | ^^^^^^^^^^^^^^^^^^^^^^^^^^^^^^^^^^^^^^^^^^^^^^^^^^^^^^^^^^
  3 | import { getCalendarEvents } from "@/backend/services/queries";
  4 | import { getPreferences } from "@/backend/services/preferences";
  5 | import { monthRangeUtc } from "@/lib/dates";

Import map: aliased to relative './src/components/calendar-view' inside of [project]/

https://nextjs.org/docs/messages/module-not-found @ http://localhost:3000/_next/static/chunks/node_modules_next_dist_1e8vcs8._.js:1052
[  580404ms] [ERROR] ./src/app/(workspace)/kalender/page.tsx:2:1
Error: Module not found: Can't resolve '@/components/calendar-view'
  1 | import type { Metadata } from "next";
> 2 | import { CalendarView } from "@/components/calendar-view";
    | ^^^^^^^^^^^^^^^^^^^^^^^^^^^^^^^^^^^^^^^^^^^^^^^^^^^^^^^^^^
  3 | import { getCalendarEvents } from "@/backend/services/queries";
  4 | import { getPreferences } from "@/backend/services/preferences";
  5 | import { monthRangeUtc } from "@/lib/dates";

Import map: aliased to relative './src/components/calendar-view' inside of [project]/

https://nextjs.org/docs/messages/module-not-found @ http://localhost:3000/_next/static/chunks/node_modules_next_dist_1e8vcs8._.js:1052
[  580979ms] [ERROR] ./src/app/(workspace)/kalender/page.tsx:2:1
Error: Module not found: Can't resolve '@/components/calendar-view'
  1 | import type { Metadata } from "next";
> 2 | import { CalendarView } from "@/components/calendar-view";
    | ^^^^^^^^^^^^^^^^^^^^^^^^^^^^^^^^^^^^^^^^^^^^^^^^^^^^^^^^^^
  3 | import { getCalendarEvents } from "@/backend/services/queries";
  4 | import { getPreferences } from "@/backend/services/preferences";
  5 | import { monthRangeUtc } from "@/lib/dates";

Import map: aliased to relative './src/components/calendar-view' inside of [project]/

https://nextjs.org/docs/messages/module-not-found @ http://localhost:3000/_next/static/chunks/node_modules_next_dist_1e8vcs8._.js:1052
[  581052ms] [ERROR] ./src/app/(workspace)/kalender/page.tsx:2:1
Error: Module not found: Can't resolve '@/components/calendar-view'
  1 | import type { Metadata } from "next";
> 2 | import { CalendarView } from "@/components/calendar-view";
    | ^^^^^^^^^^^^^^^^^^^^^^^^^^^^^^^^^^^^^^^^^^^^^^^^^^^^^^^^^^
  3 | import { getCalendarEvents } from "@/backend/services/queries";
  4 | import { getPreferences } from "@/backend/services/preferences";
  5 | import { monthRangeUtc } from "@/lib/dates";

Import map: aliased to relative './src/components/calendar-view' inside of [project]/

https://nextjs.org/docs/messages/module-not-found @ http://localhost:3000/_next/static/chunks/node_modules_next_dist_1e8vcs8._.js:1052
[  581108ms] [ERROR] ./src/app/(workspace)/kalender/page.tsx:2:1
Error: Module not found: Can't resolve '@/components/calendar-view'
  1 | import type { Metadata } from "next";
> 2 | import { CalendarView } from "@/components/calendar-view";
    | ^^^^^^^^^^^^^^^^^^^^^^^^^^^^^^^^^^^^^^^^^^^^^^^^^^^^^^^^^^
  3 | import { getCalendarEvents } from "@/backend/services/queries";
  4 | import { getPreferences } from "@/backend/services/preferences";
  5 | import { monthRangeUtc } from "@/lib/dates";

Import map: aliased to relative './src/components/calendar-view' inside of [project]/

https://nextjs.org/docs/messages/module-not-found @ http://localhost:3000/_next/static/chunks/node_modules_next_dist_1e8vcs8._.js:1052
[  581385ms] [ERROR] ./src/app/(workspace)/kalender/page.tsx:2:1
Error: Module not found: Can't resolve '@/components/calendar-view'
  1 | import type { Metadata } from "next";
> 2 | import { CalendarView } from "@/components/calendar-view";
    | ^^^^^^^^^^^^^^^^^^^^^^^^^^^^^^^^^^^^^^^^^^^^^^^^^^^^^^^^^^
  3 | import { getCalendarEvents } from "@/backend/services/queries";
  4 | import { getPreferences } from "@/backend/services/preferences";
  5 | import { monthRangeUtc } from "@/lib/dates";

Import map: aliased to relative './src/components/calendar-view' inside of [project]/

https://nextjs.org/docs/messages/module-not-found @ http://localhost:3000/_next/static/chunks/node_modules_next_dist_1e8vcs8._.js:1052
[  581725ms] [ERROR] ./src/app/(workspace)/kalender/page.tsx:2:1
Error: Module not found: Can't resolve '@/components/calendar-view'
  1 | import type { Metadata } from "next";
> 2 | import { CalendarView } from "@/components/calendar-view";
    | ^^^^^^^^^^^^^^^^^^^^^^^^^^^^^^^^^^^^^^^^^^^^^^^^^^^^^^^^^^
  3 | import { getCalendarEvents } from "@/backend/services/queries";
  4 | import { getPreferences } from "@/backend/services/preferences";
  5 | import { monthRangeUtc } from "@/lib/dates";

Import map: aliased to relative './src/components/calendar-view' inside of [project]/

https://nextjs.org/docs/messages/module-not-found @ http://localhost:3000/_next/static/chunks/node_modules_next_dist_1e8vcs8._.js:1052
[  581792ms] [ERROR] ./src/app/(workspace)/kalender/page.tsx:2:1
Error: Module not found: Can't resolve '@/components/calendar-view'
  1 | import type { Metadata } from "next";
> 2 | import { CalendarView } from "@/components/calendar-view";
    | ^^^^^^^^^^^^^^^^^^^^^^^^^^^^^^^^^^^^^^^^^^^^^^^^^^^^^^^^^^
  3 | import { getCalendarEvents } from "@/backend/services/queries";
  4 | import { getPreferences } from "@/backend/services/preferences";
  5 | import { monthRangeUtc } from "@/lib/dates";

Import map: aliased to relative './src/components/calendar-view' inside of [project]/

https://nextjs.org/docs/messages/module-not-found @ http://localhost:3000/_next/static/chunks/node_modules_next_dist_1e8vcs8._.js:1052
[  582073ms] [ERROR] ./src/app/(workspace)/kalender/page.tsx:2:1
Error: Module not found: Can't resolve '@/components/calendar-view'
  1 | import type { Metadata } from "next";
> 2 | import { CalendarView } from "@/components/calendar-view";
    | ^^^^^^^^^^^^^^^^^^^^^^^^^^^^^^^^^^^^^^^^^^^^^^^^^^^^^^^^^^
  3 | import { getCalendarEvents } from "@/backend/services/queries";
  4 | import { getPreferences } from "@/backend/services/preferences";
  5 | import { monthRangeUtc } from "@/lib/dates";

Import map: aliased to relative './src/components/calendar-view' inside of [project]/

https://nextjs.org/docs/messages/module-not-found @ http://localhost:3000/_next/static/chunks/node_modules_next_dist_1e8vcs8._.js:1052
[  582396ms] [ERROR] ./src/app/(workspace)/kalender/page.tsx:2:1
Error: Module not found: Can't resolve '@/components/calendar-view'
  1 | import type { Metadata } from "next";
> 2 | import { CalendarView } from "@/components/calendar-view";
    | ^^^^^^^^^^^^^^^^^^^^^^^^^^^^^^^^^^^^^^^^^^^^^^^^^^^^^^^^^^
  3 | import { getCalendarEvents } from "@/backend/services/queries";
  4 | import { getPreferences } from "@/backend/services/preferences";
  5 | import { monthRangeUtc } from "@/lib/dates";

Import map: aliased to relative './src/components/calendar-view' inside of [project]/

https://nextjs.org/docs/messages/module-not-found @ http://localhost:3000/_next/static/chunks/node_modules_next_dist_1e8vcs8._.js:1052
[  582722ms] [ERROR] ./src/app/(workspace)/kalender/page.tsx:2:1
Error: Module not found: Can't resolve '@/components/calendar-view'
  1 | import type { Metadata } from "next";
> 2 | import { CalendarView } from "@/components/calendar-view";
    | ^^^^^^^^^^^^^^^^^^^^^^^^^^^^^^^^^^^^^^^^^^^^^^^^^^^^^^^^^^
  3 | import { getCalendarEvents } from "@/backend/services/queries";
  4 | import { getPreferences } from "@/backend/services/preferences";
  5 | import { monthRangeUtc } from "@/lib/dates";

Import map: aliased to relative './src/components/calendar-view' inside of [project]/

https://nextjs.org/docs/messages/module-not-found @ http://localhost:3000/_next/static/chunks/node_modules_next_dist_1e8vcs8._.js:1052
[  583065ms] [ERROR] ./src/app/(workspace)/kalender/page.tsx:2:1
Error: Module not found: Can't resolve '@/components/calendar-view'
  1 | import type { Metadata } from "next";
> 2 | import { CalendarView } from "@/components/calendar-view";
    | ^^^^^^^^^^^^^^^^^^^^^^^^^^^^^^^^^^^^^^^^^^^^^^^^^^^^^^^^^^
  3 | import { getCalendarEvents } from "@/backend/services/queries";
  4 | import { getPreferences } from "@/backend/services/preferences";
  5 | import { monthRangeUtc } from "@/lib/dates";

Import map: aliased to relative './src/components/calendar-view' inside of [project]/

https://nextjs.org/docs/messages/module-not-found @ http://localhost:3000/_next/static/chunks/node_modules_next_dist_1e8vcs8._.js:1052
[  583121ms] [ERROR] ./src/app/(workspace)/kalender/page.tsx:2:1
Error: Module not found: Can't resolve '@/components/calendar-view'
  1 | import type { Metadata } from "next";
> 2 | import { CalendarView } from "@/components/calendar-view";
    | ^^^^^^^^^^^^^^^^^^^^^^^^^^^^^^^^^^^^^^^^^^^^^^^^^^^^^^^^^^
  3 | import { getCalendarEvents } from "@/backend/services/queries";
  4 | import { getPreferences } from "@/backend/services/preferences";
  5 | import { monthRangeUtc } from "@/lib/dates";

Import map: aliased to relative './src/components/calendar-view' inside of [project]/

https://nextjs.org/docs/messages/module-not-found @ http://localhost:3000/_next/static/chunks/node_modules_next_dist_1e8vcs8._.js:1052
[  583457ms] [ERROR] ./src/app/(workspace)/kalender/page.tsx:2:1
Error: Module not found: Can't resolve '@/components/calendar-view'
  1 | import type { Metadata } from "next";
> 2 | import { CalendarView } from "@/components/calendar-view";
    | ^^^^^^^^^^^^^^^^^^^^^^^^^^^^^^^^^^^^^^^^^^^^^^^^^^^^^^^^^^
  3 | import { getCalendarEvents } from "@/backend/services/queries";
  4 | import { getPreferences } from "@/backend/services/preferences";
  5 | import { monthRangeUtc } from "@/lib/dates";

Import map: aliased to relative './src/components/calendar-view' inside of [project]/

https://nextjs.org/docs/messages/module-not-found @ http://localhost:3000/_next/static/chunks/node_modules_next_dist_1e8vcs8._.js:1052
[  583517ms] [ERROR] ./src/app/(workspace)/kalender/page.tsx:2:1
Error: Module not found: Can't resolve '@/components/calendar-view'
  1 | import type { Metadata } from "next";
> 2 | import { CalendarView } from "@/components/calendar-view";
    | ^^^^^^^^^^^^^^^^^^^^^^^^^^^^^^^^^^^^^^^^^^^^^^^^^^^^^^^^^^
  3 | import { getCalendarEvents } from "@/backend/services/queries";
  4 | import { getPreferences } from "@/backend/services/preferences";
  5 | import { monthRangeUtc } from "@/lib/dates";

Import map: aliased to relative './src/components/calendar-view' inside of [project]/

https://nextjs.org/docs/messages/module-not-found @ http://localhost:3000/_next/static/chunks/node_modules_next_dist_1e8vcs8._.js:1052
[  583585ms] [ERROR] ./src/app/(workspace)/kalender/page.tsx:2:1
Error: Module not found: Can't resolve '@/components/calendar-view'
  1 | import type { Metadata } from "next";
> 2 | import { CalendarView } from "@/components/calendar-view";
    | ^^^^^^^^^^^^^^^^^^^^^^^^^^^^^^^^^^^^^^^^^^^^^^^^^^^^^^^^^^
  3 | import { getCalendarEvents } from "@/backend/services/queries";
  4 | import { getPreferences } from "@/backend/services/preferences";
  5 | import { monthRangeUtc } from "@/lib/dates";

Import map: aliased to relative './src/components/calendar-view' inside of [project]/

https://nextjs.org/docs/messages/module-not-found @ http://localhost:3000/_next/static/chunks/node_modules_next_dist_1e8vcs8._.js:1052
[  584104ms] [ERROR] ./src/app/(workspace)/kalender/page.tsx:2:1
Error: Module not found: Can't resolve '@/components/calendar-view'
  1 | import type { Metadata } from "next";
> 2 | import { CalendarView } from "@/components/calendar-view";
    | ^^^^^^^^^^^^^^^^^^^^^^^^^^^^^^^^^^^^^^^^^^^^^^^^^^^^^^^^^^
  3 | import { getCalendarEvents } from "@/backend/services/queries";
  4 | import { getPreferences } from "@/backend/services/preferences";
  5 | import { monthRangeUtc } from "@/lib/dates";

Import map: aliased to relative './src/components/calendar-view' inside of [project]/

https://nextjs.org/docs/messages/module-not-found @ http://localhost:3000/_next/static/chunks/node_modules_next_dist_1e8vcs8._.js:1052
[  584161ms] [ERROR] ./src/app/(workspace)/kalender/page.tsx:2:1
Error: Module not found: Can't resolve '@/components/calendar-view'
  1 | import type { Metadata } from "next";
> 2 | import { CalendarView } from "@/components/calendar-view";
    | ^^^^^^^^^^^^^^^^^^^^^^^^^^^^^^^^^^^^^^^^^^^^^^^^^^^^^^^^^^
  3 | import { getCalendarEvents } from "@/backend/services/queries";
  4 | import { getPreferences } from "@/backend/services/preferences";
  5 | import { monthRangeUtc } from "@/lib/dates";

Import map: aliased to relative './src/components/calendar-view' inside of [project]/

https://nextjs.org/docs/messages/module-not-found @ http://localhost:3000/_next/static/chunks/node_modules_next_dist_1e8vcs8._.js:1052
[  584229ms] [ERROR] ./src/app/(workspace)/kalender/page.tsx:2:1
Error: Module not found: Can't resolve '@/components/calendar-view'
  1 | import type { Metadata } from "next";
> 2 | import { CalendarView } from "@/components/calendar-view";
    | ^^^^^^^^^^^^^^^^^^^^^^^^^^^^^^^^^^^^^^^^^^^^^^^^^^^^^^^^^^
  3 | import { getCalendarEvents } from "@/backend/services/queries";
  4 | import { getPreferences } from "@/backend/services/preferences";
  5 | import { monthRangeUtc } from "@/lib/dates";

Import map: aliased to relative './src/components/calendar-view' inside of [project]/

https://nextjs.org/docs/messages/module-not-found @ http://localhost:3000/_next/static/chunks/node_modules_next_dist_1e8vcs8._.js:1052
[  584783ms] [ERROR] ./src/app/(workspace)/kalender/page.tsx:2:1
Error: Module not found: Can't resolve '@/components/calendar-view'
  1 | import type { Metadata } from "next";
> 2 | import { CalendarView } from "@/components/calendar-view";
    | ^^^^^^^^^^^^^^^^^^^^^^^^^^^^^^^^^^^^^^^^^^^^^^^^^^^^^^^^^^
  3 | import { getCalendarEvents } from "@/backend/services/queries";
  4 | import { getPreferences } from "@/backend/services/preferences";
  5 | import { monthRangeUtc } from "@/lib/dates";

Import map: aliased to relative './src/components/calendar-view' inside of [project]/

https://nextjs.org/docs/messages/module-not-found @ http://localhost:3000/_next/static/chunks/node_modules_next_dist_1e8vcs8._.js:1052
[  584911ms] [ERROR] ./src/app/(workspace)/kalender/page.tsx:2:1
Error: Module not found: Can't resolve '@/components/calendar-view'
  1 | import type { Metadata } from "next";
> 2 | import { CalendarView } from "@/components/calendar-view";
    | ^^^^^^^^^^^^^^^^^^^^^^^^^^^^^^^^^^^^^^^^^^^^^^^^^^^^^^^^^^
  3 | import { getCalendarEvents } from "@/backend/services/queries";
  4 | import { getPreferences } from "@/backend/services/preferences";
  5 | import { monthRangeUtc } from "@/lib/dates";

Import map: aliased to relative './src/components/calendar-view' inside of [project]/

https://nextjs.org/docs/messages/module-not-found @ http://localhost:3000/_next/static/chunks/node_modules_next_dist_1e8vcs8._.js:1052
[  584972ms] [ERROR] ./src/app/(workspace)/kalender/page.tsx:2:1
Error: Module not found: Can't resolve '@/components/calendar-view'
  1 | import type { Metadata } from "next";
> 2 | import { CalendarView } from "@/components/calendar-view";
    | ^^^^^^^^^^^^^^^^^^^^^^^^^^^^^^^^^^^^^^^^^^^^^^^^^^^^^^^^^^
  3 | import { getCalendarEvents } from "@/backend/services/queries";
  4 | import { getPreferences } from "@/backend/services/preferences";
  5 | import { monthRangeUtc } from "@/lib/dates";

Import map: aliased to relative './src/components/calendar-view' inside of [project]/

https://nextjs.org/docs/messages/module-not-found @ http://localhost:3000/_next/static/chunks/node_modules_next_dist_1e8vcs8._.js:1052
[  585316ms] [ERROR] ./src/app/(workspace)/kalender/page.tsx:2:1
Error: Module not found: Can't resolve '@/components/calendar-view'
  1 | import type { Metadata } from "next";
> 2 | import { CalendarView } from "@/components/calendar-view";
    | ^^^^^^^^^^^^^^^^^^^^^^^^^^^^^^^^^^^^^^^^^^^^^^^^^^^^^^^^^^
  3 | import { getCalendarEvents } from "@/backend/services/queries";
  4 | import { getPreferences } from "@/backend/services/preferences";
  5 | import { monthRangeUtc } from "@/lib/dates";

Import map: aliased to relative './src/components/calendar-view' inside of [project]/

https://nextjs.org/docs/messages/module-not-found @ http://localhost:3000/_next/static/chunks/node_modules_next_dist_1e8vcs8._.js:1052
[  585379ms] [ERROR] ./src/app/(workspace)/kalender/page.tsx:2:1
Error: Module not found: Can't resolve '@/components/calendar-view'
  1 | import type { Metadata } from "next";
> 2 | import { CalendarView } from "@/components/calendar-view";
    | ^^^^^^^^^^^^^^^^^^^^^^^^^^^^^^^^^^^^^^^^^^^^^^^^^^^^^^^^^^
  3 | import { getCalendarEvents } from "@/backend/services/queries";
  4 | import { getPreferences } from "@/backend/services/preferences";
  5 | import { monthRangeUtc } from "@/lib/dates";

Import map: aliased to relative './src/components/calendar-view' inside of [project]/

https://nextjs.org/docs/messages/module-not-found @ http://localhost:3000/_next/static/chunks/node_modules_next_dist_1e8vcs8._.js:1052
[  585702ms] [ERROR] ./src/app/(workspace)/kalender/page.tsx:2:1
Error: Module not found: Can't resolve '@/components/calendar-view'
  1 | import type { Metadata } from "next";
> 2 | import { CalendarView } from "@/components/calendar-view";
    | ^^^^^^^^^^^^^^^^^^^^^^^^^^^^^^^^^^^^^^^^^^^^^^^^^^^^^^^^^^
  3 | import { getCalendarEvents } from "@/backend/services/queries";
  4 | import { getPreferences } from "@/backend/services/preferences";
  5 | import { monthRangeUtc } from "@/lib/dates";

Import map: aliased to relative './src/components/calendar-view' inside of [project]/

https://nextjs.org/docs/messages/module-not-found @ http://localhost:3000/_next/static/chunks/node_modules_next_dist_1e8vcs8._.js:1052
[  585771ms] [ERROR] ./src/app/(workspace)/kalender/page.tsx:2:1
Error: Module not found: Can't resolve '@/components/calendar-view'
  1 | import type { Metadata } from "next";
> 2 | import { CalendarView } from "@/components/calendar-view";
    | ^^^^^^^^^^^^^^^^^^^^^^^^^^^^^^^^^^^^^^^^^^^^^^^^^^^^^^^^^^
  3 | import { getCalendarEvents } from "@/backend/services/queries";
  4 | import { getPreferences } from "@/backend/services/preferences";
  5 | import { monthRangeUtc } from "@/lib/dates";

Import map: aliased to relative './src/components/calendar-view' inside of [project]/

https://nextjs.org/docs/messages/module-not-found @ http://localhost:3000/_next/static/chunks/node_modules_next_dist_1e8vcs8._.js:1052
[  586250ms] [ERROR] ./src/app/(workspace)/kalender/page.tsx:2:1
Error: Module not found: Can't resolve '@/components/calendar-view'
  1 | import type { Metadata } from "next";
> 2 | import { CalendarView } from "@/components/calendar-view";
    | ^^^^^^^^^^^^^^^^^^^^^^^^^^^^^^^^^^^^^^^^^^^^^^^^^^^^^^^^^^
  3 | import { getCalendarEvents } from "@/backend/services/queries";
  4 | import { getPreferences } from "@/backend/services/preferences";
  5 | import { monthRangeUtc } from "@/lib/dates";

Import map: aliased to relative './src/components/calendar-view' inside of [project]/

https://nextjs.org/docs/messages/module-not-found @ http://localhost:3000/_next/static/chunks/node_modules_next_dist_1e8vcs8._.js:1052
[  586331ms] [ERROR] ./src/app/(workspace)/kalender/page.tsx:2:1
Error: Module not found: Can't resolve '@/components/calendar-view'
  1 | import type { Metadata } from "next";
> 2 | import { CalendarView } from "@/components/calendar-view";
    | ^^^^^^^^^^^^^^^^^^^^^^^^^^^^^^^^^^^^^^^^^^^^^^^^^^^^^^^^^^
  3 | import { getCalendarEvents } from "@/backend/services/queries";
  4 | import { getPreferences } from "@/backend/services/preferences";
  5 | import { monthRangeUtc } from "@/lib/dates";

Import map: aliased to relative './src/components/calendar-view' inside of [project]/

https://nextjs.org/docs/messages/module-not-found @ http://localhost:3000/_next/static/chunks/node_modules_next_dist_1e8vcs8._.js:1052
[  586640ms] [ERROR] ./src/app/(workspace)/kalender/page.tsx:2:1
Error: Module not found: Can't resolve '@/components/calendar-view'
  1 | import type { Metadata } from "next";
> 2 | import { CalendarView } from "@/components/calendar-view";
    | ^^^^^^^^^^^^^^^^^^^^^^^^^^^^^^^^^^^^^^^^^^^^^^^^^^^^^^^^^^
  3 | import { getCalendarEvents } from "@/backend/services/queries";
  4 | import { getPreferences } from "@/backend/services/preferences";
  5 | import { monthRangeUtc } from "@/lib/dates";

Import map: aliased to relative './src/components/calendar-view' inside of [project]/

https://nextjs.org/docs/messages/module-not-found @ http://localhost:3000/_next/static/chunks/node_modules_next_dist_1e8vcs8._.js:1052
[  586743ms] [ERROR] ./src/app/(workspace)/kalender/page.tsx:2:1
Error: Module not found: Can't resolve '@/components/calendar-view'
  1 | import type { Metadata } from "next";
> 2 | import { CalendarView } from "@/components/calendar-view";
    | ^^^^^^^^^^^^^^^^^^^^^^^^^^^^^^^^^^^^^^^^^^^^^^^^^^^^^^^^^^
  3 | import { getCalendarEvents } from "@/backend/services/queries";
  4 | import { getPreferences } from "@/backend/services/preferences";
  5 | import { monthRangeUtc } from "@/lib/dates";

Import map: aliased to relative './src/components/calendar-view' inside of [project]/

https://nextjs.org/docs/messages/module-not-found @ http://localhost:3000/_next/static/chunks/node_modules_next_dist_1e8vcs8._.js:1052
[  587014ms] [ERROR] ./src/app/(workspace)/kalender/page.tsx:2:1
Error: Module not found: Can't resolve '@/components/calendar-view'
  1 | import type { Metadata } from "next";
> 2 | import { CalendarView } from "@/components/calendar-view";
    | ^^^^^^^^^^^^^^^^^^^^^^^^^^^^^^^^^^^^^^^^^^^^^^^^^^^^^^^^^^
  3 | import { getCalendarEvents } from "@/backend/services/queries";
  4 | import { getPreferences } from "@/backend/services/preferences";
  5 | import { monthRangeUtc } from "@/lib/dates";

Import map: aliased to relative './src/components/calendar-view' inside of [project]/

https://nextjs.org/docs/messages/module-not-found @ http://localhost:3000/_next/static/chunks/node_modules_next_dist_1e8vcs8._.js:1052
[  587069ms] [ERROR] ./src/app/(workspace)/kalender/page.tsx:2:1
Error: Module not found: Can't resolve '@/components/calendar-view'
  1 | import type { Metadata } from "next";
> 2 | import { CalendarView } from "@/components/calendar-view";
    | ^^^^^^^^^^^^^^^^^^^^^^^^^^^^^^^^^^^^^^^^^^^^^^^^^^^^^^^^^^
  3 | import { getCalendarEvents } from "@/backend/services/queries";
  4 | import { getPreferences } from "@/backend/services/preferences";
  5 | import { monthRangeUtc } from "@/lib/dates";

Import map: aliased to relative './src/components/calendar-view' inside of [project]/

https://nextjs.org/docs/messages/module-not-found @ http://localhost:3000/_next/static/chunks/node_modules_next_dist_1e8vcs8._.js:1052
[  587135ms] [ERROR] ./src/app/(workspace)/kalender/page.tsx:2:1
Error: Module not found: Can't resolve '@/components/calendar-view'
  1 | import type { Metadata } from "next";
> 2 | import { CalendarView } from "@/components/calendar-view";
    | ^^^^^^^^^^^^^^^^^^^^^^^^^^^^^^^^^^^^^^^^^^^^^^^^^^^^^^^^^^
  3 | import { getCalendarEvents } from "@/backend/services/queries";
  4 | import { getPreferences } from "@/backend/services/preferences";
  5 | import { monthRangeUtc } from "@/lib/dates";

Import map: aliased to relative './src/components/calendar-view' inside of [project]/

https://nextjs.org/docs/messages/module-not-found @ http://localhost:3000/_next/static/chunks/node_modules_next_dist_1e8vcs8._.js:1052
[  587402ms] [ERROR] ./src/app/(workspace)/kalender/page.tsx:2:1
Error: Module not found: Can't resolve '@/components/calendar-view'
  1 | import type { Metadata } from "next";
> 2 | import { CalendarView } from "@/components/calendar-view";
    | ^^^^^^^^^^^^^^^^^^^^^^^^^^^^^^^^^^^^^^^^^^^^^^^^^^^^^^^^^^
  3 | import { getCalendarEvents } from "@/backend/services/queries";
  4 | import { getPreferences } from "@/backend/services/preferences";
  5 | import { monthRangeUtc } from "@/lib/dates";

Import map: aliased to relative './src/components/calendar-view' inside of [project]/

https://nextjs.org/docs/messages/module-not-found @ http://localhost:3000/_next/static/chunks/node_modules_next_dist_1e8vcs8._.js:1052
[  587874ms] [ERROR] ./src/app/(workspace)/kalender/page.tsx:2:1
Error: Module not found: Can't resolve '@/components/calendar-view'
  1 | import type { Metadata } from "next";
> 2 | import { CalendarView } from "@/components/calendar-view";
    | ^^^^^^^^^^^^^^^^^^^^^^^^^^^^^^^^^^^^^^^^^^^^^^^^^^^^^^^^^^
  3 | import { getCalendarEvents } from "@/backend/services/queries";
  4 | import { getPreferences } from "@/backend/services/preferences";
  5 | import { monthRangeUtc } from "@/lib/dates";

Import map: aliased to relative './src/components/calendar-view' inside of [project]/

https://nextjs.org/docs/messages/module-not-found @ http://localhost:3000/_next/static/chunks/node_modules_next_dist_1e8vcs8._.js:1052
[  587931ms] [ERROR] ./src/app/(workspace)/kalender/page.tsx:2:1
Error: Module not found: Can't resolve '@/components/calendar-view'
  1 | import type { Metadata } from "next";
> 2 | import { CalendarView } from "@/components/calendar-view";
    | ^^^^^^^^^^^^^^^^^^^^^^^^^^^^^^^^^^^^^^^^^^^^^^^^^^^^^^^^^^
  3 | import { getCalendarEvents } from "@/backend/services/queries";
  4 | import { getPreferences } from "@/backend/services/preferences";
  5 | import { monthRangeUtc } from "@/lib/dates";

Import map: aliased to relative './src/components/calendar-view' inside of [project]/

https://nextjs.org/docs/messages/module-not-found @ http://localhost:3000/_next/static/chunks/node_modules_next_dist_1e8vcs8._.js:1052
[  588012ms] [ERROR] ./src/app/(workspace)/kalender/page.tsx:2:1
Error: Module not found: Can't resolve '@/components/calendar-view'
  1 | import type { Metadata } from "next";
> 2 | import { CalendarView } from "@/components/calendar-view";
    | ^^^^^^^^^^^^^^^^^^^^^^^^^^^^^^^^^^^^^^^^^^^^^^^^^^^^^^^^^^
  3 | import { getCalendarEvents } from "@/backend/services/queries";
  4 | import { getPreferences } from "@/backend/services/preferences";
  5 | import { monthRangeUtc } from "@/lib/dates";

Import map: aliased to relative './src/components/calendar-view' inside of [project]/

https://nextjs.org/docs/messages/module-not-found @ http://localhost:3000/_next/static/chunks/node_modules_next_dist_1e8vcs8._.js:1052
[  588556ms] [ERROR] ./src/app/(workspace)/kalender/page.tsx:2:1
Error: Module not found: Can't resolve '@/components/calendar-view'
  1 | import type { Metadata } from "next";
> 2 | import { CalendarView } from "@/components/calendar-view";
    | ^^^^^^^^^^^^^^^^^^^^^^^^^^^^^^^^^^^^^^^^^^^^^^^^^^^^^^^^^^
  3 | import { getCalendarEvents } from "@/backend/services/queries";
  4 | import { getPreferences } from "@/backend/services/preferences";
  5 | import { monthRangeUtc } from "@/lib/dates";

Import map: aliased to relative './src/components/calendar-view' inside of [project]/

https://nextjs.org/docs/messages/module-not-found @ http://localhost:3000/_next/static/chunks/node_modules_next_dist_1e8vcs8._.js:1052
[  588616ms] [ERROR] ./src/app/(workspace)/kalender/page.tsx:2:1
Error: Module not found: Can't resolve '@/components/calendar-view'
  1 | import type { Metadata } from "next";
> 2 | import { CalendarView } from "@/components/calendar-view";
    | ^^^^^^^^^^^^^^^^^^^^^^^^^^^^^^^^^^^^^^^^^^^^^^^^^^^^^^^^^^
  3 | import { getCalendarEvents } from "@/backend/services/queries";
  4 | import { getPreferences } from "@/backend/services/preferences";
  5 | import { monthRangeUtc } from "@/lib/dates";

Import map: aliased to relative './src/components/calendar-view' inside of [project]/

https://nextjs.org/docs/messages/module-not-found @ http://localhost:3000/_next/static/chunks/node_modules_next_dist_1e8vcs8._.js:1052
[  588921ms] [ERROR] ./src/app/(workspace)/kalender/page.tsx:2:1
Error: Module not found: Can't resolve '@/components/calendar-view'
  1 | import type { Metadata } from "next";
> 2 | import { CalendarView } from "@/components/calendar-view";
    | ^^^^^^^^^^^^^^^^^^^^^^^^^^^^^^^^^^^^^^^^^^^^^^^^^^^^^^^^^^
  3 | import { getCalendarEvents } from "@/backend/services/queries";
  4 | import { getPreferences } from "@/backend/services/preferences";
  5 | import { monthRangeUtc } from "@/lib/dates";

Import map: aliased to relative './src/components/calendar-view' inside of [project]/

https://nextjs.org/docs/messages/module-not-found @ http://localhost:3000/_next/static/chunks/node_modules_next_dist_1e8vcs8._.js:1052
[  588993ms] [ERROR] ./src/app/(workspace)/kalender/page.tsx:2:1
Error: Module not found: Can't resolve '@/components/calendar-view'
  1 | import type { Metadata } from "next";
> 2 | import { CalendarView } from "@/components/calendar-view";
    | ^^^^^^^^^^^^^^^^^^^^^^^^^^^^^^^^^^^^^^^^^^^^^^^^^^^^^^^^^^
  3 | import { getCalendarEvents } from "@/backend/services/queries";
  4 | import { getPreferences } from "@/backend/services/preferences";
  5 | import { monthRangeUtc } from "@/lib/dates";

Import map: aliased to relative './src/components/calendar-view' inside of [project]/

https://nextjs.org/docs/messages/module-not-found @ http://localhost:3000/_next/static/chunks/node_modules_next_dist_1e8vcs8._.js:1052
[  589068ms] [ERROR] ./src/app/(workspace)/kalender/page.tsx:2:1
Error: Module not found: Can't resolve '@/components/calendar-view'
  1 | import type { Metadata } from "next";
> 2 | import { CalendarView } from "@/components/calendar-view";
    | ^^^^^^^^^^^^^^^^^^^^^^^^^^^^^^^^^^^^^^^^^^^^^^^^^^^^^^^^^^
  3 | import { getCalendarEvents } from "@/backend/services/queries";
  4 | import { getPreferences } from "@/backend/services/preferences";
  5 | import { monthRangeUtc } from "@/lib/dates";

Import map: aliased to relative './src/components/calendar-view' inside of [project]/

https://nextjs.org/docs/messages/module-not-found @ http://localhost:3000/_next/static/chunks/node_modules_next_dist_1e8vcs8._.js:1052
[  589758ms] [ERROR] ./src/app/(workspace)/kalender/page.tsx:2:1
Error: Module not found: Can't resolve '@/components/calendar-view'
  1 | import type { Metadata } from "next";
> 2 | import { CalendarView } from "@/components/calendar-view";
    | ^^^^^^^^^^^^^^^^^^^^^^^^^^^^^^^^^^^^^^^^^^^^^^^^^^^^^^^^^^
  3 | import { getCalendarEvents } from "@/backend/services/queries";
  4 | import { getPreferences } from "@/backend/services/preferences";
  5 | import { monthRangeUtc } from "@/lib/dates";

Import map: aliased to relative './src/components/calendar-view' inside of [project]/

https://nextjs.org/docs/messages/module-not-found @ http://localhost:3000/_next/static/chunks/node_modules_next_dist_1e8vcs8._.js:1052
[  590043ms] [ERROR] ./src/app/(workspace)/kalender/page.tsx:2:1
Error: Module not found: Can't resolve '@/components/calendar-view'
  1 | import type { Metadata } from "next";
> 2 | import { CalendarView } from "@/components/calendar-view";
    | ^^^^^^^^^^^^^^^^^^^^^^^^^^^^^^^^^^^^^^^^^^^^^^^^^^^^^^^^^^
  3 | import { getCalendarEvents } from "@/backend/services/queries";
  4 | import { getPreferences } from "@/backend/services/preferences";
  5 | import { monthRangeUtc } from "@/lib/dates";

Import map: aliased to relative './src/components/calendar-view' inside of [project]/

https://nextjs.org/docs/messages/module-not-found @ http://localhost:3000/_next/static/chunks/node_modules_next_dist_1e8vcs8._.js:1052
[  590129ms] [ERROR] ./src/app/(workspace)/kalender/page.tsx:2:1
Error: Module not found: Can't resolve '@/components/calendar-view'
  1 | import type { Metadata } from "next";
> 2 | import { CalendarView } from "@/components/calendar-view";
    | ^^^^^^^^^^^^^^^^^^^^^^^^^^^^^^^^^^^^^^^^^^^^^^^^^^^^^^^^^^
  3 | import { getCalendarEvents } from "@/backend/services/queries";
  4 | import { getPreferences } from "@/backend/services/preferences";
  5 | import { monthRangeUtc } from "@/lib/dates";

Import map: aliased to relative './src/components/calendar-view' inside of [project]/

https://nextjs.org/docs/messages/module-not-found @ http://localhost:3000/_next/static/chunks/node_modules_next_dist_1e8vcs8._.js:1052
[  590236ms] [ERROR] ./src/app/(workspace)/kalender/page.tsx:2:1
Error: Module not found: Can't resolve '@/components/calendar-view'
  1 | import type { Metadata } from "next";
> 2 | import { CalendarView } from "@/components/calendar-view";
    | ^^^^^^^^^^^^^^^^^^^^^^^^^^^^^^^^^^^^^^^^^^^^^^^^^^^^^^^^^^
  3 | import { getCalendarEvents } from "@/backend/services/queries";
  4 | import { getPreferences } from "@/backend/services/preferences";
  5 | import { monthRangeUtc } from "@/lib/dates";

Import map: aliased to relative './src/components/calendar-view' inside of [project]/

https://nextjs.org/docs/messages/module-not-found @ http://localhost:3000/_next/static/chunks/node_modules_next_dist_1e8vcs8._.js:1052
[  590327ms] [ERROR] ./src/app/(workspace)/kalender/page.tsx:2:1
Error: Module not found: Can't resolve '@/components/calendar-view'
  1 | import type { Metadata } from "next";
> 2 | import { CalendarView } from "@/components/calendar-view";
    | ^^^^^^^^^^^^^^^^^^^^^^^^^^^^^^^^^^^^^^^^^^^^^^^^^^^^^^^^^^
  3 | import { getCalendarEvents } from "@/backend/services/queries";
  4 | import { getPreferences } from "@/backend/services/preferences";
  5 | import { monthRangeUtc } from "@/lib/dates";

Import map: aliased to relative './src/components/calendar-view' inside of [project]/

https://nextjs.org/docs/messages/module-not-found @ http://localhost:3000/_next/static/chunks/node_modules_next_dist_1e8vcs8._.js:1052
[  590396ms] [ERROR] ./src/app/(workspace)/kalender/page.tsx:2:1
Error: Module not found: Can't resolve '@/components/calendar-view'
  1 | import type { Metadata } from "next";
> 2 | import { CalendarView } from "@/components/calendar-view";
    | ^^^^^^^^^^^^^^^^^^^^^^^^^^^^^^^^^^^^^^^^^^^^^^^^^^^^^^^^^^
  3 | import { getCalendarEvents } from "@/backend/services/queries";
  4 | import { getPreferences } from "@/backend/services/preferences";
  5 | import { monthRangeUtc } from "@/lib/dates";

Import map: aliased to relative './src/components/calendar-view' inside of [project]/

https://nextjs.org/docs/messages/module-not-found @ http://localhost:3000/_next/static/chunks/node_modules_next_dist_1e8vcs8._.js:1052
[  590458ms] [ERROR] ./src/app/(workspace)/kalender/page.tsx:2:1
Error: Module not found: Can't resolve '@/components/calendar-view'
  1 | import type { Metadata } from "next";
> 2 | import { CalendarView } from "@/components/calendar-view";
    | ^^^^^^^^^^^^^^^^^^^^^^^^^^^^^^^^^^^^^^^^^^^^^^^^^^^^^^^^^^
  3 | import { getCalendarEvents } from "@/backend/services/queries";
  4 | import { getPreferences } from "@/backend/services/preferences";
  5 | import { monthRangeUtc } from "@/lib/dates";

Import map: aliased to relative './src/components/calendar-view' inside of [project]/

https://nextjs.org/docs/messages/module-not-found @ http://localhost:3000/_next/static/chunks/node_modules_next_dist_1e8vcs8._.js:1052
[  590559ms] [ERROR] ./src/app/(workspace)/kalender/page.tsx:2:1
Error: Module not found: Can't resolve '@/components/calendar-view'
  1 | import type { Metadata } from "next";
> 2 | import { CalendarView } from "@/components/calendar-view";
    | ^^^^^^^^^^^^^^^^^^^^^^^^^^^^^^^^^^^^^^^^^^^^^^^^^^^^^^^^^^
  3 | import { getCalendarEvents } from "@/backend/services/queries";
  4 | import { getPreferences } from "@/backend/services/preferences";
  5 | import { monthRangeUtc } from "@/lib/dates";

Import map: aliased to relative './src/components/calendar-view' inside of [project]/

https://nextjs.org/docs/messages/module-not-found @ http://localhost:3000/_next/static/chunks/node_modules_next_dist_1e8vcs8._.js:1052
[  590651ms] [ERROR] ./src/app/(workspace)/kalender/page.tsx:2:1
Error: Module not found: Can't resolve '@/components/calendar-view'
  1 | import type { Metadata } from "next";
> 2 | import { CalendarView } from "@/components/calendar-view";
    | ^^^^^^^^^^^^^^^^^^^^^^^^^^^^^^^^^^^^^^^^^^^^^^^^^^^^^^^^^^
  3 | import { getCalendarEvents } from "@/backend/services/queries";
  4 | import { getPreferences } from "@/backend/services/preferences";
  5 | import { monthRangeUtc } from "@/lib/dates";

Import map: aliased to relative './src/components/calendar-view' inside of [project]/

https://nextjs.org/docs/messages/module-not-found @ http://localhost:3000/_next/static/chunks/node_modules_next_dist_1e8vcs8._.js:1052
[  590709ms] [ERROR] ./src/app/(workspace)/kalender/page.tsx:2:1
Error: Module not found: Can't resolve '@/components/calendar-view'
  1 | import type { Metadata } from "next";
> 2 | import { CalendarView } from "@/components/calendar-view";
    | ^^^^^^^^^^^^^^^^^^^^^^^^^^^^^^^^^^^^^^^^^^^^^^^^^^^^^^^^^^
  3 | import { getCalendarEvents } from "@/backend/services/queries";
  4 | import { getPreferences } from "@/backend/services/preferences";
  5 | import { monthRangeUtc } from "@/lib/dates";

Import map: aliased to relative './src/components/calendar-view' inside of [project]/

https://nextjs.org/docs/messages/module-not-found @ http://localhost:3000/_next/static/chunks/node_modules_next_dist_1e8vcs8._.js:1052
[  590819ms] [ERROR] ./src/app/(workspace)/kalender/page.tsx:2:1
Error: Module not found: Can't resolve '@/components/calendar-view'
  1 | import type { Metadata } from "next";
> 2 | import { CalendarView } from "@/components/calendar-view";
    | ^^^^^^^^^^^^^^^^^^^^^^^^^^^^^^^^^^^^^^^^^^^^^^^^^^^^^^^^^^
  3 | import { getCalendarEvents } from "@/backend/services/queries";
  4 | import { getPreferences } from "@/backend/services/preferences";
  5 | import { monthRangeUtc } from "@/lib/dates";

Import map: aliased to relative './src/components/calendar-view' inside of [project]/

https://nextjs.org/docs/messages/module-not-found @ http://localhost:3000/_next/static/chunks/node_modules_next_dist_1e8vcs8._.js:1052
[  590902ms] [ERROR] ./src/app/(workspace)/kalender/page.tsx:2:1
Error: Module not found: Can't resolve '@/components/calendar-view'
  1 | import type { Metadata } from "next";
> 2 | import { CalendarView } from "@/components/calendar-view";
    | ^^^^^^^^^^^^^^^^^^^^^^^^^^^^^^^^^^^^^^^^^^^^^^^^^^^^^^^^^^
  3 | import { getCalendarEvents } from "@/backend/services/queries";
  4 | import { getPreferences } from "@/backend/services/preferences";
  5 | import { monthRangeUtc } from "@/lib/dates";

Import map: aliased to relative './src/components/calendar-view' inside of [project]/

https://nextjs.org/docs/messages/module-not-found @ http://localhost:3000/_next/static/chunks/node_modules_next_dist_1e8vcs8._.js:1052
[  590992ms] [ERROR] ./src/app/(workspace)/kalender/page.tsx:2:1
Error: Module not found: Can't resolve '@/components/calendar-view'
  1 | import type { Metadata } from "next";
> 2 | import { CalendarView } from "@/components/calendar-view";
    | ^^^^^^^^^^^^^^^^^^^^^^^^^^^^^^^^^^^^^^^^^^^^^^^^^^^^^^^^^^
  3 | import { getCalendarEvents } from "@/backend/services/queries";
  4 | import { getPreferences } from "@/backend/services/preferences";
  5 | import { monthRangeUtc } from "@/lib/dates";

Import map: aliased to relative './src/components/calendar-view' inside of [project]/

https://nextjs.org/docs/messages/module-not-found @ http://localhost:3000/_next/static/chunks/node_modules_next_dist_1e8vcs8._.js:1052
[  591070ms] [ERROR] ./src/app/(workspace)/kalender/page.tsx:2:1
Error: Module not found: Can't resolve '@/components/calendar-view'
  1 | import type { Metadata } from "next";
> 2 | import { CalendarView } from "@/components/calendar-view";
    | ^^^^^^^^^^^^^^^^^^^^^^^^^^^^^^^^^^^^^^^^^^^^^^^^^^^^^^^^^^
  3 | import { getCalendarEvents } from "@/backend/services/queries";
  4 | import { getPreferences } from "@/backend/services/preferences";
  5 | import { monthRangeUtc } from "@/lib/dates";

Import map: aliased to relative './src/components/calendar-view' inside of [project]/

https://nextjs.org/docs/messages/module-not-found @ http://localhost:3000/_next/static/chunks/node_modules_next_dist_1e8vcs8._.js:1052
[  591170ms] [ERROR] ./src/app/(workspace)/kalender/page.tsx:2:1
Error: Module not found: Can't resolve '@/components/calendar-view'
  1 | import type { Metadata } from "next";
> 2 | import { CalendarView } from "@/components/calendar-view";
    | ^^^^^^^^^^^^^^^^^^^^^^^^^^^^^^^^^^^^^^^^^^^^^^^^^^^^^^^^^^
  3 | import { getCalendarEvents } from "@/backend/services/queries";
  4 | import { getPreferences } from "@/backend/services/preferences";
  5 | import { monthRangeUtc } from "@/lib/dates";

Import map: aliased to relative './src/components/calendar-view' inside of [project]/

https://nextjs.org/docs/messages/module-not-found @ http://localhost:3000/_next/static/chunks/node_modules_next_dist_1e8vcs8._.js:1052
[  591288ms] [ERROR] ./src/app/(workspace)/kalender/page.tsx:2:1
Error: Module not found: Can't resolve '@/components/calendar-view'
  1 | import type { Metadata } from "next";
> 2 | import { CalendarView } from "@/components/calendar-view";
    | ^^^^^^^^^^^^^^^^^^^^^^^^^^^^^^^^^^^^^^^^^^^^^^^^^^^^^^^^^^
  3 | import { getCalendarEvents } from "@/backend/services/queries";
  4 | import { getPreferences } from "@/backend/services/preferences";
  5 | import { monthRangeUtc } from "@/lib/dates";

Import map: aliased to relative './src/components/calendar-view' inside of [project]/

https://nextjs.org/docs/messages/module-not-found @ http://localhost:3000/_next/static/chunks/node_modules_next_dist_1e8vcs8._.js:1052
[  591377ms] [ERROR] ./src/app/(workspace)/kalender/page.tsx:2:1
Error: Module not found: Can't resolve '@/components/calendar-view'
  1 | import type { Metadata } from "next";
> 2 | import { CalendarView } from "@/components/calendar-view";
    | ^^^^^^^^^^^^^^^^^^^^^^^^^^^^^^^^^^^^^^^^^^^^^^^^^^^^^^^^^^
  3 | import { getCalendarEvents } from "@/backend/services/queries";
  4 | import { getPreferences } from "@/backend/services/preferences";
  5 | import { monthRangeUtc } from "@/lib/dates";

Import map: aliased to relative './src/components/calendar-view' inside of [project]/

https://nextjs.org/docs/messages/module-not-found @ http://localhost:3000/_next/static/chunks/node_modules_next_dist_1e8vcs8._.js:1052
[  591448ms] [ERROR] ./src/app/(workspace)/kalender/page.tsx:2:1
Error: Module not found: Can't resolve '@/components/calendar-view'
  1 | import type { Metadata } from "next";
> 2 | import { CalendarView } from "@/components/calendar-view";
    | ^^^^^^^^^^^^^^^^^^^^^^^^^^^^^^^^^^^^^^^^^^^^^^^^^^^^^^^^^^
  3 | import { getCalendarEvents } from "@/backend/services/queries";
  4 | import { getPreferences } from "@/backend/services/preferences";
  5 | import { monthRangeUtc } from "@/lib/dates";

Import map: aliased to relative './src/components/calendar-view' inside of [project]/

https://nextjs.org/docs/messages/module-not-found @ http://localhost:3000/_next/static/chunks/node_modules_next_dist_1e8vcs8._.js:1052
[  591515ms] [ERROR] ./src/app/(workspace)/kalender/page.tsx:2:1
Error: Module not found: Can't resolve '@/components/calendar-view'
  1 | import type { Metadata } from "next";
> 2 | import { CalendarView } from "@/components/calendar-view";
    | ^^^^^^^^^^^^^^^^^^^^^^^^^^^^^^^^^^^^^^^^^^^^^^^^^^^^^^^^^^
  3 | import { getCalendarEvents } from "@/backend/services/queries";
  4 | import { getPreferences } from "@/backend/services/preferences";
  5 | import { monthRangeUtc } from "@/lib/dates";

Import map: aliased to relative './src/components/calendar-view' inside of [project]/

https://nextjs.org/docs/messages/module-not-found @ http://localhost:3000/_next/static/chunks/node_modules_next_dist_1e8vcs8._.js:1052
[  591645ms] [ERROR] ./src/app/(workspace)/kalender/page.tsx:2:1
Error: Module not found: Can't resolve '@/components/calendar-view'
  1 | import type { Metadata } from "next";
> 2 | import { CalendarView } from "@/components/calendar-view";
    | ^^^^^^^^^^^^^^^^^^^^^^^^^^^^^^^^^^^^^^^^^^^^^^^^^^^^^^^^^^
  3 | import { getCalendarEvents } from "@/backend/services/queries";
  4 | import { getPreferences } from "@/backend/services/preferences";
  5 | import { monthRangeUtc } from "@/lib/dates";

Import map: aliased to relative './src/components/calendar-view' inside of [project]/

https://nextjs.org/docs/messages/module-not-found @ http://localhost:3000/_next/static/chunks/node_modules_next_dist_1e8vcs8._.js:1052
[  591731ms] [ERROR] ./src/app/(workspace)/kalender/page.tsx:2:1
Error: Module not found: Can't resolve '@/components/calendar-view'
  1 | import type { Metadata } from "next";
> 2 | import { CalendarView } from "@/components/calendar-view";
    | ^^^^^^^^^^^^^^^^^^^^^^^^^^^^^^^^^^^^^^^^^^^^^^^^^^^^^^^^^^
  3 | import { getCalendarEvents } from "@/backend/services/queries";
  4 | import { getPreferences } from "@/backend/services/preferences";
  5 | import { monthRangeUtc } from "@/lib/dates";

Import map: aliased to relative './src/components/calendar-view' inside of [project]/

https://nextjs.org/docs/messages/module-not-found @ http://localhost:3000/_next/static/chunks/node_modules_next_dist_1e8vcs8._.js:1052
[  591795ms] [ERROR] ./src/app/(workspace)/kalender/page.tsx:2:1
Error: Module not found: Can't resolve '@/components/calendar-view'
  1 | import type { Metadata } from "next";
> 2 | import { CalendarView } from "@/components/calendar-view";
    | ^^^^^^^^^^^^^^^^^^^^^^^^^^^^^^^^^^^^^^^^^^^^^^^^^^^^^^^^^^
  3 | import { getCalendarEvents } from "@/backend/services/queries";
  4 | import { getPreferences } from "@/backend/services/preferences";
  5 | import { monthRangeUtc } from "@/lib/dates";

Import map: aliased to relative './src/components/calendar-view' inside of [project]/

https://nextjs.org/docs/messages/module-not-found @ http://localhost:3000/_next/static/chunks/node_modules_next_dist_1e8vcs8._.js:1052
[  591861ms] [ERROR] ./src/app/(workspace)/kalender/page.tsx:2:1
Error: Module not found: Can't resolve '@/components/calendar-view'
  1 | import type { Metadata } from "next";
> 2 | import { CalendarView } from "@/components/calendar-view";
    | ^^^^^^^^^^^^^^^^^^^^^^^^^^^^^^^^^^^^^^^^^^^^^^^^^^^^^^^^^^
  3 | import { getCalendarEvents } from "@/backend/services/queries";
  4 | import { getPreferences } from "@/backend/services/preferences";
  5 | import { monthRangeUtc } from "@/lib/dates";

Import map: aliased to relative './src/components/calendar-view' inside of [project]/

https://nextjs.org/docs/messages/module-not-found @ http://localhost:3000/_next/static/chunks/node_modules_next_dist_1e8vcs8._.js:1052
[  591930ms] [ERROR] ./src/app/(workspace)/kalender/page.tsx:2:1
Error: Module not found: Can't resolve '@/components/calendar-view'
  1 | import type { Metadata } from "next";
> 2 | import { CalendarView } from "@/components/calendar-view";
    | ^^^^^^^^^^^^^^^^^^^^^^^^^^^^^^^^^^^^^^^^^^^^^^^^^^^^^^^^^^
  3 | import { getCalendarEvents } from "@/backend/services/queries";
  4 | import { getPreferences } from "@/backend/services/preferences";
  5 | import { monthRangeUtc } from "@/lib/dates";

Import map: aliased to relative './src/components/calendar-view' inside of [project]/

https://nextjs.org/docs/messages/module-not-found @ http://localhost:3000/_next/static/chunks/node_modules_next_dist_1e8vcs8._.js:1052
[  592008ms] [ERROR] ./src/app/(workspace)/kalender/page.tsx:2:1
Error: Module not found: Can't resolve '@/components/calendar-view'
  1 | import type { Metadata } from "next";
> 2 | import { CalendarView } from "@/components/calendar-view";
    | ^^^^^^^^^^^^^^^^^^^^^^^^^^^^^^^^^^^^^^^^^^^^^^^^^^^^^^^^^^
  3 | import { getCalendarEvents } from "@/backend/services/queries";
  4 | import { getPreferences } from "@/backend/services/preferences";
  5 | import { monthRangeUtc } from "@/lib/dates";

Import map: aliased to relative './src/components/calendar-view' inside of [project]/

https://nextjs.org/docs/messages/module-not-found @ http://localhost:3000/_next/static/chunks/node_modules_next_dist_1e8vcs8._.js:1052
[  592081ms] [ERROR] ./src/app/(workspace)/kalender/page.tsx:2:1
Error: Module not found: Can't resolve '@/components/calendar-view'
  1 | import type { Metadata } from "next";
> 2 | import { CalendarView } from "@/components/calendar-view";
    | ^^^^^^^^^^^^^^^^^^^^^^^^^^^^^^^^^^^^^^^^^^^^^^^^^^^^^^^^^^
  3 | import { getCalendarEvents } from "@/backend/services/queries";
  4 | import { getPreferences } from "@/backend/services/preferences";
  5 | import { monthRangeUtc } from "@/lib/dates";

Import map: aliased to relative './src/components/calendar-view' inside of [project]/

https://nextjs.org/docs/messages/module-not-found @ http://localhost:3000/_next/static/chunks/node_modules_next_dist_1e8vcs8._.js:1052
[  592198ms] [ERROR] ./src/app/(workspace)/kalender/page.tsx:2:1
Error: Module not found: Can't resolve '@/components/calendar-view'
  1 | import type { Metadata } from "next";
> 2 | import { CalendarView } from "@/components/calendar-view";
    | ^^^^^^^^^^^^^^^^^^^^^^^^^^^^^^^^^^^^^^^^^^^^^^^^^^^^^^^^^^
  3 | import { getCalendarEvents } from "@/backend/services/queries";
  4 | import { getPreferences } from "@/backend/services/preferences";
  5 | import { monthRangeUtc } from "@/lib/dates";

Import map: aliased to relative './src/components/calendar-view' inside of [project]/

https://nextjs.org/docs/messages/module-not-found @ http://localhost:3000/_next/static/chunks/node_modules_next_dist_1e8vcs8._.js:1052
[  592309ms] [ERROR] ./src/app/(workspace)/kalender/page.tsx:2:1
Error: Module not found: Can't resolve '@/components/calendar-view'
  1 | import type { Metadata } from "next";
> 2 | import { CalendarView } from "@/components/calendar-view";
    | ^^^^^^^^^^^^^^^^^^^^^^^^^^^^^^^^^^^^^^^^^^^^^^^^^^^^^^^^^^
  3 | import { getCalendarEvents } from "@/backend/services/queries";
  4 | import { getPreferences } from "@/backend/services/preferences";
  5 | import { monthRangeUtc } from "@/lib/dates";

Import map: aliased to relative './src/components/calendar-view' inside of [project]/

https://nextjs.org/docs/messages/module-not-found @ http://localhost:3000/_next/static/chunks/node_modules_next_dist_1e8vcs8._.js:1052
[  592489ms] [ERROR] ./src/app/(workspace)/kalender/page.tsx:2:1
Error: Module not found: Can't resolve '@/components/calendar-view'
  1 | import type { Metadata } from "next";
> 2 | import { CalendarView } from "@/components/calendar-view";
    | ^^^^^^^^^^^^^^^^^^^^^^^^^^^^^^^^^^^^^^^^^^^^^^^^^^^^^^^^^^
  3 | import { getCalendarEvents } from "@/backend/services/queries";
  4 | import { getPreferences } from "@/backend/services/preferences";
  5 | import { monthRangeUtc } from "@/lib/dates";

Import map: aliased to relative './src/components/calendar-view' inside of [project]/

https://nextjs.org/docs/messages/module-not-found @ http://localhost:3000/_next/static/chunks/node_modules_next_dist_1e8vcs8._.js:1052
[  592627ms] [ERROR] ./src/app/(workspace)/kalender/page.tsx:2:1
Error: Module not found: Can't resolve '@/components/calendar-view'
  1 | import type { Metadata } from "next";
> 2 | import { CalendarView } from "@/components/calendar-view";
    | ^^^^^^^^^^^^^^^^^^^^^^^^^^^^^^^^^^^^^^^^^^^^^^^^^^^^^^^^^^
  3 | import { getCalendarEvents } from "@/backend/services/queries";
  4 | import { getPreferences } from "@/backend/services/preferences";
  5 | import { monthRangeUtc } from "@/lib/dates";

Import map: aliased to relative './src/components/calendar-view' inside of [project]/

https://nextjs.org/docs/messages/module-not-found @ http://localhost:3000/_next/static/chunks/node_modules_next_dist_1e8vcs8._.js:1052
[  592740ms] [ERROR] ./src/app/(workspace)/kalender/page.tsx:2:1
Error: Module not found: Can't resolve '@/components/calendar-view'
  1 | import type { Metadata } from "next";
> 2 | import { CalendarView } from "@/components/calendar-view";
    | ^^^^^^^^^^^^^^^^^^^^^^^^^^^^^^^^^^^^^^^^^^^^^^^^^^^^^^^^^^
  3 | import { getCalendarEvents } from "@/backend/services/queries";
  4 | import { getPreferences } from "@/backend/services/preferences";
  5 | import { monthRangeUtc } from "@/lib/dates";

Import map: aliased to relative './src/components/calendar-view' inside of [project]/

https://nextjs.org/docs/messages/module-not-found @ http://localhost:3000/_next/static/chunks/node_modules_next_dist_1e8vcs8._.js:1052
[  592822ms] [ERROR] ./src/app/(workspace)/kalender/page.tsx:2:1
Error: Module not found: Can't resolve '@/components/calendar-view'
  1 | import type { Metadata } from "next";
> 2 | import { CalendarView } from "@/components/calendar-view";
    | ^^^^^^^^^^^^^^^^^^^^^^^^^^^^^^^^^^^^^^^^^^^^^^^^^^^^^^^^^^
  3 | import { getCalendarEvents } from "@/backend/services/queries";
  4 | import { getPreferences } from "@/backend/services/preferences";
  5 | import { monthRangeUtc } from "@/lib/dates";

Import map: aliased to relative './src/components/calendar-view' inside of [project]/

https://nextjs.org/docs/messages/module-not-found @ http://localhost:3000/_next/static/chunks/node_modules_next_dist_1e8vcs8._.js:1052
[  592954ms] [ERROR] ./src/app/(workspace)/kalender/page.tsx:2:1
Error: Module not found: Can't resolve '@/components/calendar-view'
  1 | import type { Metadata } from "next";
> 2 | import { CalendarView } from "@/components/calendar-view";
    | ^^^^^^^^^^^^^^^^^^^^^^^^^^^^^^^^^^^^^^^^^^^^^^^^^^^^^^^^^^
  3 | import { getCalendarEvents } from "@/backend/services/queries";
  4 | import { getPreferences } from "@/backend/services/preferences";
  5 | import { monthRangeUtc } from "@/lib/dates";

Import map: aliased to relative './src/components/calendar-view' inside of [project]/

https://nextjs.org/docs/messages/module-not-found @ http://localhost:3000/_next/static/chunks/node_modules_next_dist_1e8vcs8._.js:1052
[  593026ms] [ERROR] ./src/app/(workspace)/kalender/page.tsx:2:1
Error: Module not found: Can't resolve '@/components/calendar-view'
  1 | import type { Metadata } from "next";
> 2 | import { CalendarView } from "@/components/calendar-view";
    | ^^^^^^^^^^^^^^^^^^^^^^^^^^^^^^^^^^^^^^^^^^^^^^^^^^^^^^^^^^
  3 | import { getCalendarEvents } from "@/backend/services/queries";
  4 | import { getPreferences } from "@/backend/services/preferences";
  5 | import { monthRangeUtc } from "@/lib/dates";

Import map: aliased to relative './src/components/calendar-view' inside of [project]/

https://nextjs.org/docs/messages/module-not-found @ http://localhost:3000/_next/static/chunks/node_modules_next_dist_1e8vcs8._.js:1052
[  593116ms] [ERROR] ./src/app/(workspace)/kalender/page.tsx:2:1
Error: Module not found: Can't resolve '@/components/calendar-view'
  1 | import type { Metadata } from "next";
> 2 | import { CalendarView } from "@/components/calendar-view";
    | ^^^^^^^^^^^^^^^^^^^^^^^^^^^^^^^^^^^^^^^^^^^^^^^^^^^^^^^^^^
  3 | import { getCalendarEvents } from "@/backend/services/queries";
  4 | import { getPreferences } from "@/backend/services/preferences";
  5 | import { monthRangeUtc } from "@/lib/dates";

Import map: aliased to relative './src/components/calendar-view' inside of [project]/

https://nextjs.org/docs/messages/module-not-found @ http://localhost:3000/_next/static/chunks/node_modules_next_dist_1e8vcs8._.js:1052
[  593210ms] [ERROR] ./src/app/(workspace)/kalender/page.tsx:2:1
Error: Module not found: Can't resolve '@/components/calendar-view'
  1 | import type { Metadata } from "next";
> 2 | import { CalendarView } from "@/components/calendar-view";
    | ^^^^^^^^^^^^^^^^^^^^^^^^^^^^^^^^^^^^^^^^^^^^^^^^^^^^^^^^^^
  3 | import { getCalendarEvents } from "@/backend/services/queries";
  4 | import { getPreferences } from "@/backend/services/preferences";
  5 | import { monthRangeUtc } from "@/lib/dates";

Import map: aliased to relative './src/components/calendar-view' inside of [project]/

https://nextjs.org/docs/messages/module-not-found @ http://localhost:3000/_next/static/chunks/node_modules_next_dist_1e8vcs8._.js:1052
[  593329ms] [ERROR] ./src/app/(workspace)/kalender/page.tsx:2:1
Error: Module not found: Can't resolve '@/components/calendar-view'
  1 | import type { Metadata } from "next";
> 2 | import { CalendarView } from "@/components/calendar-view";
    | ^^^^^^^^^^^^^^^^^^^^^^^^^^^^^^^^^^^^^^^^^^^^^^^^^^^^^^^^^^
  3 | import { getCalendarEvents } from "@/backend/services/queries";
  4 | import { getPreferences } from "@/backend/services/preferences";
  5 | import { monthRangeUtc } from "@/lib/dates";

Import map: aliased to relative './src/components/calendar-view' inside of [project]/

https://nextjs.org/docs/messages/module-not-found @ http://localhost:3000/_next/static/chunks/node_modules_next_dist_1e8vcs8._.js:1052
[  593400ms] [ERROR] ./src/app/(workspace)/kalender/page.tsx:2:1
Error: Module not found: Can't resolve '@/components/calendar-view'
  1 | import type { Metadata } from "next";
> 2 | import { CalendarView } from "@/components/calendar-view";
    | ^^^^^^^^^^^^^^^^^^^^^^^^^^^^^^^^^^^^^^^^^^^^^^^^^^^^^^^^^^
  3 | import { getCalendarEvents } from "@/backend/services/queries";
  4 | import { getPreferences } from "@/backend/services/preferences";
  5 | import { monthRangeUtc } from "@/lib/dates";

Import map: aliased to relative './src/components/calendar-view' inside of [project]/

https://nextjs.org/docs/messages/module-not-found @ http://localhost:3000/_next/static/chunks/node_modules_next_dist_1e8vcs8._.js:1052
[  593479ms] [ERROR] ./src/app/(workspace)/kalender/page.tsx:2:1
Error: Module not found: Can't resolve '@/components/calendar-view'
  1 | import type { Metadata } from "next";
> 2 | import { CalendarView } from "@/components/calendar-view";
    | ^^^^^^^^^^^^^^^^^^^^^^^^^^^^^^^^^^^^^^^^^^^^^^^^^^^^^^^^^^
  3 | import { getCalendarEvents } from "@/backend/services/queries";
  4 | import { getPreferences } from "@/backend/services/preferences";
  5 | import { monthRangeUtc } from "@/lib/dates";

Import map: aliased to relative './src/components/calendar-view' inside of [project]/

https://nextjs.org/docs/messages/module-not-found @ http://localhost:3000/_next/static/chunks/node_modules_next_dist_1e8vcs8._.js:1052
[  593553ms] [ERROR] ./src/app/(workspace)/kalender/page.tsx:2:1
Error: Module not found: Can't resolve '@/components/calendar-view'
  1 | import type { Metadata } from "next";
> 2 | import { CalendarView } from "@/components/calendar-view";
    | ^^^^^^^^^^^^^^^^^^^^^^^^^^^^^^^^^^^^^^^^^^^^^^^^^^^^^^^^^^
  3 | import { getCalendarEvents } from "@/backend/services/queries";
  4 | import { getPreferences } from "@/backend/services/preferences";
  5 | import { monthRangeUtc } from "@/lib/dates";

Import map: aliased to relative './src/components/calendar-view' inside of [project]/

https://nextjs.org/docs/messages/module-not-found @ http://localhost:3000/_next/static/chunks/node_modules_next_dist_1e8vcs8._.js:1052
[  593668ms] [ERROR] ./src/app/(workspace)/kalender/page.tsx:2:1
Error: Module not found: Can't resolve '@/components/calendar-view'
  1 | import type { Metadata } from "next";
> 2 | import { CalendarView } from "@/components/calendar-view";
    | ^^^^^^^^^^^^^^^^^^^^^^^^^^^^^^^^^^^^^^^^^^^^^^^^^^^^^^^^^^
  3 | import { getCalendarEvents } from "@/backend/services/queries";
  4 | import { getPreferences } from "@/backend/services/preferences";
  5 | import { monthRangeUtc } from "@/lib/dates";

Import map: aliased to relative './src/components/calendar-view' inside of [project]/

https://nextjs.org/docs/messages/module-not-found @ http://localhost:3000/_next/static/chunks/node_modules_next_dist_1e8vcs8._.js:1052
[  593760ms] [ERROR] ./src/app/(workspace)/kalender/page.tsx:2:1
Error: Module not found: Can't resolve '@/components/calendar-view'
  1 | import type { Metadata } from "next";
> 2 | import { CalendarView } from "@/components/calendar-view";
    | ^^^^^^^^^^^^^^^^^^^^^^^^^^^^^^^^^^^^^^^^^^^^^^^^^^^^^^^^^^
  3 | import { getCalendarEvents } from "@/backend/services/queries";
  4 | import { getPreferences } from "@/backend/services/preferences";
  5 | import { monthRangeUtc } from "@/lib/dates";

Import map: aliased to relative './src/components/calendar-view' inside of [project]/

https://nextjs.org/docs/messages/module-not-found @ http://localhost:3000/_next/static/chunks/node_modules_next_dist_1e8vcs8._.js:1052
[  593871ms] [ERROR] ./src/app/(workspace)/kalender/page.tsx:2:1
Error: Module not found: Can't resolve '@/components/calendar-view'
  1 | import type { Metadata } from "next";
> 2 | import { CalendarView } from "@/components/calendar-view";
    | ^^^^^^^^^^^^^^^^^^^^^^^^^^^^^^^^^^^^^^^^^^^^^^^^^^^^^^^^^^
  3 | import { getCalendarEvents } from "@/backend/services/queries";
  4 | import { getPreferences } from "@/backend/services/preferences";
  5 | import { monthRangeUtc } from "@/lib/dates";

Import map: aliased to relative './src/components/calendar-view' inside of [project]/

https://nextjs.org/docs/messages/module-not-found @ http://localhost:3000/_next/static/chunks/node_modules_next_dist_1e8vcs8._.js:1052
[  593964ms] [ERROR] ./src/app/(workspace)/kalender/page.tsx:2:1
Error: Module not found: Can't resolve '@/components/calendar-view'
  1 | import type { Metadata } from "next";
> 2 | import { CalendarView } from "@/components/calendar-view";
    | ^^^^^^^^^^^^^^^^^^^^^^^^^^^^^^^^^^^^^^^^^^^^^^^^^^^^^^^^^^
  3 | import { getCalendarEvents } from "@/backend/services/queries";
  4 | import { getPreferences } from "@/backend/services/preferences";
  5 | import { monthRangeUtc } from "@/lib/dates";

Import map: aliased to relative './src/components/calendar-view' inside of [project]/

https://nextjs.org/docs/messages/module-not-found @ http://localhost:3000/_next/static/chunks/node_modules_next_dist_1e8vcs8._.js:1052
[  594044ms] [ERROR] ./src/app/(workspace)/kalender/page.tsx:2:1
Error: Module not found: Can't resolve '@/components/calendar-view'
  1 | import type { Metadata } from "next";
> 2 | import { CalendarView } from "@/components/calendar-view";
    | ^^^^^^^^^^^^^^^^^^^^^^^^^^^^^^^^^^^^^^^^^^^^^^^^^^^^^^^^^^
  3 | import { getCalendarEvents } from "@/backend/services/queries";
  4 | import { getPreferences } from "@/backend/services/preferences";
  5 | import { monthRangeUtc } from "@/lib/dates";

Import map: aliased to relative './src/components/calendar-view' inside of [project]/

https://nextjs.org/docs/messages/module-not-found @ http://localhost:3000/_next/static/chunks/node_modules_next_dist_1e8vcs8._.js:1052
[  594150ms] [ERROR] ./src/app/(workspace)/kalender/page.tsx:2:1
Error: Module not found: Can't resolve '@/components/calendar-view'
  1 | import type { Metadata } from "next";
> 2 | import { CalendarView } from "@/components/calendar-view";
    | ^^^^^^^^^^^^^^^^^^^^^^^^^^^^^^^^^^^^^^^^^^^^^^^^^^^^^^^^^^
  3 | import { getCalendarEvents } from "@/backend/services/queries";
  4 | import { getPreferences } from "@/backend/services/preferences";
  5 | import { monthRangeUtc } from "@/lib/dates";

Import map: aliased to relative './src/components/calendar-view' inside of [project]/

https://nextjs.org/docs/messages/module-not-found @ http://localhost:3000/_next/static/chunks/node_modules_next_dist_1e8vcs8._.js:1052
[  594253ms] [ERROR] ./src/app/(workspace)/kalender/page.tsx:2:1
Error: Module not found: Can't resolve '@/components/calendar-view'
  1 | import type { Metadata } from "next";
> 2 | import { CalendarView } from "@/components/calendar-view";
    | ^^^^^^^^^^^^^^^^^^^^^^^^^^^^^^^^^^^^^^^^^^^^^^^^^^^^^^^^^^
  3 | import { getCalendarEvents } from "@/backend/services/queries";
  4 | import { getPreferences } from "@/backend/services/preferences";
  5 | import { monthRangeUtc } from "@/lib/dates";

Import map: aliased to relative './src/components/calendar-view' inside of [project]/

https://nextjs.org/docs/messages/module-not-found @ http://localhost:3000/_next/static/chunks/node_modules_next_dist_1e8vcs8._.js:1052
[  594327ms] [ERROR] ./src/app/(workspace)/kalender/page.tsx:2:1
Error: Module not found: Can't resolve '@/components/calendar-view'
  1 | import type { Metadata } from "next";
> 2 | import { CalendarView } from "@/components/calendar-view";
    | ^^^^^^^^^^^^^^^^^^^^^^^^^^^^^^^^^^^^^^^^^^^^^^^^^^^^^^^^^^
  3 | import { getCalendarEvents } from "@/backend/services/queries";
  4 | import { getPreferences } from "@/backend/services/preferences";
  5 | import { monthRangeUtc } from "@/lib/dates";

Import map: aliased to relative './src/components/calendar-view' inside of [project]/

https://nextjs.org/docs/messages/module-not-found @ http://localhost:3000/_next/static/chunks/node_modules_next_dist_1e8vcs8._.js:1052
[  594431ms] [ERROR] ./src/app/(workspace)/kalender/page.tsx:2:1
Error: Module not found: Can't resolve '@/components/calendar-view'
  1 | import type { Metadata } from "next";
> 2 | import { CalendarView } from "@/components/calendar-view";
    | ^^^^^^^^^^^^^^^^^^^^^^^^^^^^^^^^^^^^^^^^^^^^^^^^^^^^^^^^^^
  3 | import { getCalendarEvents } from "@/backend/services/queries";
  4 | import { getPreferences } from "@/backend/services/preferences";
  5 | import { monthRangeUtc } from "@/lib/dates";

Import map: aliased to relative './src/components/calendar-view' inside of [project]/

https://nextjs.org/docs/messages/module-not-found @ http://localhost:3000/_next/static/chunks/node_modules_next_dist_1e8vcs8._.js:1052
[  594502ms] [ERROR] ./src/app/(workspace)/kalender/page.tsx:2:1
Error: Module not found: Can't resolve '@/components/calendar-view'
  1 | import type { Metadata } from "next";
> 2 | import { CalendarView } from "@/components/calendar-view";
    | ^^^^^^^^^^^^^^^^^^^^^^^^^^^^^^^^^^^^^^^^^^^^^^^^^^^^^^^^^^
  3 | import { getCalendarEvents } from "@/backend/services/queries";
  4 | import { getPreferences } from "@/backend/services/preferences";
  5 | import { monthRangeUtc } from "@/lib/dates";

Import map: aliased to relative './src/components/calendar-view' inside of [project]/

https://nextjs.org/docs/messages/module-not-found @ http://localhost:3000/_next/static/chunks/node_modules_next_dist_1e8vcs8._.js:1052
[  594570ms] [ERROR] ./src/app/(workspace)/kalender/page.tsx:2:1
Error: Module not found: Can't resolve '@/components/calendar-view'
  1 | import type { Metadata } from "next";
> 2 | import { CalendarView } from "@/components/calendar-view";
    | ^^^^^^^^^^^^^^^^^^^^^^^^^^^^^^^^^^^^^^^^^^^^^^^^^^^^^^^^^^
  3 | import { getCalendarEvents } from "@/backend/services/queries";
  4 | import { getPreferences } from "@/backend/services/preferences";
  5 | import { monthRangeUtc } from "@/lib/dates";

Import map: aliased to relative './src/components/calendar-view' inside of [project]/

https://nextjs.org/docs/messages/module-not-found @ http://localhost:3000/_next/static/chunks/node_modules_next_dist_1e8vcs8._.js:1052
[  594672ms] [ERROR] ./src/app/(workspace)/kalender/page.tsx:2:1
Error: Module not found: Can't resolve '@/components/calendar-view'
  1 | import type { Metadata } from "next";
> 2 | import { CalendarView } from "@/components/calendar-view";
    | ^^^^^^^^^^^^^^^^^^^^^^^^^^^^^^^^^^^^^^^^^^^^^^^^^^^^^^^^^^
  3 | import { getCalendarEvents } from "@/backend/services/queries";
  4 | import { getPreferences } from "@/backend/services/preferences";
  5 | import { monthRangeUtc } from "@/lib/dates";

Import map: aliased to relative './src/components/calendar-view' inside of [project]/

https://nextjs.org/docs/messages/module-not-found @ http://localhost:3000/_next/static/chunks/node_modules_next_dist_1e8vcs8._.js:1052
[  594796ms] [ERROR] ./src/app/(workspace)/kalender/page.tsx:2:1
Error: Module not found: Can't resolve '@/components/calendar-view'
  1 | import type { Metadata } from "next";
> 2 | import { CalendarView } from "@/components/calendar-view";
    | ^^^^^^^^^^^^^^^^^^^^^^^^^^^^^^^^^^^^^^^^^^^^^^^^^^^^^^^^^^
  3 | import { getCalendarEvents } from "@/backend/services/queries";
  4 | import { getPreferences } from "@/backend/services/preferences";
  5 | import { monthRangeUtc } from "@/lib/dates";

Import map: aliased to relative './src/components/calendar-view' inside of [project]/

https://nextjs.org/docs/messages/module-not-found @ http://localhost:3000/_next/static/chunks/node_modules_next_dist_1e8vcs8._.js:1052
[  594880ms] [ERROR] ./src/app/(workspace)/kalender/page.tsx:2:1
Error: Module not found: Can't resolve '@/components/calendar-view'
  1 | import type { Metadata } from "next";
> 2 | import { CalendarView } from "@/components/calendar-view";
    | ^^^^^^^^^^^^^^^^^^^^^^^^^^^^^^^^^^^^^^^^^^^^^^^^^^^^^^^^^^
  3 | import { getCalendarEvents } from "@/backend/services/queries";
  4 | import { getPreferences } from "@/backend/services/preferences";
  5 | import { monthRangeUtc } from "@/lib/dates";

Import map: aliased to relative './src/components/calendar-view' inside of [project]/

https://nextjs.org/docs/messages/module-not-found @ http://localhost:3000/_next/static/chunks/node_modules_next_dist_1e8vcs8._.js:1052
[  595159ms] [ERROR] ./src/app/(workspace)/kalender/page.tsx:2:1
Error: Module not found: Can't resolve '@/components/calendar-view'
  1 | import type { Metadata } from "next";
> 2 | import { CalendarView } from "@/components/calendar-view";
    | ^^^^^^^^^^^^^^^^^^^^^^^^^^^^^^^^^^^^^^^^^^^^^^^^^^^^^^^^^^
  3 | import { getCalendarEvents } from "@/backend/services/queries";
  4 | import { getPreferences } from "@/backend/services/preferences";
  5 | import { monthRangeUtc } from "@/lib/dates";

Import map: aliased to relative './src/components/calendar-view' inside of [project]/

https://nextjs.org/docs/messages/module-not-found @ http://localhost:3000/_next/static/chunks/node_modules_next_dist_1e8vcs8._.js:1052
[  595235ms] [ERROR] ./src/app/(workspace)/kalender/page.tsx:2:1
Error: Module not found: Can't resolve '@/components/calendar-view'
  1 | import type { Metadata } from "next";
> 2 | import { CalendarView } from "@/components/calendar-view";
    | ^^^^^^^^^^^^^^^^^^^^^^^^^^^^^^^^^^^^^^^^^^^^^^^^^^^^^^^^^^
  3 | import { getCalendarEvents } from "@/backend/services/queries";
  4 | import { getPreferences } from "@/backend/services/preferences";
  5 | import { monthRangeUtc } from "@/lib/dates";

Import map: aliased to relative './src/components/calendar-view' inside of [project]/

https://nextjs.org/docs/messages/module-not-found @ http://localhost:3000/_next/static/chunks/node_modules_next_dist_1e8vcs8._.js:1052
[  595332ms] [ERROR] ./src/app/(workspace)/kalender/page.tsx:2:1
Error: Module not found: Can't resolve '@/components/calendar-view'
  1 | import type { Metadata } from "next";
> 2 | import { CalendarView } from "@/components/calendar-view";
    | ^^^^^^^^^^^^^^^^^^^^^^^^^^^^^^^^^^^^^^^^^^^^^^^^^^^^^^^^^^
  3 | import { getCalendarEvents } from "@/backend/services/queries";
  4 | import { getPreferences } from "@/backend/services/preferences";
  5 | import { monthRangeUtc } from "@/lib/dates";

Import map: aliased to relative './src/components/calendar-view' inside of [project]/

https://nextjs.org/docs/messages/module-not-found @ http://localhost:3000/_next/static/chunks/node_modules_next_dist_1e8vcs8._.js:1052
[  595400ms] [ERROR] ./src/app/(workspace)/kalender/page.tsx:2:1
Error: Module not found: Can't resolve '@/components/calendar-view'
  1 | import type { Metadata } from "next";
> 2 | import { CalendarView } from "@/components/calendar-view";
    | ^^^^^^^^^^^^^^^^^^^^^^^^^^^^^^^^^^^^^^^^^^^^^^^^^^^^^^^^^^
  3 | import { getCalendarEvents } from "@/backend/services/queries";
  4 | import { getPreferences } from "@/backend/services/preferences";
  5 | import { monthRangeUtc } from "@/lib/dates";

Import map: aliased to relative './src/components/calendar-view' inside of [project]/

https://nextjs.org/docs/messages/module-not-found @ http://localhost:3000/_next/static/chunks/node_modules_next_dist_1e8vcs8._.js:1052
[  595482ms] [ERROR] ./src/app/(workspace)/kalender/page.tsx:2:1
Error: Module not found: Can't resolve '@/components/calendar-view'
  1 | import type { Metadata } from "next";
> 2 | import { CalendarView } from "@/components/calendar-view";
    | ^^^^^^^^^^^^^^^^^^^^^^^^^^^^^^^^^^^^^^^^^^^^^^^^^^^^^^^^^^
  3 | import { getCalendarEvents } from "@/backend/services/queries";
  4 | import { getPreferences } from "@/backend/services/preferences";
  5 | import { monthRangeUtc } from "@/lib/dates";

Import map: aliased to relative './src/components/calendar-view' inside of [project]/

https://nextjs.org/docs/messages/module-not-found @ http://localhost:3000/_next/static/chunks/node_modules_next_dist_1e8vcs8._.js:1052
[  595562ms] [ERROR] ./src/app/(workspace)/kalender/page.tsx:2:1
Error: Module not found: Can't resolve '@/components/calendar-view'
  1 | import type { Metadata } from "next";
> 2 | import { CalendarView } from "@/components/calendar-view";
    | ^^^^^^^^^^^^^^^^^^^^^^^^^^^^^^^^^^^^^^^^^^^^^^^^^^^^^^^^^^
  3 | import { getCalendarEvents } from "@/backend/services/queries";
  4 | import { getPreferences } from "@/backend/services/preferences";
  5 | import { monthRangeUtc } from "@/lib/dates";

Import map: aliased to relative './src/components/calendar-view' inside of [project]/

https://nextjs.org/docs/messages/module-not-found @ http://localhost:3000/_next/static/chunks/node_modules_next_dist_1e8vcs8._.js:1052
[  595643ms] [ERROR] ./src/app/(workspace)/kalender/page.tsx:2:1
Error: Module not found: Can't resolve '@/components/calendar-view'
  1 | import type { Metadata } from "next";
> 2 | import { CalendarView } from "@/components/calendar-view";
    | ^^^^^^^^^^^^^^^^^^^^^^^^^^^^^^^^^^^^^^^^^^^^^^^^^^^^^^^^^^
  3 | import { getCalendarEvents } from "@/backend/services/queries";
  4 | import { getPreferences } from "@/backend/services/preferences";
  5 | import { monthRangeUtc } from "@/lib/dates";

Import map: aliased to relative './src/components/calendar-view' inside of [project]/

https://nextjs.org/docs/messages/module-not-found @ http://localhost:3000/_next/static/chunks/node_modules_next_dist_1e8vcs8._.js:1052
[  595721ms] [ERROR] ./src/app/(workspace)/kalender/page.tsx:2:1
Error: Module not found: Can't resolve '@/components/calendar-view'
  1 | import type { Metadata } from "next";
> 2 | import { CalendarView } from "@/components/calendar-view";
    | ^^^^^^^^^^^^^^^^^^^^^^^^^^^^^^^^^^^^^^^^^^^^^^^^^^^^^^^^^^
  3 | import { getCalendarEvents } from "@/backend/services/queries";
  4 | import { getPreferences } from "@/backend/services/preferences";
  5 | import { monthRangeUtc } from "@/lib/dates";

Import map: aliased to relative './src/components/calendar-view' inside of [project]/

https://nextjs.org/docs/messages/module-not-found @ http://localhost:3000/_next/static/chunks/node_modules_next_dist_1e8vcs8._.js:1052
[  595816ms] [ERROR] ./src/app/(workspace)/kalender/page.tsx:2:1
Error: Module not found: Can't resolve '@/components/calendar-view'
  1 | import type { Metadata } from "next";
> 2 | import { CalendarView } from "@/components/calendar-view";
    | ^^^^^^^^^^^^^^^^^^^^^^^^^^^^^^^^^^^^^^^^^^^^^^^^^^^^^^^^^^
  3 | import { getCalendarEvents } from "@/backend/services/queries";
  4 | import { getPreferences } from "@/backend/services/preferences";
  5 | import { monthRangeUtc } from "@/lib/dates";

Import map: aliased to relative './src/components/calendar-view' inside of [project]/

https://nextjs.org/docs/messages/module-not-found @ http://localhost:3000/_next/static/chunks/node_modules_next_dist_1e8vcs8._.js:1052
[  595904ms] [ERROR] ./src/app/(workspace)/kalender/page.tsx:2:1
Error: Module not found: Can't resolve '@/components/calendar-view'
  1 | import type { Metadata } from "next";
> 2 | import { CalendarView } from "@/components/calendar-view";
    | ^^^^^^^^^^^^^^^^^^^^^^^^^^^^^^^^^^^^^^^^^^^^^^^^^^^^^^^^^^
  3 | import { getCalendarEvents } from "@/backend/services/queries";
  4 | import { getPreferences } from "@/backend/services/preferences";
  5 | import { monthRangeUtc } from "@/lib/dates";

Import map: aliased to relative './src/components/calendar-view' inside of [project]/

https://nextjs.org/docs/messages/module-not-found @ http://localhost:3000/_next/static/chunks/node_modules_next_dist_1e8vcs8._.js:1052
[  595974ms] [ERROR] ./src/app/(workspace)/kalender/page.tsx:2:1
Error: Module not found: Can't resolve '@/components/calendar-view'
  1 | import type { Metadata } from "next";
> 2 | import { CalendarView } from "@/components/calendar-view";
    | ^^^^^^^^^^^^^^^^^^^^^^^^^^^^^^^^^^^^^^^^^^^^^^^^^^^^^^^^^^
  3 | import { getCalendarEvents } from "@/backend/services/queries";
  4 | import { getPreferences } from "@/backend/services/preferences";
  5 | import { monthRangeUtc } from "@/lib/dates";

Import map: aliased to relative './src/components/calendar-view' inside of [project]/

https://nextjs.org/docs/messages/module-not-found @ http://localhost:3000/_next/static/chunks/node_modules_next_dist_1e8vcs8._.js:1052
[  596058ms] [ERROR] ./src/app/(workspace)/kalender/page.tsx:2:1
Error: Module not found: Can't resolve '@/components/calendar-view'
  1 | import type { Metadata } from "next";
> 2 | import { CalendarView } from "@/components/calendar-view";
    | ^^^^^^^^^^^^^^^^^^^^^^^^^^^^^^^^^^^^^^^^^^^^^^^^^^^^^^^^^^
  3 | import { getCalendarEvents } from "@/backend/services/queries";
  4 | import { getPreferences } from "@/backend/services/preferences";
  5 | import { monthRangeUtc } from "@/lib/dates";

Import map: aliased to relative './src/components/calendar-view' inside of [project]/

https://nextjs.org/docs/messages/module-not-found @ http://localhost:3000/_next/static/chunks/node_modules_next_dist_1e8vcs8._.js:1052
[  596133ms] [ERROR] ./src/app/(workspace)/kalender/page.tsx:2:1
Error: Module not found: Can't resolve '@/components/calendar-view'
  1 | import type { Metadata } from "next";
> 2 | import { CalendarView } from "@/components/calendar-view";
    | ^^^^^^^^^^^^^^^^^^^^^^^^^^^^^^^^^^^^^^^^^^^^^^^^^^^^^^^^^^
  3 | import { getCalendarEvents } from "@/backend/services/queries";
  4 | import { getPreferences } from "@/backend/services/preferences";
  5 | import { monthRangeUtc } from "@/lib/dates";

Import map: aliased to relative './src/components/calendar-view' inside of [project]/

https://nextjs.org/docs/messages/module-not-found @ http://localhost:3000/_next/static/chunks/node_modules_next_dist_1e8vcs8._.js:1052
[  596212ms] [ERROR] ./src/app/(workspace)/kalender/page.tsx:2:1
Error: Module not found: Can't resolve '@/components/calendar-view'
  1 | import type { Metadata } from "next";
> 2 | import { CalendarView } from "@/components/calendar-view";
    | ^^^^^^^^^^^^^^^^^^^^^^^^^^^^^^^^^^^^^^^^^^^^^^^^^^^^^^^^^^
  3 | import { getCalendarEvents } from "@/backend/services/queries";
  4 | import { getPreferences } from "@/backend/services/preferences";
  5 | import { monthRangeUtc } from "@/lib/dates";

Import map: aliased to relative './src/components/calendar-view' inside of [project]/

https://nextjs.org/docs/messages/module-not-found @ http://localhost:3000/_next/static/chunks/node_modules_next_dist_1e8vcs8._.js:1052
[  596283ms] [ERROR] ./src/app/(workspace)/kalender/page.tsx:2:1
Error: Module not found: Can't resolve '@/components/calendar-view'
  1 | import type { Metadata } from "next";
> 2 | import { CalendarView } from "@/components/calendar-view";
    | ^^^^^^^^^^^^^^^^^^^^^^^^^^^^^^^^^^^^^^^^^^^^^^^^^^^^^^^^^^
  3 | import { getCalendarEvents } from "@/backend/services/queries";
  4 | import { getPreferences } from "@/backend/services/preferences";
  5 | import { monthRangeUtc } from "@/lib/dates";

Import map: aliased to relative './src/components/calendar-view' inside of [project]/

https://nextjs.org/docs/messages/module-not-found @ http://localhost:3000/_next/static/chunks/node_modules_next_dist_1e8vcs8._.js:1052
[  596410ms] [ERROR] ./src/app/(workspace)/kalender/page.tsx:2:1
Error: Module not found: Can't resolve '@/components/calendar-view'
  1 | import type { Metadata } from "next";
> 2 | import { CalendarView } from "@/components/calendar-view";
    | ^^^^^^^^^^^^^^^^^^^^^^^^^^^^^^^^^^^^^^^^^^^^^^^^^^^^^^^^^^
  3 | import { getCalendarEvents } from "@/backend/services/queries";
  4 | import { getPreferences } from "@/backend/services/preferences";
  5 | import { monthRangeUtc } from "@/lib/dates";

Import map: aliased to relative './src/components/calendar-view' inside of [project]/

https://nextjs.org/docs/messages/module-not-found @ http://localhost:3000/_next/static/chunks/node_modules_next_dist_1e8vcs8._.js:1052
[  596483ms] [ERROR] ./src/app/(workspace)/kalender/page.tsx:2:1
Error: Module not found: Can't resolve '@/components/calendar-view'
  1 | import type { Metadata } from "next";
> 2 | import { CalendarView } from "@/components/calendar-view";
    | ^^^^^^^^^^^^^^^^^^^^^^^^^^^^^^^^^^^^^^^^^^^^^^^^^^^^^^^^^^
  3 | import { getCalendarEvents } from "@/backend/services/queries";
  4 | import { getPreferences } from "@/backend/services/preferences";
  5 | import { monthRangeUtc } from "@/lib/dates";

Import map: aliased to relative './src/components/calendar-view' inside of [project]/

https://nextjs.org/docs/messages/module-not-found @ http://localhost:3000/_next/static/chunks/node_modules_next_dist_1e8vcs8._.js:1052
[  596589ms] [ERROR] ./src/app/(workspace)/kalender/page.tsx:2:1
Error: Module not found: Can't resolve '@/components/calendar-view'
  1 | import type { Metadata } from "next";
> 2 | import { CalendarView } from "@/components/calendar-view";
    | ^^^^^^^^^^^^^^^^^^^^^^^^^^^^^^^^^^^^^^^^^^^^^^^^^^^^^^^^^^
  3 | import { getCalendarEvents } from "@/backend/services/queries";
  4 | import { getPreferences } from "@/backend/services/preferences";
  5 | import { monthRangeUtc } from "@/lib/dates";

Import map: aliased to relative './src/components/calendar-view' inside of [project]/

https://nextjs.org/docs/messages/module-not-found @ http://localhost:3000/_next/static/chunks/node_modules_next_dist_1e8vcs8._.js:1052
[  596680ms] [ERROR] ./src/app/(workspace)/kalender/page.tsx:2:1
Error: Module not found: Can't resolve '@/components/calendar-view'
  1 | import type { Metadata } from "next";
> 2 | import { CalendarView } from "@/components/calendar-view";
    | ^^^^^^^^^^^^^^^^^^^^^^^^^^^^^^^^^^^^^^^^^^^^^^^^^^^^^^^^^^
  3 | import { getCalendarEvents } from "@/backend/services/queries";
  4 | import { getPreferences } from "@/backend/services/preferences";
  5 | import { monthRangeUtc } from "@/lib/dates";

Import map: aliased to relative './src/components/calendar-view' inside of [project]/

https://nextjs.org/docs/messages/module-not-found @ http://localhost:3000/_next/static/chunks/node_modules_next_dist_1e8vcs8._.js:1052
[  596750ms] [ERROR] ./src/app/(workspace)/kalender/page.tsx:2:1
Error: Module not found: Can't resolve '@/components/calendar-view'
  1 | import type { Metadata } from "next";
> 2 | import { CalendarView } from "@/components/calendar-view";
    | ^^^^^^^^^^^^^^^^^^^^^^^^^^^^^^^^^^^^^^^^^^^^^^^^^^^^^^^^^^
  3 | import { getCalendarEvents } from "@/backend/services/queries";
  4 | import { getPreferences } from "@/backend/services/preferences";
  5 | import { monthRangeUtc } from "@/lib/dates";

Import map: aliased to relative './src/components/calendar-view' inside of [project]/

https://nextjs.org/docs/messages/module-not-found @ http://localhost:3000/_next/static/chunks/node_modules_next_dist_1e8vcs8._.js:1052
[  596850ms] [ERROR] ./src/app/(workspace)/kalender/page.tsx:2:1
Error: Module not found: Can't resolve '@/components/calendar-view'
  1 | import type { Metadata } from "next";
> 2 | import { CalendarView } from "@/components/calendar-view";
    | ^^^^^^^^^^^^^^^^^^^^^^^^^^^^^^^^^^^^^^^^^^^^^^^^^^^^^^^^^^
  3 | import { getCalendarEvents } from "@/backend/services/queries";
  4 | import { getPreferences } from "@/backend/services/preferences";
  5 | import { monthRangeUtc } from "@/lib/dates";

Import map: aliased to relative './src/components/calendar-view' inside of [project]/

https://nextjs.org/docs/messages/module-not-found @ http://localhost:3000/_next/static/chunks/node_modules_next_dist_1e8vcs8._.js:1052
[  596938ms] [ERROR] ./src/app/(workspace)/kalender/page.tsx:2:1
Error: Module not found: Can't resolve '@/components/calendar-view'
  1 | import type { Metadata } from "next";
> 2 | import { CalendarView } from "@/components/calendar-view";
    | ^^^^^^^^^^^^^^^^^^^^^^^^^^^^^^^^^^^^^^^^^^^^^^^^^^^^^^^^^^
  3 | import { getCalendarEvents } from "@/backend/services/queries";
  4 | import { getPreferences } from "@/backend/services/preferences";
  5 | import { monthRangeUtc } from "@/lib/dates";

Import map: aliased to relative './src/components/calendar-view' inside of [project]/

https://nextjs.org/docs/messages/module-not-found @ http://localhost:3000/_next/static/chunks/node_modules_next_dist_1e8vcs8._.js:1052
[  597013ms] [ERROR] ./src/app/(workspace)/kalender/page.tsx:2:1
Error: Module not found: Can't resolve '@/components/calendar-view'
  1 | import type { Metadata } from "next";
> 2 | import { CalendarView } from "@/components/calendar-view";
    | ^^^^^^^^^^^^^^^^^^^^^^^^^^^^^^^^^^^^^^^^^^^^^^^^^^^^^^^^^^
  3 | import { getCalendarEvents } from "@/backend/services/queries";
  4 | import { getPreferences } from "@/backend/services/preferences";
  5 | import { monthRangeUtc } from "@/lib/dates";

Import map: aliased to relative './src/components/calendar-view' inside of [project]/

https://nextjs.org/docs/messages/module-not-found @ http://localhost:3000/_next/static/chunks/node_modules_next_dist_1e8vcs8._.js:1052
[  597089ms] [ERROR] ./src/app/(workspace)/kalender/page.tsx:2:1
Error: Module not found: Can't resolve '@/components/calendar-view'
  1 | import type { Metadata } from "next";
> 2 | import { CalendarView } from "@/components/calendar-view";
    | ^^^^^^^^^^^^^^^^^^^^^^^^^^^^^^^^^^^^^^^^^^^^^^^^^^^^^^^^^^
  3 | import { getCalendarEvents } from "@/backend/services/queries";
  4 | import { getPreferences } from "@/backend/services/preferences";
  5 | import { monthRangeUtc } from "@/lib/dates";

Import map: aliased to relative './src/components/calendar-view' inside of [project]/

https://nextjs.org/docs/messages/module-not-found @ http://localhost:3000/_next/static/chunks/node_modules_next_dist_1e8vcs8._.js:1052
[  597159ms] [ERROR] ./src/app/(workspace)/kalender/page.tsx:2:1
Error: Module not found: Can't resolve '@/components/calendar-view'
  1 | import type { Metadata } from "next";
> 2 | import { CalendarView } from "@/components/calendar-view";
    | ^^^^^^^^^^^^^^^^^^^^^^^^^^^^^^^^^^^^^^^^^^^^^^^^^^^^^^^^^^
  3 | import { getCalendarEvents } from "@/backend/services/queries";
  4 | import { getPreferences } from "@/backend/services/preferences";
  5 | import { monthRangeUtc } from "@/lib/dates";

Import map: aliased to relative './src/components/calendar-view' inside of [project]/

https://nextjs.org/docs/messages/module-not-found @ http://localhost:3000/_next/static/chunks/node_modules_next_dist_1e8vcs8._.js:1052
[  597254ms] [ERROR] ./src/app/(workspace)/kalender/page.tsx:2:1
Error: Module not found: Can't resolve '@/components/calendar-view'
  1 | import type { Metadata } from "next";
> 2 | import { CalendarView } from "@/components/calendar-view";
    | ^^^^^^^^^^^^^^^^^^^^^^^^^^^^^^^^^^^^^^^^^^^^^^^^^^^^^^^^^^
  3 | import { getCalendarEvents } from "@/backend/services/queries";
  4 | import { getPreferences } from "@/backend/services/preferences";
  5 | import { monthRangeUtc } from "@/lib/dates";

Import map: aliased to relative './src/components/calendar-view' inside of [project]/

https://nextjs.org/docs/messages/module-not-found @ http://localhost:3000/_next/static/chunks/node_modules_next_dist_1e8vcs8._.js:1052
[  597331ms] [ERROR] ./src/app/(workspace)/kalender/page.tsx:2:1
Error: Module not found: Can't resolve '@/components/calendar-view'
  1 | import type { Metadata } from "next";
> 2 | import { CalendarView } from "@/components/calendar-view";
    | ^^^^^^^^^^^^^^^^^^^^^^^^^^^^^^^^^^^^^^^^^^^^^^^^^^^^^^^^^^
  3 | import { getCalendarEvents } from "@/backend/services/queries";
  4 | import { getPreferences } from "@/backend/services/preferences";
  5 | import { monthRangeUtc } from "@/lib/dates";

Import map: aliased to relative './src/components/calendar-view' inside of [project]/

https://nextjs.org/docs/messages/module-not-found @ http://localhost:3000/_next/static/chunks/node_modules_next_dist_1e8vcs8._.js:1052
[  597424ms] [ERROR] ./src/app/(workspace)/kalender/page.tsx:2:1
Error: Module not found: Can't resolve '@/components/calendar-view'
  1 | import type { Metadata } from "next";
> 2 | import { CalendarView } from "@/components/calendar-view";
    | ^^^^^^^^^^^^^^^^^^^^^^^^^^^^^^^^^^^^^^^^^^^^^^^^^^^^^^^^^^
  3 | import { getCalendarEvents } from "@/backend/services/queries";
  4 | import { getPreferences } from "@/backend/services/preferences";
  5 | import { monthRangeUtc } from "@/lib/dates";

Import map: aliased to relative './src/components/calendar-view' inside of [project]/

https://nextjs.org/docs/messages/module-not-found @ http://localhost:3000/_next/static/chunks/node_modules_next_dist_1e8vcs8._.js:1052
[  597494ms] [ERROR] ./src/app/(workspace)/kalender/page.tsx:2:1
Error: Module not found: Can't resolve '@/components/calendar-view'
  1 | import type { Metadata } from "next";
> 2 | import { CalendarView } from "@/components/calendar-view";
    | ^^^^^^^^^^^^^^^^^^^^^^^^^^^^^^^^^^^^^^^^^^^^^^^^^^^^^^^^^^
  3 | import { getCalendarEvents } from "@/backend/services/queries";
  4 | import { getPreferences } from "@/backend/services/preferences";
  5 | import { monthRangeUtc } from "@/lib/dates";

Import map: aliased to relative './src/components/calendar-view' inside of [project]/

https://nextjs.org/docs/messages/module-not-found @ http://localhost:3000/_next/static/chunks/node_modules_next_dist_1e8vcs8._.js:1052
[  597582ms] [ERROR] ./src/app/(workspace)/kalender/page.tsx:2:1
Error: Module not found: Can't resolve '@/components/calendar-view'
  1 | import type { Metadata } from "next";
> 2 | import { CalendarView } from "@/components/calendar-view";
    | ^^^^^^^^^^^^^^^^^^^^^^^^^^^^^^^^^^^^^^^^^^^^^^^^^^^^^^^^^^
  3 | import { getCalendarEvents } from "@/backend/services/queries";
  4 | import { getPreferences } from "@/backend/services/preferences";
  5 | import { monthRangeUtc } from "@/lib/dates";

Import map: aliased to relative './src/components/calendar-view' inside of [project]/

https://nextjs.org/docs/messages/module-not-found @ http://localhost:3000/_next/static/chunks/node_modules_next_dist_1e8vcs8._.js:1052
[  597654ms] [ERROR] ./src/app/(workspace)/kalender/page.tsx:2:1
Error: Module not found: Can't resolve '@/components/calendar-view'
  1 | import type { Metadata } from "next";
> 2 | import { CalendarView } from "@/components/calendar-view";
    | ^^^^^^^^^^^^^^^^^^^^^^^^^^^^^^^^^^^^^^^^^^^^^^^^^^^^^^^^^^
  3 | import { getCalendarEvents } from "@/backend/services/queries";
  4 | import { getPreferences } from "@/backend/services/preferences";
  5 | import { monthRangeUtc } from "@/lib/dates";

Import map: aliased to relative './src/components/calendar-view' inside of [project]/

https://nextjs.org/docs/messages/module-not-found @ http://localhost:3000/_next/static/chunks/node_modules_next_dist_1e8vcs8._.js:1052
[  597747ms] [ERROR] ./src/app/(workspace)/kalender/page.tsx:2:1
Error: Module not found: Can't resolve '@/components/calendar-view'
  1 | import type { Metadata } from "next";
> 2 | import { CalendarView } from "@/components/calendar-view";
    | ^^^^^^^^^^^^^^^^^^^^^^^^^^^^^^^^^^^^^^^^^^^^^^^^^^^^^^^^^^
  3 | import { getCalendarEvents } from "@/backend/services/queries";
  4 | import { getPreferences } from "@/backend/services/preferences";
  5 | import { monthRangeUtc } from "@/lib/dates";

Import map: aliased to relative './src/components/calendar-view' inside of [project]/

https://nextjs.org/docs/messages/module-not-found @ http://localhost:3000/_next/static/chunks/node_modules_next_dist_1e8vcs8._.js:1052
[  597826ms] [ERROR] ./src/app/(workspace)/kalender/page.tsx:2:1
Error: Module not found: Can't resolve '@/components/calendar-view'
  1 | import type { Metadata } from "next";
> 2 | import { CalendarView } from "@/components/calendar-view";
    | ^^^^^^^^^^^^^^^^^^^^^^^^^^^^^^^^^^^^^^^^^^^^^^^^^^^^^^^^^^
  3 | import { getCalendarEvents } from "@/backend/services/queries";
  4 | import { getPreferences } from "@/backend/services/preferences";
  5 | import { monthRangeUtc } from "@/lib/dates";

Import map: aliased to relative './src/components/calendar-view' inside of [project]/

https://nextjs.org/docs/messages/module-not-found @ http://localhost:3000/_next/static/chunks/node_modules_next_dist_1e8vcs8._.js:1052
[  597897ms] [ERROR] ./src/app/(workspace)/kalender/page.tsx:2:1
Error: Module not found: Can't resolve '@/components/calendar-view'
  1 | import type { Metadata } from "next";
> 2 | import { CalendarView } from "@/components/calendar-view";
    | ^^^^^^^^^^^^^^^^^^^^^^^^^^^^^^^^^^^^^^^^^^^^^^^^^^^^^^^^^^
  3 | import { getCalendarEvents } from "@/backend/services/queries";
  4 | import { getPreferences } from "@/backend/services/preferences";
  5 | import { monthRangeUtc } from "@/lib/dates";

Import map: aliased to relative './src/components/calendar-view' inside of [project]/

https://nextjs.org/docs/messages/module-not-found @ http://localhost:3000/_next/static/chunks/node_modules_next_dist_1e8vcs8._.js:1052
[  597999ms] [ERROR] ./src/app/(workspace)/kalender/page.tsx:2:1
Error: Module not found: Can't resolve '@/components/calendar-view'
  1 | import type { Metadata } from "next";
> 2 | import { CalendarView } from "@/components/calendar-view";
    | ^^^^^^^^^^^^^^^^^^^^^^^^^^^^^^^^^^^^^^^^^^^^^^^^^^^^^^^^^^
  3 | import { getCalendarEvents } from "@/backend/services/queries";
  4 | import { getPreferences } from "@/backend/services/preferences";
  5 | import { monthRangeUtc } from "@/lib/dates";

Import map: aliased to relative './src/components/calendar-view' inside of [project]/

https://nextjs.org/docs/messages/module-not-found @ http://localhost:3000/_next/static/chunks/node_modules_next_dist_1e8vcs8._.js:1052
[  598065ms] [ERROR] ./src/app/(workspace)/kalender/page.tsx:2:1
Error: Module not found: Can't resolve '@/components/calendar-view'
  1 | import type { Metadata } from "next";
> 2 | import { CalendarView } from "@/components/calendar-view";
    | ^^^^^^^^^^^^^^^^^^^^^^^^^^^^^^^^^^^^^^^^^^^^^^^^^^^^^^^^^^
  3 | import { getCalendarEvents } from "@/backend/services/queries";
  4 | import { getPreferences } from "@/backend/services/preferences";
  5 | import { monthRangeUtc } from "@/lib/dates";

Import map: aliased to relative './src/components/calendar-view' inside of [project]/

https://nextjs.org/docs/messages/module-not-found @ http://localhost:3000/_next/static/chunks/node_modules_next_dist_1e8vcs8._.js:1052
[  598146ms] [ERROR] ./src/app/(workspace)/kalender/page.tsx:2:1
Error: Module not found: Can't resolve '@/components/calendar-view'
  1 | import type { Metadata } from "next";
> 2 | import { CalendarView } from "@/components/calendar-view";
    | ^^^^^^^^^^^^^^^^^^^^^^^^^^^^^^^^^^^^^^^^^^^^^^^^^^^^^^^^^^
  3 | import { getCalendarEvents } from "@/backend/services/queries";
  4 | import { getPreferences } from "@/backend/services/preferences";
  5 | import { monthRangeUtc } from "@/lib/dates";

Import map: aliased to relative './src/components/calendar-view' inside of [project]/

https://nextjs.org/docs/messages/module-not-found @ http://localhost:3000/_next/static/chunks/node_modules_next_dist_1e8vcs8._.js:1052
[  598259ms] [ERROR] ./src/app/(workspace)/kalender/page.tsx:2:1
Error: Module not found: Can't resolve '@/components/calendar-view'
  1 | import type { Metadata } from "next";
> 2 | import { CalendarView } from "@/components/calendar-view";
    | ^^^^^^^^^^^^^^^^^^^^^^^^^^^^^^^^^^^^^^^^^^^^^^^^^^^^^^^^^^
  3 | import { getCalendarEvents } from "@/backend/services/queries";
  4 | import { getPreferences } from "@/backend/services/preferences";
  5 | import { monthRangeUtc } from "@/lib/dates";

Import map: aliased to relative './src/components/calendar-view' inside of [project]/

https://nextjs.org/docs/messages/module-not-found @ http://localhost:3000/_next/static/chunks/node_modules_next_dist_1e8vcs8._.js:1052
[  598361ms] [ERROR] ./src/app/(workspace)/kalender/page.tsx:2:1
Error: Module not found: Can't resolve '@/components/calendar-view'
  1 | import type { Metadata } from "next";
> 2 | import { CalendarView } from "@/components/calendar-view";
    | ^^^^^^^^^^^^^^^^^^^^^^^^^^^^^^^^^^^^^^^^^^^^^^^^^^^^^^^^^^
  3 | import { getCalendarEvents } from "@/backend/services/queries";
  4 | import { getPreferences } from "@/backend/services/preferences";
  5 | import { monthRangeUtc } from "@/lib/dates";

Import map: aliased to relative './src/components/calendar-view' inside of [project]/

https://nextjs.org/docs/messages/module-not-found @ http://localhost:3000/_next/static/chunks/node_modules_next_dist_1e8vcs8._.js:1052
[  598494ms] [ERROR] ./src/app/(workspace)/kalender/page.tsx:2:1
Error: Module not found: Can't resolve '@/components/calendar-view'
  1 | import type { Metadata } from "next";
> 2 | import { CalendarView } from "@/components/calendar-view";
    | ^^^^^^^^^^^^^^^^^^^^^^^^^^^^^^^^^^^^^^^^^^^^^^^^^^^^^^^^^^
  3 | import { getCalendarEvents } from "@/backend/services/queries";
  4 | import { getPreferences } from "@/backend/services/preferences";
  5 | import { monthRangeUtc } from "@/lib/dates";

Import map: aliased to relative './src/components/calendar-view' inside of [project]/

https://nextjs.org/docs/messages/module-not-found @ http://localhost:3000/_next/static/chunks/node_modules_next_dist_1e8vcs8._.js:1052
[  598578ms] [ERROR] ./src/app/(workspace)/kalender/page.tsx:2:1
Error: Module not found: Can't resolve '@/components/calendar-view'
  1 | import type { Metadata } from "next";
> 2 | import { CalendarView } from "@/components/calendar-view";
    | ^^^^^^^^^^^^^^^^^^^^^^^^^^^^^^^^^^^^^^^^^^^^^^^^^^^^^^^^^^
  3 | import { getCalendarEvents } from "@/backend/services/queries";
  4 | import { getPreferences } from "@/backend/services/preferences";
  5 | import { monthRangeUtc } from "@/lib/dates";

Import map: aliased to relative './src/components/calendar-view' inside of [project]/

https://nextjs.org/docs/messages/module-not-found @ http://localhost:3000/_next/static/chunks/node_modules_next_dist_1e8vcs8._.js:1052
[  598649ms] [ERROR] ./src/app/(workspace)/kalender/page.tsx:2:1
Error: Module not found: Can't resolve '@/components/calendar-view'
  1 | import type { Metadata } from "next";
> 2 | import { CalendarView } from "@/components/calendar-view";
    | ^^^^^^^^^^^^^^^^^^^^^^^^^^^^^^^^^^^^^^^^^^^^^^^^^^^^^^^^^^
  3 | import { getCalendarEvents } from "@/backend/services/queries";
  4 | import { getPreferences } from "@/backend/services/preferences";
  5 | import { monthRangeUtc } from "@/lib/dates";

Import map: aliased to relative './src/components/calendar-view' inside of [project]/

https://nextjs.org/docs/messages/module-not-found @ http://localhost:3000/_next/static/chunks/node_modules_next_dist_1e8vcs8._.js:1052
[  598724ms] [ERROR] ./src/app/(workspace)/kalender/page.tsx:2:1
Error: Module not found: Can't resolve '@/components/calendar-view'
  1 | import type { Metadata } from "next";
> 2 | import { CalendarView } from "@/components/calendar-view";
    | ^^^^^^^^^^^^^^^^^^^^^^^^^^^^^^^^^^^^^^^^^^^^^^^^^^^^^^^^^^
  3 | import { getCalendarEvents } from "@/backend/services/queries";
  4 | import { getPreferences } from "@/backend/services/preferences";
  5 | import { monthRangeUtc } from "@/lib/dates";

Import map: aliased to relative './src/components/calendar-view' inside of [project]/

https://nextjs.org/docs/messages/module-not-found @ http://localhost:3000/_next/static/chunks/node_modules_next_dist_1e8vcs8._.js:1052
[  598815ms] [ERROR] ./src/app/(workspace)/kalender/page.tsx:2:1
Error: Module not found: Can't resolve '@/components/calendar-view'
  1 | import type { Metadata } from "next";
> 2 | import { CalendarView } from "@/components/calendar-view";
    | ^^^^^^^^^^^^^^^^^^^^^^^^^^^^^^^^^^^^^^^^^^^^^^^^^^^^^^^^^^
  3 | import { getCalendarEvents } from "@/backend/services/queries";
  4 | import { getPreferences } from "@/backend/services/preferences";
  5 | import { monthRangeUtc } from "@/lib/dates";

Import map: aliased to relative './src/components/calendar-view' inside of [project]/

https://nextjs.org/docs/messages/module-not-found @ http://localhost:3000/_next/static/chunks/node_modules_next_dist_1e8vcs8._.js:1052
[  598882ms] [ERROR] ./src/app/(workspace)/kalender/page.tsx:2:1
Error: Module not found: Can't resolve '@/components/calendar-view'
  1 | import type { Metadata } from "next";
> 2 | import { CalendarView } from "@/components/calendar-view";
    | ^^^^^^^^^^^^^^^^^^^^^^^^^^^^^^^^^^^^^^^^^^^^^^^^^^^^^^^^^^
  3 | import { getCalendarEvents } from "@/backend/services/queries";
  4 | import { getPreferences } from "@/backend/services/preferences";
  5 | import { monthRangeUtc } from "@/lib/dates";

Import map: aliased to relative './src/components/calendar-view' inside of [project]/

https://nextjs.org/docs/messages/module-not-found @ http://localhost:3000/_next/static/chunks/node_modules_next_dist_1e8vcs8._.js:1052
[  598958ms] [ERROR] ./src/app/(workspace)/kalender/page.tsx:2:1
Error: Module not found: Can't resolve '@/components/calendar-view'
  1 | import type { Metadata } from "next";
> 2 | import { CalendarView } from "@/components/calendar-view";
    | ^^^^^^^^^^^^^^^^^^^^^^^^^^^^^^^^^^^^^^^^^^^^^^^^^^^^^^^^^^
  3 | import { getCalendarEvents } from "@/backend/services/queries";
  4 | import { getPreferences } from "@/backend/services/preferences";
  5 | import { monthRangeUtc } from "@/lib/dates";

Import map: aliased to relative './src/components/calendar-view' inside of [project]/

https://nextjs.org/docs/messages/module-not-found @ http://localhost:3000/_next/static/chunks/node_modules_next_dist_1e8vcs8._.js:1052
[  599049ms] [ERROR] ./src/app/(workspace)/kalender/page.tsx:2:1
Error: Module not found: Can't resolve '@/components/calendar-view'
  1 | import type { Metadata } from "next";
> 2 | import { CalendarView } from "@/components/calendar-view";
    | ^^^^^^^^^^^^^^^^^^^^^^^^^^^^^^^^^^^^^^^^^^^^^^^^^^^^^^^^^^
  3 | import { getCalendarEvents } from "@/backend/services/queries";
  4 | import { getPreferences } from "@/backend/services/preferences";
  5 | import { monthRangeUtc } from "@/lib/dates";

Import map: aliased to relative './src/components/calendar-view' inside of [project]/

https://nextjs.org/docs/messages/module-not-found @ http://localhost:3000/_next/static/chunks/node_modules_next_dist_1e8vcs8._.js:1052
[  599107ms] [ERROR] ./src/app/(workspace)/kalender/page.tsx:2:1
Error: Module not found: Can't resolve '@/components/calendar-view'
  1 | import type { Metadata } from "next";
> 2 | import { CalendarView } from "@/components/calendar-view";
    | ^^^^^^^^^^^^^^^^^^^^^^^^^^^^^^^^^^^^^^^^^^^^^^^^^^^^^^^^^^
  3 | import { getCalendarEvents } from "@/backend/services/queries";
  4 | import { getPreferences } from "@/backend/services/preferences";
  5 | import { monthRangeUtc } from "@/lib/dates";

Import map: aliased to relative './src/components/calendar-view' inside of [project]/

https://nextjs.org/docs/messages/module-not-found @ http://localhost:3000/_next/static/chunks/node_modules_next_dist_1e8vcs8._.js:1052
[  599196ms] [ERROR] ./src/app/(workspace)/kalender/page.tsx:2:1
Error: Module not found: Can't resolve '@/components/calendar-view'
  1 | import type { Metadata } from "next";
> 2 | import { CalendarView } from "@/components/calendar-view";
    | ^^^^^^^^^^^^^^^^^^^^^^^^^^^^^^^^^^^^^^^^^^^^^^^^^^^^^^^^^^
  3 | import { getCalendarEvents } from "@/backend/services/queries";
  4 | import { getPreferences } from "@/backend/services/preferences";
  5 | import { monthRangeUtc } from "@/lib/dates";

Import map: aliased to relative './src/components/calendar-view' inside of [project]/

https://nextjs.org/docs/messages/module-not-found @ http://localhost:3000/_next/static/chunks/node_modules_next_dist_1e8vcs8._.js:1052
[  599313ms] [ERROR] ./src/app/(workspace)/kalender/page.tsx:2:1
Error: Module not found: Can't resolve '@/components/calendar-view'
  1 | import type { Metadata } from "next";
> 2 | import { CalendarView } from "@/components/calendar-view";
    | ^^^^^^^^^^^^^^^^^^^^^^^^^^^^^^^^^^^^^^^^^^^^^^^^^^^^^^^^^^
  3 | import { getCalendarEvents } from "@/backend/services/queries";
  4 | import { getPreferences } from "@/backend/services/preferences";
  5 | import { monthRangeUtc } from "@/lib/dates";

Import map: aliased to relative './src/components/calendar-view' inside of [project]/

https://nextjs.org/docs/messages/module-not-found @ http://localhost:3000/_next/static/chunks/node_modules_next_dist_1e8vcs8._.js:1052
[  599379ms] [ERROR] ./src/app/(workspace)/kalender/page.tsx:2:1
Error: Module not found: Can't resolve '@/components/calendar-view'
  1 | import type { Metadata } from "next";
> 2 | import { CalendarView } from "@/components/calendar-view";
    | ^^^^^^^^^^^^^^^^^^^^^^^^^^^^^^^^^^^^^^^^^^^^^^^^^^^^^^^^^^
  3 | import { getCalendarEvents } from "@/backend/services/queries";
  4 | import { getPreferences } from "@/backend/services/preferences";
  5 | import { monthRangeUtc } from "@/lib/dates";

Import map: aliased to relative './src/components/calendar-view' inside of [project]/

https://nextjs.org/docs/messages/module-not-found @ http://localhost:3000/_next/static/chunks/node_modules_next_dist_1e8vcs8._.js:1052
[  599477ms] [ERROR] ./src/app/(workspace)/kalender/page.tsx:2:1
Error: Module not found: Can't resolve '@/components/calendar-view'
  1 | import type { Metadata } from "next";
> 2 | import { CalendarView } from "@/components/calendar-view";
    | ^^^^^^^^^^^^^^^^^^^^^^^^^^^^^^^^^^^^^^^^^^^^^^^^^^^^^^^^^^
  3 | import { getCalendarEvents } from "@/backend/services/queries";
  4 | import { getPreferences } from "@/backend/services/preferences";
  5 | import { monthRangeUtc } from "@/lib/dates";

Import map: aliased to relative './src/components/calendar-view' inside of [project]/

https://nextjs.org/docs/messages/module-not-found @ http://localhost:3000/_next/static/chunks/node_modules_next_dist_1e8vcs8._.js:1052
[  599536ms] [ERROR] ./src/app/(workspace)/kalender/page.tsx:2:1
Error: Module not found: Can't resolve '@/components/calendar-view'
  1 | import type { Metadata } from "next";
> 2 | import { CalendarView } from "@/components/calendar-view";
    | ^^^^^^^^^^^^^^^^^^^^^^^^^^^^^^^^^^^^^^^^^^^^^^^^^^^^^^^^^^
  3 | import { getCalendarEvents } from "@/backend/services/queries";
  4 | import { getPreferences } from "@/backend/services/preferences";
  5 | import { monthRangeUtc } from "@/lib/dates";

Import map: aliased to relative './src/components/calendar-view' inside of [project]/

https://nextjs.org/docs/messages/module-not-found @ http://localhost:3000/_next/static/chunks/node_modules_next_dist_1e8vcs8._.js:1052
[  599610ms] [ERROR] ./src/app/(workspace)/kalender/page.tsx:2:1
Error: Module not found: Can't resolve '@/components/calendar-view'
  1 | import type { Metadata } from "next";
> 2 | import { CalendarView } from "@/components/calendar-view";
    | ^^^^^^^^^^^^^^^^^^^^^^^^^^^^^^^^^^^^^^^^^^^^^^^^^^^^^^^^^^
  3 | import { getCalendarEvents } from "@/backend/services/queries";
  4 | import { getPreferences } from "@/backend/services/preferences";
  5 | import { monthRangeUtc } from "@/lib/dates";

Import map: aliased to relative './src/components/calendar-view' inside of [project]/

https://nextjs.org/docs/messages/module-not-found @ http://localhost:3000/_next/static/chunks/node_modules_next_dist_1e8vcs8._.js:1052
[  599672ms] [ERROR] ./src/app/(workspace)/kalender/page.tsx:2:1
Error: Module not found: Can't resolve '@/components/calendar-view'
  1 | import type { Metadata } from "next";
> 2 | import { CalendarView } from "@/components/calendar-view";
    | ^^^^^^^^^^^^^^^^^^^^^^^^^^^^^^^^^^^^^^^^^^^^^^^^^^^^^^^^^^
  3 | import { getCalendarEvents } from "@/backend/services/queries";
  4 | import { getPreferences } from "@/backend/services/preferences";
  5 | import { monthRangeUtc } from "@/lib/dates";

Import map: aliased to relative './src/components/calendar-view' inside of [project]/

https://nextjs.org/docs/messages/module-not-found @ http://localhost:3000/_next/static/chunks/node_modules_next_dist_1e8vcs8._.js:1052
[  599742ms] [ERROR] ./src/app/(workspace)/kalender/page.tsx:2:1
Error: Module not found: Can't resolve '@/components/calendar-view'
  1 | import type { Metadata } from "next";
> 2 | import { CalendarView } from "@/components/calendar-view";
    | ^^^^^^^^^^^^^^^^^^^^^^^^^^^^^^^^^^^^^^^^^^^^^^^^^^^^^^^^^^
  3 | import { getCalendarEvents } from "@/backend/services/queries";
  4 | import { getPreferences } from "@/backend/services/preferences";
  5 | import { monthRangeUtc } from "@/lib/dates";

Import map: aliased to relative './src/components/calendar-view' inside of [project]/

https://nextjs.org/docs/messages/module-not-found @ http://localhost:3000/_next/static/chunks/node_modules_next_dist_1e8vcs8._.js:1052
[  599810ms] [ERROR] ./src/app/(workspace)/kalender/page.tsx:2:1
Error: Module not found: Can't resolve '@/components/calendar-view'
  1 | import type { Metadata } from "next";
> 2 | import { CalendarView } from "@/components/calendar-view";
    | ^^^^^^^^^^^^^^^^^^^^^^^^^^^^^^^^^^^^^^^^^^^^^^^^^^^^^^^^^^
  3 | import { getCalendarEvents } from "@/backend/services/queries";
  4 | import { getPreferences } from "@/backend/services/preferences";
  5 | import { monthRangeUtc } from "@/lib/dates";

Import map: aliased to relative './src/components/calendar-view' inside of [project]/

https://nextjs.org/docs/messages/module-not-found @ http://localhost:3000/_next/static/chunks/node_modules_next_dist_1e8vcs8._.js:1052
[  599890ms] [ERROR] ./src/app/(workspace)/kalender/page.tsx:2:1
Error: Module not found: Can't resolve '@/components/calendar-view'
  1 | import type { Metadata } from "next";
> 2 | import { CalendarView } from "@/components/calendar-view";
    | ^^^^^^^^^^^^^^^^^^^^^^^^^^^^^^^^^^^^^^^^^^^^^^^^^^^^^^^^^^
  3 | import { getCalendarEvents } from "@/backend/services/queries";
  4 | import { getPreferences } from "@/backend/services/preferences";
  5 | import { monthRangeUtc } from "@/lib/dates";

Import map: aliased to relative './src/components/calendar-view' inside of [project]/

https://nextjs.org/docs/messages/module-not-found @ http://localhost:3000/_next/static/chunks/node_modules_next_dist_1e8vcs8._.js:1052
[  599977ms] [ERROR] ./src/app/(workspace)/kalender/page.tsx:2:1
Error: Module not found: Can't resolve '@/components/calendar-view'
  1 | import type { Metadata } from "next";
> 2 | import { CalendarView } from "@/components/calendar-view";
    | ^^^^^^^^^^^^^^^^^^^^^^^^^^^^^^^^^^^^^^^^^^^^^^^^^^^^^^^^^^
  3 | import { getCalendarEvents } from "@/backend/services/queries";
  4 | import { getPreferences } from "@/backend/services/preferences";
  5 | import { monthRangeUtc } from "@/lib/dates";

Import map: aliased to relative './src/components/calendar-view' inside of [project]/

https://nextjs.org/docs/messages/module-not-found @ http://localhost:3000/_next/static/chunks/node_modules_next_dist_1e8vcs8._.js:1052
[  600061ms] [ERROR] ./src/app/(workspace)/kalender/page.tsx:2:1
Error: Module not found: Can't resolve '@/components/calendar-view'
  1 | import type { Metadata } from "next";
> 2 | import { CalendarView } from "@/components/calendar-view";
    | ^^^^^^^^^^^^^^^^^^^^^^^^^^^^^^^^^^^^^^^^^^^^^^^^^^^^^^^^^^
  3 | import { getCalendarEvents } from "@/backend/services/queries";
  4 | import { getPreferences } from "@/backend/services/preferences";
  5 | import { monthRangeUtc } from "@/lib/dates";

Import map: aliased to relative './src/components/calendar-view' inside of [project]/

https://nextjs.org/docs/messages/module-not-found @ http://localhost:3000/_next/static/chunks/node_modules_next_dist_1e8vcs8._.js:1052
[  600167ms] [ERROR] ./src/app/(workspace)/kalender/page.tsx:2:1
Error: Module not found: Can't resolve '@/components/calendar-view'
  1 | import type { Metadata } from "next";
> 2 | import { CalendarView } from "@/components/calendar-view";
    | ^^^^^^^^^^^^^^^^^^^^^^^^^^^^^^^^^^^^^^^^^^^^^^^^^^^^^^^^^^
  3 | import { getCalendarEvents } from "@/backend/services/queries";
  4 | import { getPreferences } from "@/backend/services/preferences";
  5 | import { monthRangeUtc } from "@/lib/dates";

Import map: aliased to relative './src/components/calendar-view' inside of [project]/

https://nextjs.org/docs/messages/module-not-found @ http://localhost:3000/_next/static/chunks/node_modules_next_dist_1e8vcs8._.js:1052
[  600274ms] [ERROR] ./src/app/(workspace)/kalender/page.tsx:2:1
Error: Module not found: Can't resolve '@/components/calendar-view'
  1 | import type { Metadata } from "next";
> 2 | import { CalendarView } from "@/components/calendar-view";
    | ^^^^^^^^^^^^^^^^^^^^^^^^^^^^^^^^^^^^^^^^^^^^^^^^^^^^^^^^^^
  3 | import { getCalendarEvents } from "@/backend/services/queries";
  4 | import { getPreferences } from "@/backend/services/preferences";
  5 | import { monthRangeUtc } from "@/lib/dates";

Import map: aliased to relative './src/components/calendar-view' inside of [project]/

https://nextjs.org/docs/messages/module-not-found @ http://localhost:3000/_next/static/chunks/node_modules_next_dist_1e8vcs8._.js:1052
[  600343ms] [ERROR] ./src/app/(workspace)/kalender/page.tsx:2:1
Error: Module not found: Can't resolve '@/components/calendar-view'
  1 | import type { Metadata } from "next";
> 2 | import { CalendarView } from "@/components/calendar-view";
    | ^^^^^^^^^^^^^^^^^^^^^^^^^^^^^^^^^^^^^^^^^^^^^^^^^^^^^^^^^^
  3 | import { getCalendarEvents } from "@/backend/services/queries";
  4 | import { getPreferences } from "@/backend/services/preferences";
  5 | import { monthRangeUtc } from "@/lib/dates";

Import map: aliased to relative './src/components/calendar-view' inside of [project]/

https://nextjs.org/docs/messages/module-not-found @ http://localhost:3000/_next/static/chunks/node_modules_next_dist_1e8vcs8._.js:1052
[  600452ms] [ERROR] ./src/app/(workspace)/kalender/page.tsx:2:1
Error: Module not found: Can't resolve '@/components/calendar-view'
  1 | import type { Metadata } from "next";
> 2 | import { CalendarView } from "@/components/calendar-view";
    | ^^^^^^^^^^^^^^^^^^^^^^^^^^^^^^^^^^^^^^^^^^^^^^^^^^^^^^^^^^
  3 | import { getCalendarEvents } from "@/backend/services/queries";
  4 | import { getPreferences } from "@/backend/services/preferences";
  5 | import { monthRangeUtc } from "@/lib/dates";

Import map: aliased to relative './src/components/calendar-view' inside of [project]/

https://nextjs.org/docs/messages/module-not-found @ http://localhost:3000/_next/static/chunks/node_modules_next_dist_1e8vcs8._.js:1052
[  600543ms] [ERROR] ./src/app/(workspace)/kalender/page.tsx:2:1
Error: Module not found: Can't resolve '@/components/calendar-view'
  1 | import type { Metadata } from "next";
> 2 | import { CalendarView } from "@/components/calendar-view";
    | ^^^^^^^^^^^^^^^^^^^^^^^^^^^^^^^^^^^^^^^^^^^^^^^^^^^^^^^^^^
  3 | import { getCalendarEvents } from "@/backend/services/queries";
  4 | import { getPreferences } from "@/backend/services/preferences";
  5 | import { monthRangeUtc } from "@/lib/dates";

Import map: aliased to relative './src/components/calendar-view' inside of [project]/

https://nextjs.org/docs/messages/module-not-found @ http://localhost:3000/_next/static/chunks/node_modules_next_dist_1e8vcs8._.js:1052
[  600628ms] [ERROR] ./src/app/(workspace)/kalender/page.tsx:2:1
Error: Module not found: Can't resolve '@/components/calendar-view'
  1 | import type { Metadata } from "next";
> 2 | import { CalendarView } from "@/components/calendar-view";
    | ^^^^^^^^^^^^^^^^^^^^^^^^^^^^^^^^^^^^^^^^^^^^^^^^^^^^^^^^^^
  3 | import { getCalendarEvents } from "@/backend/services/queries";
  4 | import { getPreferences } from "@/backend/services/preferences";
  5 | import { monthRangeUtc } from "@/lib/dates";

Import map: aliased to relative './src/components/calendar-view' inside of [project]/

https://nextjs.org/docs/messages/module-not-found @ http://localhost:3000/_next/static/chunks/node_modules_next_dist_1e8vcs8._.js:1052
[  600724ms] [ERROR] ./src/app/(workspace)/kalender/page.tsx:2:1
Error: Module not found: Can't resolve '@/components/calendar-view'
  1 | import type { Metadata } from "next";
> 2 | import { CalendarView } from "@/components/calendar-view";
    | ^^^^^^^^^^^^^^^^^^^^^^^^^^^^^^^^^^^^^^^^^^^^^^^^^^^^^^^^^^
  3 | import { getCalendarEvents } from "@/backend/services/queries";
  4 | import { getPreferences } from "@/backend/services/preferences";
  5 | import { monthRangeUtc } from "@/lib/dates";

Import map: aliased to relative './src/components/calendar-view' inside of [project]/

https://nextjs.org/docs/messages/module-not-found @ http://localhost:3000/_next/static/chunks/node_modules_next_dist_1e8vcs8._.js:1052
[  600797ms] [ERROR] ./src/app/(workspace)/kalender/page.tsx:2:1
Error: Module not found: Can't resolve '@/components/calendar-view'
  1 | import type { Metadata } from "next";
> 2 | import { CalendarView } from "@/components/calendar-view";
    | ^^^^^^^^^^^^^^^^^^^^^^^^^^^^^^^^^^^^^^^^^^^^^^^^^^^^^^^^^^
  3 | import { getCalendarEvents } from "@/backend/services/queries";
  4 | import { getPreferences } from "@/backend/services/preferences";
  5 | import { monthRangeUtc } from "@/lib/dates";

Import map: aliased to relative './src/components/calendar-view' inside of [project]/

https://nextjs.org/docs/messages/module-not-found @ http://localhost:3000/_next/static/chunks/node_modules_next_dist_1e8vcs8._.js:1052
[  600872ms] [ERROR] ./src/app/(workspace)/kalender/page.tsx:2:1
Error: Module not found: Can't resolve '@/components/calendar-view'
  1 | import type { Metadata } from "next";
> 2 | import { CalendarView } from "@/components/calendar-view";
    | ^^^^^^^^^^^^^^^^^^^^^^^^^^^^^^^^^^^^^^^^^^^^^^^^^^^^^^^^^^
  3 | import { getCalendarEvents } from "@/backend/services/queries";
  4 | import { getPreferences } from "@/backend/services/preferences";
  5 | import { monthRangeUtc } from "@/lib/dates";

Import map: aliased to relative './src/components/calendar-view' inside of [project]/

https://nextjs.org/docs/messages/module-not-found @ http://localhost:3000/_next/static/chunks/node_modules_next_dist_1e8vcs8._.js:1052
[  600967ms] [ERROR] ./src/app/(workspace)/kalender/page.tsx:2:1
Error: Module not found: Can't resolve '@/components/calendar-view'
  1 | import type { Metadata } from "next";
> 2 | import { CalendarView } from "@/components/calendar-view";
    | ^^^^^^^^^^^^^^^^^^^^^^^^^^^^^^^^^^^^^^^^^^^^^^^^^^^^^^^^^^
  3 | import { getCalendarEvents } from "@/backend/services/queries";
  4 | import { getPreferences } from "@/backend/services/preferences";
  5 | import { monthRangeUtc } from "@/lib/dates";

Import map: aliased to relative './src/components/calendar-view' inside of [project]/

https://nextjs.org/docs/messages/module-not-found @ http://localhost:3000/_next/static/chunks/node_modules_next_dist_1e8vcs8._.js:1052
[  601050ms] [ERROR] ./src/app/(workspace)/kalender/page.tsx:2:1
Error: Module not found: Can't resolve '@/components/calendar-view'
  1 | import type { Metadata } from "next";
> 2 | import { CalendarView } from "@/components/calendar-view";
    | ^^^^^^^^^^^^^^^^^^^^^^^^^^^^^^^^^^^^^^^^^^^^^^^^^^^^^^^^^^
  3 | import { getCalendarEvents } from "@/backend/services/queries";
  4 | import { getPreferences } from "@/backend/services/preferences";
  5 | import { monthRangeUtc } from "@/lib/dates";

Import map: aliased to relative './src/components/calendar-view' inside of [project]/

https://nextjs.org/docs/messages/module-not-found @ http://localhost:3000/_next/static/chunks/node_modules_next_dist_1e8vcs8._.js:1052
[  601154ms] [ERROR] ./src/app/(workspace)/kalender/page.tsx:2:1
Error: Module not found: Can't resolve '@/components/calendar-view'
  1 | import type { Metadata } from "next";
> 2 | import { CalendarView } from "@/components/calendar-view";
    | ^^^^^^^^^^^^^^^^^^^^^^^^^^^^^^^^^^^^^^^^^^^^^^^^^^^^^^^^^^
  3 | import { getCalendarEvents } from "@/backend/services/queries";
  4 | import { getPreferences } from "@/backend/services/preferences";
  5 | import { monthRangeUtc } from "@/lib/dates";

Import map: aliased to relative './src/components/calendar-view' inside of [project]/

https://nextjs.org/docs/messages/module-not-found @ http://localhost:3000/_next/static/chunks/node_modules_next_dist_1e8vcs8._.js:1052
[  601232ms] [ERROR] ./src/app/(workspace)/kalender/page.tsx:2:1
Error: Module not found: Can't resolve '@/components/calendar-view'
  1 | import type { Metadata } from "next";
> 2 | import { CalendarView } from "@/components/calendar-view";
    | ^^^^^^^^^^^^^^^^^^^^^^^^^^^^^^^^^^^^^^^^^^^^^^^^^^^^^^^^^^
  3 | import { getCalendarEvents } from "@/backend/services/queries";
  4 | import { getPreferences } from "@/backend/services/preferences";
  5 | import { monthRangeUtc } from "@/lib/dates";

Import map: aliased to relative './src/components/calendar-view' inside of [project]/

https://nextjs.org/docs/messages/module-not-found @ http://localhost:3000/_next/static/chunks/node_modules_next_dist_1e8vcs8._.js:1052
[  601340ms] [ERROR] ./src/app/(workspace)/kalender/page.tsx:2:1
Error: Module not found: Can't resolve '@/components/calendar-view'
  1 | import type { Metadata } from "next";
> 2 | import { CalendarView } from "@/components/calendar-view";
    | ^^^^^^^^^^^^^^^^^^^^^^^^^^^^^^^^^^^^^^^^^^^^^^^^^^^^^^^^^^
  3 | import { getCalendarEvents } from "@/backend/services/queries";
  4 | import { getPreferences } from "@/backend/services/preferences";
  5 | import { monthRangeUtc } from "@/lib/dates";

Import map: aliased to relative './src/components/calendar-view' inside of [project]/

https://nextjs.org/docs/messages/module-not-found @ http://localhost:3000/_next/static/chunks/node_modules_next_dist_1e8vcs8._.js:1052
[  601435ms] [ERROR] ./src/app/(workspace)/kalender/page.tsx:2:1
Error: Module not found: Can't resolve '@/components/calendar-view'
  1 | import type { Metadata } from "next";
> 2 | import { CalendarView } from "@/components/calendar-view";
    | ^^^^^^^^^^^^^^^^^^^^^^^^^^^^^^^^^^^^^^^^^^^^^^^^^^^^^^^^^^
  3 | import { getCalendarEvents } from "@/backend/services/queries";
  4 | import { getPreferences } from "@/backend/services/preferences";
  5 | import { monthRangeUtc } from "@/lib/dates";

Import map: aliased to relative './src/components/calendar-view' inside of [project]/

https://nextjs.org/docs/messages/module-not-found @ http://localhost:3000/_next/static/chunks/node_modules_next_dist_1e8vcs8._.js:1052
[  601525ms] [ERROR] ./src/app/(workspace)/kalender/page.tsx:2:1
Error: Module not found: Can't resolve '@/components/calendar-view'
  1 | import type { Metadata } from "next";
> 2 | import { CalendarView } from "@/components/calendar-view";
    | ^^^^^^^^^^^^^^^^^^^^^^^^^^^^^^^^^^^^^^^^^^^^^^^^^^^^^^^^^^
  3 | import { getCalendarEvents } from "@/backend/services/queries";
  4 | import { getPreferences } from "@/backend/services/preferences";
  5 | import { monthRangeUtc } from "@/lib/dates";

Import map: aliased to relative './src/components/calendar-view' inside of [project]/

https://nextjs.org/docs/messages/module-not-found @ http://localhost:3000/_next/static/chunks/node_modules_next_dist_1e8vcs8._.js:1052
[  601617ms] [ERROR] ./src/app/(workspace)/kalender/page.tsx:2:1
Error: Module not found: Can't resolve '@/components/calendar-view'
  1 | import type { Metadata } from "next";
> 2 | import { CalendarView } from "@/components/calendar-view";
    | ^^^^^^^^^^^^^^^^^^^^^^^^^^^^^^^^^^^^^^^^^^^^^^^^^^^^^^^^^^
  3 | import { getCalendarEvents } from "@/backend/services/queries";
  4 | import { getPreferences } from "@/backend/services/preferences";
  5 | import { monthRangeUtc } from "@/lib/dates";

Import map: aliased to relative './src/components/calendar-view' inside of [project]/

https://nextjs.org/docs/messages/module-not-found @ http://localhost:3000/_next/static/chunks/node_modules_next_dist_1e8vcs8._.js:1052
[  601676ms] [ERROR] ./src/app/(workspace)/kalender/page.tsx:2:1
Error: Module not found: Can't resolve '@/components/calendar-view'
  1 | import type { Metadata } from "next";
> 2 | import { CalendarView } from "@/components/calendar-view";
    | ^^^^^^^^^^^^^^^^^^^^^^^^^^^^^^^^^^^^^^^^^^^^^^^^^^^^^^^^^^
  3 | import { getCalendarEvents } from "@/backend/services/queries";
  4 | import { getPreferences } from "@/backend/services/preferences";
  5 | import { monthRangeUtc } from "@/lib/dates";

Import map: aliased to relative './src/components/calendar-view' inside of [project]/

https://nextjs.org/docs/messages/module-not-found @ http://localhost:3000/_next/static/chunks/node_modules_next_dist_1e8vcs8._.js:1052
[  601776ms] [ERROR] ./src/app/(workspace)/kalender/page.tsx:2:1
Error: Module not found: Can't resolve '@/components/calendar-view'
  1 | import type { Metadata } from "next";
> 2 | import { CalendarView } from "@/components/calendar-view";
    | ^^^^^^^^^^^^^^^^^^^^^^^^^^^^^^^^^^^^^^^^^^^^^^^^^^^^^^^^^^
  3 | import { getCalendarEvents } from "@/backend/services/queries";
  4 | import { getPreferences } from "@/backend/services/preferences";
  5 | import { monthRangeUtc } from "@/lib/dates";

Import map: aliased to relative './src/components/calendar-view' inside of [project]/

https://nextjs.org/docs/messages/module-not-found @ http://localhost:3000/_next/static/chunks/node_modules_next_dist_1e8vcs8._.js:1052
[  601850ms] [ERROR] ./src/app/(workspace)/kalender/page.tsx:2:1
Error: Module not found: Can't resolve '@/components/calendar-view'
  1 | import type { Metadata } from "next";
> 2 | import { CalendarView } from "@/components/calendar-view";
    | ^^^^^^^^^^^^^^^^^^^^^^^^^^^^^^^^^^^^^^^^^^^^^^^^^^^^^^^^^^
  3 | import { getCalendarEvents } from "@/backend/services/queries";
  4 | import { getPreferences } from "@/backend/services/preferences";
  5 | import { monthRangeUtc } from "@/lib/dates";

Import map: aliased to relative './src/components/calendar-view' inside of [project]/

https://nextjs.org/docs/messages/module-not-found @ http://localhost:3000/_next/static/chunks/node_modules_next_dist_1e8vcs8._.js:1052
[  601926ms] [ERROR] ./src/app/(workspace)/kalender/page.tsx:2:1
Error: Module not found: Can't resolve '@/components/calendar-view'
  1 | import type { Metadata } from "next";
> 2 | import { CalendarView } from "@/components/calendar-view";
    | ^^^^^^^^^^^^^^^^^^^^^^^^^^^^^^^^^^^^^^^^^^^^^^^^^^^^^^^^^^
  3 | import { getCalendarEvents } from "@/backend/services/queries";
  4 | import { getPreferences } from "@/backend/services/preferences";
  5 | import { monthRangeUtc } from "@/lib/dates";

Import map: aliased to relative './src/components/calendar-view' inside of [project]/

https://nextjs.org/docs/messages/module-not-found @ http://localhost:3000/_next/static/chunks/node_modules_next_dist_1e8vcs8._.js:1052
[  601990ms] [ERROR] ./src/app/(workspace)/kalender/page.tsx:2:1
Error: Module not found: Can't resolve '@/components/calendar-view'
  1 | import type { Metadata } from "next";
> 2 | import { CalendarView } from "@/components/calendar-view";
    | ^^^^^^^^^^^^^^^^^^^^^^^^^^^^^^^^^^^^^^^^^^^^^^^^^^^^^^^^^^
  3 | import { getCalendarEvents } from "@/backend/services/queries";
  4 | import { getPreferences } from "@/backend/services/preferences";
  5 | import { monthRangeUtc } from "@/lib/dates";

Import map: aliased to relative './src/components/calendar-view' inside of [project]/

https://nextjs.org/docs/messages/module-not-found @ http://localhost:3000/_next/static/chunks/node_modules_next_dist_1e8vcs8._.js:1052
[  602054ms] [ERROR] ./src/app/(workspace)/kalender/page.tsx:2:1
Error: Module not found: Can't resolve '@/components/calendar-view'
  1 | import type { Metadata } from "next";
> 2 | import { CalendarView } from "@/components/calendar-view";
    | ^^^^^^^^^^^^^^^^^^^^^^^^^^^^^^^^^^^^^^^^^^^^^^^^^^^^^^^^^^
  3 | import { getCalendarEvents } from "@/backend/services/queries";
  4 | import { getPreferences } from "@/backend/services/preferences";
  5 | import { monthRangeUtc } from "@/lib/dates";

Import map: aliased to relative './src/components/calendar-view' inside of [project]/

https://nextjs.org/docs/messages/module-not-found @ http://localhost:3000/_next/static/chunks/node_modules_next_dist_1e8vcs8._.js:1052
[  602118ms] [ERROR] ./src/app/(workspace)/kalender/page.tsx:2:1
Error: Module not found: Can't resolve '@/components/calendar-view'
  1 | import type { Metadata } from "next";
> 2 | import { CalendarView } from "@/components/calendar-view";
    | ^^^^^^^^^^^^^^^^^^^^^^^^^^^^^^^^^^^^^^^^^^^^^^^^^^^^^^^^^^
  3 | import { getCalendarEvents } from "@/backend/services/queries";
  4 | import { getPreferences } from "@/backend/services/preferences";
  5 | import { monthRangeUtc } from "@/lib/dates";

Import map: aliased to relative './src/components/calendar-view' inside of [project]/

https://nextjs.org/docs/messages/module-not-found @ http://localhost:3000/_next/static/chunks/node_modules_next_dist_1e8vcs8._.js:1052
[  602178ms] [ERROR] ./src/app/(workspace)/kalender/page.tsx:2:1
Error: Module not found: Can't resolve '@/components/calendar-view'
  1 | import type { Metadata } from "next";
> 2 | import { CalendarView } from "@/components/calendar-view";
    | ^^^^^^^^^^^^^^^^^^^^^^^^^^^^^^^^^^^^^^^^^^^^^^^^^^^^^^^^^^
  3 | import { getCalendarEvents } from "@/backend/services/queries";
  4 | import { getPreferences } from "@/backend/services/preferences";
  5 | import { monthRangeUtc } from "@/lib/dates";

Import map: aliased to relative './src/components/calendar-view' inside of [project]/

https://nextjs.org/docs/messages/module-not-found @ http://localhost:3000/_next/static/chunks/node_modules_next_dist_1e8vcs8._.js:1052
[  602264ms] [ERROR] ./src/app/(workspace)/kalender/page.tsx:2:1
Error: Module not found: Can't resolve '@/components/calendar-view'
  1 | import type { Metadata } from "next";
> 2 | import { CalendarView } from "@/components/calendar-view";
    | ^^^^^^^^^^^^^^^^^^^^^^^^^^^^^^^^^^^^^^^^^^^^^^^^^^^^^^^^^^
  3 | import { getCalendarEvents } from "@/backend/services/queries";
  4 | import { getPreferences } from "@/backend/services/preferences";
  5 | import { monthRangeUtc } from "@/lib/dates";

Import map: aliased to relative './src/components/calendar-view' inside of [project]/

https://nextjs.org/docs/messages/module-not-found @ http://localhost:3000/_next/static/chunks/node_modules_next_dist_1e8vcs8._.js:1052
[  602338ms] [ERROR] ./src/app/(workspace)/kalender/page.tsx:2:1
Error: Module not found: Can't resolve '@/components/calendar-view'
  1 | import type { Metadata } from "next";
> 2 | import { CalendarView } from "@/components/calendar-view";
    | ^^^^^^^^^^^^^^^^^^^^^^^^^^^^^^^^^^^^^^^^^^^^^^^^^^^^^^^^^^
  3 | import { getCalendarEvents } from "@/backend/services/queries";
  4 | import { getPreferences } from "@/backend/services/preferences";
  5 | import { monthRangeUtc } from "@/lib/dates";

Import map: aliased to relative './src/components/calendar-view' inside of [project]/

https://nextjs.org/docs/messages/module-not-found @ http://localhost:3000/_next/static/chunks/node_modules_next_dist_1e8vcs8._.js:1052
[  602421ms] [ERROR] ./src/app/(workspace)/kalender/page.tsx:2:1
Error: Module not found: Can't resolve '@/components/calendar-view'
  1 | import type { Metadata } from "next";
> 2 | import { CalendarView } from "@/components/calendar-view";
    | ^^^^^^^^^^^^^^^^^^^^^^^^^^^^^^^^^^^^^^^^^^^^^^^^^^^^^^^^^^
  3 | import { getCalendarEvents } from "@/backend/services/queries";
  4 | import { getPreferences } from "@/backend/services/preferences";
  5 | import { monthRangeUtc } from "@/lib/dates";

Import map: aliased to relative './src/components/calendar-view' inside of [project]/

https://nextjs.org/docs/messages/module-not-found @ http://localhost:3000/_next/static/chunks/node_modules_next_dist_1e8vcs8._.js:1052
[  602510ms] [ERROR] ./src/app/(workspace)/kalender/page.tsx:2:1
Error: Module not found: Can't resolve '@/components/calendar-view'
  1 | import type { Metadata } from "next";
> 2 | import { CalendarView } from "@/components/calendar-view";
    | ^^^^^^^^^^^^^^^^^^^^^^^^^^^^^^^^^^^^^^^^^^^^^^^^^^^^^^^^^^
  3 | import { getCalendarEvents } from "@/backend/services/queries";
  4 | import { getPreferences } from "@/backend/services/preferences";
  5 | import { monthRangeUtc } from "@/lib/dates";

Import map: aliased to relative './src/components/calendar-view' inside of [project]/

https://nextjs.org/docs/messages/module-not-found @ http://localhost:3000/_next/static/chunks/node_modules_next_dist_1e8vcs8._.js:1052
[  602606ms] [ERROR] ./src/app/(workspace)/kalender/page.tsx:2:1
Error: Module not found: Can't resolve '@/components/calendar-view'
  1 | import type { Metadata } from "next";
> 2 | import { CalendarView } from "@/components/calendar-view";
    | ^^^^^^^^^^^^^^^^^^^^^^^^^^^^^^^^^^^^^^^^^^^^^^^^^^^^^^^^^^
  3 | import { getCalendarEvents } from "@/backend/services/queries";
  4 | import { getPreferences } from "@/backend/services/preferences";
  5 | import { monthRangeUtc } from "@/lib/dates";

Import map: aliased to relative './src/components/calendar-view' inside of [project]/

https://nextjs.org/docs/messages/module-not-found @ http://localhost:3000/_next/static/chunks/node_modules_next_dist_1e8vcs8._.js:1052
[  602686ms] [ERROR] ./src/app/(workspace)/kalender/page.tsx:2:1
Error: Module not found: Can't resolve '@/components/calendar-view'
  1 | import type { Metadata } from "next";
> 2 | import { CalendarView } from "@/components/calendar-view";
    | ^^^^^^^^^^^^^^^^^^^^^^^^^^^^^^^^^^^^^^^^^^^^^^^^^^^^^^^^^^
  3 | import { getCalendarEvents } from "@/backend/services/queries";
  4 | import { getPreferences } from "@/backend/services/preferences";
  5 | import { monthRangeUtc } from "@/lib/dates";

Import map: aliased to relative './src/components/calendar-view' inside of [project]/

https://nextjs.org/docs/messages/module-not-found @ http://localhost:3000/_next/static/chunks/node_modules_next_dist_1e8vcs8._.js:1052
[  602762ms] [ERROR] ./src/app/(workspace)/kalender/page.tsx:2:1
Error: Module not found: Can't resolve '@/components/calendar-view'
  1 | import type { Metadata } from "next";
> 2 | import { CalendarView } from "@/components/calendar-view";
    | ^^^^^^^^^^^^^^^^^^^^^^^^^^^^^^^^^^^^^^^^^^^^^^^^^^^^^^^^^^
  3 | import { getCalendarEvents } from "@/backend/services/queries";
  4 | import { getPreferences } from "@/backend/services/preferences";
  5 | import { monthRangeUtc } from "@/lib/dates";

Import map: aliased to relative './src/components/calendar-view' inside of [project]/

https://nextjs.org/docs/messages/module-not-found @ http://localhost:3000/_next/static/chunks/node_modules_next_dist_1e8vcs8._.js:1052
[  602873ms] [ERROR] ./src/app/(workspace)/kalender/page.tsx:2:1
Error: Module not found: Can't resolve '@/components/calendar-view'
  1 | import type { Metadata } from "next";
> 2 | import { CalendarView } from "@/components/calendar-view";
    | ^^^^^^^^^^^^^^^^^^^^^^^^^^^^^^^^^^^^^^^^^^^^^^^^^^^^^^^^^^
  3 | import { getCalendarEvents } from "@/backend/services/queries";
  4 | import { getPreferences } from "@/backend/services/preferences";
  5 | import { monthRangeUtc } from "@/lib/dates";

Import map: aliased to relative './src/components/calendar-view' inside of [project]/

https://nextjs.org/docs/messages/module-not-found @ http://localhost:3000/_next/static/chunks/node_modules_next_dist_1e8vcs8._.js:1052
[  602939ms] [ERROR] ./src/app/(workspace)/kalender/page.tsx:2:1
Error: Module not found: Can't resolve '@/components/calendar-view'
  1 | import type { Metadata } from "next";
> 2 | import { CalendarView } from "@/components/calendar-view";
    | ^^^^^^^^^^^^^^^^^^^^^^^^^^^^^^^^^^^^^^^^^^^^^^^^^^^^^^^^^^
  3 | import { getCalendarEvents } from "@/backend/services/queries";
  4 | import { getPreferences } from "@/backend/services/preferences";
  5 | import { monthRangeUtc } from "@/lib/dates";

Import map: aliased to relative './src/components/calendar-view' inside of [project]/

https://nextjs.org/docs/messages/module-not-found @ http://localhost:3000/_next/static/chunks/node_modules_next_dist_1e8vcs8._.js:1052
[  603016ms] [ERROR] ./src/app/(workspace)/kalender/page.tsx:2:1
Error: Module not found: Can't resolve '@/components/calendar-view'
  1 | import type { Metadata } from "next";
> 2 | import { CalendarView } from "@/components/calendar-view";
    | ^^^^^^^^^^^^^^^^^^^^^^^^^^^^^^^^^^^^^^^^^^^^^^^^^^^^^^^^^^
  3 | import { getCalendarEvents } from "@/backend/services/queries";
  4 | import { getPreferences } from "@/backend/services/preferences";
  5 | import { monthRangeUtc } from "@/lib/dates";

Import map: aliased to relative './src/components/calendar-view' inside of [project]/

https://nextjs.org/docs/messages/module-not-found @ http://localhost:3000/_next/static/chunks/node_modules_next_dist_1e8vcs8._.js:1052
[  603117ms] [ERROR] ./src/app/(workspace)/kalender/page.tsx:2:1
Error: Module not found: Can't resolve '@/components/calendar-view'
  1 | import type { Metadata } from "next";
> 2 | import { CalendarView } from "@/components/calendar-view";
    | ^^^^^^^^^^^^^^^^^^^^^^^^^^^^^^^^^^^^^^^^^^^^^^^^^^^^^^^^^^
  3 | import { getCalendarEvents } from "@/backend/services/queries";
  4 | import { getPreferences } from "@/backend/services/preferences";
  5 | import { monthRangeUtc } from "@/lib/dates";

Import map: aliased to relative './src/components/calendar-view' inside of [project]/

https://nextjs.org/docs/messages/module-not-found @ http://localhost:3000/_next/static/chunks/node_modules_next_dist_1e8vcs8._.js:1052
[  603188ms] [ERROR] ./src/app/(workspace)/kalender/page.tsx:2:1
Error: Module not found: Can't resolve '@/components/calendar-view'
  1 | import type { Metadata } from "next";
> 2 | import { CalendarView } from "@/components/calendar-view";
    | ^^^^^^^^^^^^^^^^^^^^^^^^^^^^^^^^^^^^^^^^^^^^^^^^^^^^^^^^^^
  3 | import { getCalendarEvents } from "@/backend/services/queries";
  4 | import { getPreferences } from "@/backend/services/preferences";
  5 | import { monthRangeUtc } from "@/lib/dates";

Import map: aliased to relative './src/components/calendar-view' inside of [project]/

https://nextjs.org/docs/messages/module-not-found @ http://localhost:3000/_next/static/chunks/node_modules_next_dist_1e8vcs8._.js:1052
[  603282ms] [ERROR] ./src/app/(workspace)/kalender/page.tsx:2:1
Error: Module not found: Can't resolve '@/components/calendar-view'
  1 | import type { Metadata } from "next";
> 2 | import { CalendarView } from "@/components/calendar-view";
    | ^^^^^^^^^^^^^^^^^^^^^^^^^^^^^^^^^^^^^^^^^^^^^^^^^^^^^^^^^^
  3 | import { getCalendarEvents } from "@/backend/services/queries";
  4 | import { getPreferences } from "@/backend/services/preferences";
  5 | import { monthRangeUtc } from "@/lib/dates";

Import map: aliased to relative './src/components/calendar-view' inside of [project]/

https://nextjs.org/docs/messages/module-not-found @ http://localhost:3000/_next/static/chunks/node_modules_next_dist_1e8vcs8._.js:1052
[  603394ms] [ERROR] ./src/app/(workspace)/kalender/page.tsx:2:1
Error: Module not found: Can't resolve '@/components/calendar-view'
  1 | import type { Metadata } from "next";
> 2 | import { CalendarView } from "@/components/calendar-view";
    | ^^^^^^^^^^^^^^^^^^^^^^^^^^^^^^^^^^^^^^^^^^^^^^^^^^^^^^^^^^
  3 | import { getCalendarEvents } from "@/backend/services/queries";
  4 | import { getPreferences } from "@/backend/services/preferences";
  5 | import { monthRangeUtc } from "@/lib/dates";

Import map: aliased to relative './src/components/calendar-view' inside of [project]/

https://nextjs.org/docs/messages/module-not-found @ http://localhost:3000/_next/static/chunks/node_modules_next_dist_1e8vcs8._.js:1052
[  603475ms] [ERROR] ./src/app/(workspace)/kalender/page.tsx:2:1
Error: Module not found: Can't resolve '@/components/calendar-view'
  1 | import type { Metadata } from "next";
> 2 | import { CalendarView } from "@/components/calendar-view";
    | ^^^^^^^^^^^^^^^^^^^^^^^^^^^^^^^^^^^^^^^^^^^^^^^^^^^^^^^^^^
  3 | import { getCalendarEvents } from "@/backend/services/queries";
  4 | import { getPreferences } from "@/backend/services/preferences";
  5 | import { monthRangeUtc } from "@/lib/dates";

Import map: aliased to relative './src/components/calendar-view' inside of [project]/

https://nextjs.org/docs/messages/module-not-found @ http://localhost:3000/_next/static/chunks/node_modules_next_dist_1e8vcs8._.js:1052
[  603538ms] [ERROR] ./src/app/(workspace)/kalender/page.tsx:2:1
Error: Module not found: Can't resolve '@/components/calendar-view'
  1 | import type { Metadata } from "next";
> 2 | import { CalendarView } from "@/components/calendar-view";
    | ^^^^^^^^^^^^^^^^^^^^^^^^^^^^^^^^^^^^^^^^^^^^^^^^^^^^^^^^^^
  3 | import { getCalendarEvents } from "@/backend/services/queries";
  4 | import { getPreferences } from "@/backend/services/preferences";
  5 | import { monthRangeUtc } from "@/lib/dates";

Import map: aliased to relative './src/components/calendar-view' inside of [project]/

https://nextjs.org/docs/messages/module-not-found @ http://localhost:3000/_next/static/chunks/node_modules_next_dist_1e8vcs8._.js:1052
[  603642ms] [ERROR] ./src/app/(workspace)/kalender/page.tsx:2:1
Error: Module not found: Can't resolve '@/components/calendar-view'
  1 | import type { Metadata } from "next";
> 2 | import { CalendarView } from "@/components/calendar-view";
    | ^^^^^^^^^^^^^^^^^^^^^^^^^^^^^^^^^^^^^^^^^^^^^^^^^^^^^^^^^^
  3 | import { getCalendarEvents } from "@/backend/services/queries";
  4 | import { getPreferences } from "@/backend/services/preferences";
  5 | import { monthRangeUtc } from "@/lib/dates";

Import map: aliased to relative './src/components/calendar-view' inside of [project]/

https://nextjs.org/docs/messages/module-not-found @ http://localhost:3000/_next/static/chunks/node_modules_next_dist_1e8vcs8._.js:1052
[  603752ms] [ERROR] ./src/app/(workspace)/kalender/page.tsx:2:1
Error: Module not found: Can't resolve '@/components/calendar-view'
  1 | import type { Metadata } from "next";
> 2 | import { CalendarView } from "@/components/calendar-view";
    | ^^^^^^^^^^^^^^^^^^^^^^^^^^^^^^^^^^^^^^^^^^^^^^^^^^^^^^^^^^
  3 | import { getCalendarEvents } from "@/backend/services/queries";
  4 | import { getPreferences } from "@/backend/services/preferences";
  5 | import { monthRangeUtc } from "@/lib/dates";

Import map: aliased to relative './src/components/calendar-view' inside of [project]/

https://nextjs.org/docs/messages/module-not-found @ http://localhost:3000/_next/static/chunks/node_modules_next_dist_1e8vcs8._.js:1052
[  603840ms] [ERROR] ./src/app/(workspace)/kalender/page.tsx:2:1
Error: Module not found: Can't resolve '@/components/calendar-view'
  1 | import type { Metadata } from "next";
> 2 | import { CalendarView } from "@/components/calendar-view";
    | ^^^^^^^^^^^^^^^^^^^^^^^^^^^^^^^^^^^^^^^^^^^^^^^^^^^^^^^^^^
  3 | import { getCalendarEvents } from "@/backend/services/queries";
  4 | import { getPreferences } from "@/backend/services/preferences";
  5 | import { monthRangeUtc } from "@/lib/dates";

Import map: aliased to relative './src/components/calendar-view' inside of [project]/

https://nextjs.org/docs/messages/module-not-found @ http://localhost:3000/_next/static/chunks/node_modules_next_dist_1e8vcs8._.js:1052
[  603910ms] [ERROR] ./src/app/(workspace)/kalender/page.tsx:2:1
Error: Module not found: Can't resolve '@/components/calendar-view'
  1 | import type { Metadata } from "next";
> 2 | import { CalendarView } from "@/components/calendar-view";
    | ^^^^^^^^^^^^^^^^^^^^^^^^^^^^^^^^^^^^^^^^^^^^^^^^^^^^^^^^^^
  3 | import { getCalendarEvents } from "@/backend/services/queries";
  4 | import { getPreferences } from "@/backend/services/preferences";
  5 | import { monthRangeUtc } from "@/lib/dates";

Import map: aliased to relative './src/components/calendar-view' inside of [project]/

https://nextjs.org/docs/messages/module-not-found @ http://localhost:3000/_next/static/chunks/node_modules_next_dist_1e8vcs8._.js:1052
[  603978ms] [ERROR] ./src/app/(workspace)/kalender/page.tsx:2:1
Error: Module not found: Can't resolve '@/components/calendar-view'
  1 | import type { Metadata } from "next";
> 2 | import { CalendarView } from "@/components/calendar-view";
    | ^^^^^^^^^^^^^^^^^^^^^^^^^^^^^^^^^^^^^^^^^^^^^^^^^^^^^^^^^^
  3 | import { getCalendarEvents } from "@/backend/services/queries";
  4 | import { getPreferences } from "@/backend/services/preferences";
  5 | import { monthRangeUtc } from "@/lib/dates";

Import map: aliased to relative './src/components/calendar-view' inside of [project]/

https://nextjs.org/docs/messages/module-not-found @ http://localhost:3000/_next/static/chunks/node_modules_next_dist_1e8vcs8._.js:1052
[  604076ms] [ERROR] ./src/app/(workspace)/kalender/page.tsx:2:1
Error: Module not found: Can't resolve '@/components/calendar-view'
  1 | import type { Metadata } from "next";
> 2 | import { CalendarView } from "@/components/calendar-view";
    | ^^^^^^^^^^^^^^^^^^^^^^^^^^^^^^^^^^^^^^^^^^^^^^^^^^^^^^^^^^
  3 | import { getCalendarEvents } from "@/backend/services/queries";
  4 | import { getPreferences } from "@/backend/services/preferences";
  5 | import { monthRangeUtc } from "@/lib/dates";

Import map: aliased to relative './src/components/calendar-view' inside of [project]/

https://nextjs.org/docs/messages/module-not-found @ http://localhost:3000/_next/static/chunks/node_modules_next_dist_1e8vcs8._.js:1052
[  604156ms] [ERROR] ./src/app/(workspace)/kalender/page.tsx:2:1
Error: Module not found: Can't resolve '@/components/calendar-view'
  1 | import type { Metadata } from "next";
> 2 | import { CalendarView } from "@/components/calendar-view";
    | ^^^^^^^^^^^^^^^^^^^^^^^^^^^^^^^^^^^^^^^^^^^^^^^^^^^^^^^^^^
  3 | import { getCalendarEvents } from "@/backend/services/queries";
  4 | import { getPreferences } from "@/backend/services/preferences";
  5 | import { monthRangeUtc } from "@/lib/dates";

Import map: aliased to relative './src/components/calendar-view' inside of [project]/

https://nextjs.org/docs/messages/module-not-found @ http://localhost:3000/_next/static/chunks/node_modules_next_dist_1e8vcs8._.js:1052
[  604246ms] [ERROR] ./src/app/(workspace)/kalender/page.tsx:2:1
Error: Module not found: Can't resolve '@/components/calendar-view'
  1 | import type { Metadata } from "next";
> 2 | import { CalendarView } from "@/components/calendar-view";
    | ^^^^^^^^^^^^^^^^^^^^^^^^^^^^^^^^^^^^^^^^^^^^^^^^^^^^^^^^^^
  3 | import { getCalendarEvents } from "@/backend/services/queries";
  4 | import { getPreferences } from "@/backend/services/preferences";
  5 | import { monthRangeUtc } from "@/lib/dates";

Import map: aliased to relative './src/components/calendar-view' inside of [project]/

https://nextjs.org/docs/messages/module-not-found @ http://localhost:3000/_next/static/chunks/node_modules_next_dist_1e8vcs8._.js:1052
[  604328ms] [ERROR] ./src/app/(workspace)/kalender/page.tsx:2:1
Error: Module not found: Can't resolve '@/components/calendar-view'
  1 | import type { Metadata } from "next";
> 2 | import { CalendarView } from "@/components/calendar-view";
    | ^^^^^^^^^^^^^^^^^^^^^^^^^^^^^^^^^^^^^^^^^^^^^^^^^^^^^^^^^^
  3 | import { getCalendarEvents } from "@/backend/services/queries";
  4 | import { getPreferences } from "@/backend/services/preferences";
  5 | import { monthRangeUtc } from "@/lib/dates";

Import map: aliased to relative './src/components/calendar-view' inside of [project]/

https://nextjs.org/docs/messages/module-not-found @ http://localhost:3000/_next/static/chunks/node_modules_next_dist_1e8vcs8._.js:1052
[  604420ms] [ERROR] ./src/app/(workspace)/kalender/page.tsx:2:1
Error: Module not found: Can't resolve '@/components/calendar-view'
  1 | import type { Metadata } from "next";
> 2 | import { CalendarView } from "@/components/calendar-view";
    | ^^^^^^^^^^^^^^^^^^^^^^^^^^^^^^^^^^^^^^^^^^^^^^^^^^^^^^^^^^
  3 | import { getCalendarEvents } from "@/backend/services/queries";
  4 | import { getPreferences } from "@/backend/services/preferences";
  5 | import { monthRangeUtc } from "@/lib/dates";

Import map: aliased to relative './src/components/calendar-view' inside of [project]/

https://nextjs.org/docs/messages/module-not-found @ http://localhost:3000/_next/static/chunks/node_modules_next_dist_1e8vcs8._.js:1052
[  604494ms] [ERROR] ./src/app/(workspace)/kalender/page.tsx:2:1
Error: Module not found: Can't resolve '@/components/calendar-view'
  1 | import type { Metadata } from "next";
> 2 | import { CalendarView } from "@/components/calendar-view";
    | ^^^^^^^^^^^^^^^^^^^^^^^^^^^^^^^^^^^^^^^^^^^^^^^^^^^^^^^^^^
  3 | import { getCalendarEvents } from "@/backend/services/queries";
  4 | import { getPreferences } from "@/backend/services/preferences";
  5 | import { monthRangeUtc } from "@/lib/dates";

Import map: aliased to relative './src/components/calendar-view' inside of [project]/

https://nextjs.org/docs/messages/module-not-found @ http://localhost:3000/_next/static/chunks/node_modules_next_dist_1e8vcs8._.js:1052
[  604561ms] [ERROR] ./src/app/(workspace)/kalender/page.tsx:2:1
Error: Module not found: Can't resolve '@/components/calendar-view'
  1 | import type { Metadata } from "next";
> 2 | import { CalendarView } from "@/components/calendar-view";
    | ^^^^^^^^^^^^^^^^^^^^^^^^^^^^^^^^^^^^^^^^^^^^^^^^^^^^^^^^^^
  3 | import { getCalendarEvents } from "@/backend/services/queries";
  4 | import { getPreferences } from "@/backend/services/preferences";
  5 | import { monthRangeUtc } from "@/lib/dates";

Import map: aliased to relative './src/components/calendar-view' inside of [project]/

https://nextjs.org/docs/messages/module-not-found @ http://localhost:3000/_next/static/chunks/node_modules_next_dist_1e8vcs8._.js:1052
[  604658ms] [ERROR] ./src/app/(workspace)/kalender/page.tsx:2:1
Error: Module not found: Can't resolve '@/components/calendar-view'
  1 | import type { Metadata } from "next";
> 2 | import { CalendarView } from "@/components/calendar-view";
    | ^^^^^^^^^^^^^^^^^^^^^^^^^^^^^^^^^^^^^^^^^^^^^^^^^^^^^^^^^^
  3 | import { getCalendarEvents } from "@/backend/services/queries";
  4 | import { getPreferences } from "@/backend/services/preferences";
  5 | import { monthRangeUtc } from "@/lib/dates";

Import map: aliased to relative './src/components/calendar-view' inside of [project]/

https://nextjs.org/docs/messages/module-not-found @ http://localhost:3000/_next/static/chunks/node_modules_next_dist_1e8vcs8._.js:1052
[  604737ms] [ERROR] ./src/app/(workspace)/kalender/page.tsx:2:1
Error: Module not found: Can't resolve '@/components/calendar-view'
  1 | import type { Metadata } from "next";
> 2 | import { CalendarView } from "@/components/calendar-view";
    | ^^^^^^^^^^^^^^^^^^^^^^^^^^^^^^^^^^^^^^^^^^^^^^^^^^^^^^^^^^
  3 | import { getCalendarEvents } from "@/backend/services/queries";
  4 | import { getPreferences } from "@/backend/services/preferences";
  5 | import { monthRangeUtc } from "@/lib/dates";

Import map: aliased to relative './src/components/calendar-view' inside of [project]/

https://nextjs.org/docs/messages/module-not-found @ http://localhost:3000/_next/static/chunks/node_modules_next_dist_1e8vcs8._.js:1052
[  604827ms] [ERROR] ./src/app/(workspace)/kalender/page.tsx:2:1
Error: Module not found: Can't resolve '@/components/calendar-view'
  1 | import type { Metadata } from "next";
> 2 | import { CalendarView } from "@/components/calendar-view";
    | ^^^^^^^^^^^^^^^^^^^^^^^^^^^^^^^^^^^^^^^^^^^^^^^^^^^^^^^^^^
  3 | import { getCalendarEvents } from "@/backend/services/queries";
  4 | import { getPreferences } from "@/backend/services/preferences";
  5 | import { monthRangeUtc } from "@/lib/dates";

Import map: aliased to relative './src/components/calendar-view' inside of [project]/

https://nextjs.org/docs/messages/module-not-found @ http://localhost:3000/_next/static/chunks/node_modules_next_dist_1e8vcs8._.js:1052
[  604934ms] [ERROR] ./src/app/(workspace)/kalender/page.tsx:2:1
Error: Module not found: Can't resolve '@/components/calendar-view'
  1 | import type { Metadata } from "next";
> 2 | import { CalendarView } from "@/components/calendar-view";
    | ^^^^^^^^^^^^^^^^^^^^^^^^^^^^^^^^^^^^^^^^^^^^^^^^^^^^^^^^^^
  3 | import { getCalendarEvents } from "@/backend/services/queries";
  4 | import { getPreferences } from "@/backend/services/preferences";
  5 | import { monthRangeUtc } from "@/lib/dates";

Import map: aliased to relative './src/components/calendar-view' inside of [project]/

https://nextjs.org/docs/messages/module-not-found @ http://localhost:3000/_next/static/chunks/node_modules_next_dist_1e8vcs8._.js:1052
[  605029ms] [ERROR] ./src/app/(workspace)/kalender/page.tsx:2:1
Error: Module not found: Can't resolve '@/components/calendar-view'
  1 | import type { Metadata } from "next";
> 2 | import { CalendarView } from "@/components/calendar-view";
    | ^^^^^^^^^^^^^^^^^^^^^^^^^^^^^^^^^^^^^^^^^^^^^^^^^^^^^^^^^^
  3 | import { getCalendarEvents } from "@/backend/services/queries";
  4 | import { getPreferences } from "@/backend/services/preferences";
  5 | import { monthRangeUtc } from "@/lib/dates";

Import map: aliased to relative './src/components/calendar-view' inside of [project]/

https://nextjs.org/docs/messages/module-not-found @ http://localhost:3000/_next/static/chunks/node_modules_next_dist_1e8vcs8._.js:1052
[  605109ms] [ERROR] ./src/app/(workspace)/kalender/page.tsx:2:1
Error: Module not found: Can't resolve '@/components/calendar-view'
  1 | import type { Metadata } from "next";
> 2 | import { CalendarView } from "@/components/calendar-view";
    | ^^^^^^^^^^^^^^^^^^^^^^^^^^^^^^^^^^^^^^^^^^^^^^^^^^^^^^^^^^
  3 | import { getCalendarEvents } from "@/backend/services/queries";
  4 | import { getPreferences } from "@/backend/services/preferences";
  5 | import { monthRangeUtc } from "@/lib/dates";

Import map: aliased to relative './src/components/calendar-view' inside of [project]/

https://nextjs.org/docs/messages/module-not-found @ http://localhost:3000/_next/static/chunks/node_modules_next_dist_1e8vcs8._.js:1052
[  605178ms] [ERROR] ./src/app/(workspace)/kalender/page.tsx:2:1
Error: Module not found: Can't resolve '@/components/calendar-view'
  1 | import type { Metadata } from "next";
> 2 | import { CalendarView } from "@/components/calendar-view";
    | ^^^^^^^^^^^^^^^^^^^^^^^^^^^^^^^^^^^^^^^^^^^^^^^^^^^^^^^^^^
  3 | import { getCalendarEvents } from "@/backend/services/queries";
  4 | import { getPreferences } from "@/backend/services/preferences";
  5 | import { monthRangeUtc } from "@/lib/dates";

Import map: aliased to relative './src/components/calendar-view' inside of [project]/

https://nextjs.org/docs/messages/module-not-found @ http://localhost:3000/_next/static/chunks/node_modules_next_dist_1e8vcs8._.js:1052
[  605270ms] [ERROR] ./src/app/(workspace)/kalender/page.tsx:2:1
Error: Module not found: Can't resolve '@/components/calendar-view'
  1 | import type { Metadata } from "next";
> 2 | import { CalendarView } from "@/components/calendar-view";
    | ^^^^^^^^^^^^^^^^^^^^^^^^^^^^^^^^^^^^^^^^^^^^^^^^^^^^^^^^^^
  3 | import { getCalendarEvents } from "@/backend/services/queries";
  4 | import { getPreferences } from "@/backend/services/preferences";
  5 | import { monthRangeUtc } from "@/lib/dates";

Import map: aliased to relative './src/components/calendar-view' inside of [project]/

https://nextjs.org/docs/messages/module-not-found @ http://localhost:3000/_next/static/chunks/node_modules_next_dist_1e8vcs8._.js:1052
[  605341ms] [ERROR] ./src/app/(workspace)/kalender/page.tsx:2:1
Error: Module not found: Can't resolve '@/components/calendar-view'
  1 | import type { Metadata } from "next";
> 2 | import { CalendarView } from "@/components/calendar-view";
    | ^^^^^^^^^^^^^^^^^^^^^^^^^^^^^^^^^^^^^^^^^^^^^^^^^^^^^^^^^^
  3 | import { getCalendarEvents } from "@/backend/services/queries";
  4 | import { getPreferences } from "@/backend/services/preferences";
  5 | import { monthRangeUtc } from "@/lib/dates";

Import map: aliased to relative './src/components/calendar-view' inside of [project]/

https://nextjs.org/docs/messages/module-not-found @ http://localhost:3000/_next/static/chunks/node_modules_next_dist_1e8vcs8._.js:1052
[  605426ms] [ERROR] ./src/app/(workspace)/kalender/page.tsx:2:1
Error: Module not found: Can't resolve '@/components/calendar-view'
  1 | import type { Metadata } from "next";
> 2 | import { CalendarView } from "@/components/calendar-view";
    | ^^^^^^^^^^^^^^^^^^^^^^^^^^^^^^^^^^^^^^^^^^^^^^^^^^^^^^^^^^
  3 | import { getCalendarEvents } from "@/backend/services/queries";
  4 | import { getPreferences } from "@/backend/services/preferences";
  5 | import { monthRangeUtc } from "@/lib/dates";

Import map: aliased to relative './src/components/calendar-view' inside of [project]/

https://nextjs.org/docs/messages/module-not-found @ http://localhost:3000/_next/static/chunks/node_modules_next_dist_1e8vcs8._.js:1052
[  605511ms] [ERROR] ./src/app/(workspace)/kalender/page.tsx:2:1
Error: Module not found: Can't resolve '@/components/calendar-view'
  1 | import type { Metadata } from "next";
> 2 | import { CalendarView } from "@/components/calendar-view";
    | ^^^^^^^^^^^^^^^^^^^^^^^^^^^^^^^^^^^^^^^^^^^^^^^^^^^^^^^^^^
  3 | import { getCalendarEvents } from "@/backend/services/queries";
  4 | import { getPreferences } from "@/backend/services/preferences";
  5 | import { monthRangeUtc } from "@/lib/dates";

Import map: aliased to relative './src/components/calendar-view' inside of [project]/

https://nextjs.org/docs/messages/module-not-found @ http://localhost:3000/_next/static/chunks/node_modules_next_dist_1e8vcs8._.js:1052
[  605575ms] [ERROR] ./src/app/(workspace)/kalender/page.tsx:2:1
Error: Module not found: Can't resolve '@/components/calendar-view'
  1 | import type { Metadata } from "next";
> 2 | import { CalendarView } from "@/components/calendar-view";
    | ^^^^^^^^^^^^^^^^^^^^^^^^^^^^^^^^^^^^^^^^^^^^^^^^^^^^^^^^^^
  3 | import { getCalendarEvents } from "@/backend/services/queries";
  4 | import { getPreferences } from "@/backend/services/preferences";
  5 | import { monthRangeUtc } from "@/lib/dates";

Import map: aliased to relative './src/components/calendar-view' inside of [project]/

https://nextjs.org/docs/messages/module-not-found @ http://localhost:3000/_next/static/chunks/node_modules_next_dist_1e8vcs8._.js:1052
[  605682ms] [ERROR] ./src/app/(workspace)/kalender/page.tsx:2:1
Error: Module not found: Can't resolve '@/components/calendar-view'
  1 | import type { Metadata } from "next";
> 2 | import { CalendarView } from "@/components/calendar-view";
    | ^^^^^^^^^^^^^^^^^^^^^^^^^^^^^^^^^^^^^^^^^^^^^^^^^^^^^^^^^^
  3 | import { getCalendarEvents } from "@/backend/services/queries";
  4 | import { getPreferences } from "@/backend/services/preferences";
  5 | import { monthRangeUtc } from "@/lib/dates";

Import map: aliased to relative './src/components/calendar-view' inside of [project]/

https://nextjs.org/docs/messages/module-not-found @ http://localhost:3000/_next/static/chunks/node_modules_next_dist_1e8vcs8._.js:1052
[  605783ms] [ERROR] ./src/app/(workspace)/kalender/page.tsx:2:1
Error: Module not found: Can't resolve '@/components/calendar-view'
  1 | import type { Metadata } from "next";
> 2 | import { CalendarView } from "@/components/calendar-view";
    | ^^^^^^^^^^^^^^^^^^^^^^^^^^^^^^^^^^^^^^^^^^^^^^^^^^^^^^^^^^
  3 | import { getCalendarEvents } from "@/backend/services/queries";
  4 | import { getPreferences } from "@/backend/services/preferences";
  5 | import { monthRangeUtc } from "@/lib/dates";

Import map: aliased to relative './src/components/calendar-view' inside of [project]/

https://nextjs.org/docs/messages/module-not-found @ http://localhost:3000/_next/static/chunks/node_modules_next_dist_1e8vcs8._.js:1052
[  605867ms] [ERROR] ./src/app/(workspace)/kalender/page.tsx:2:1
Error: Module not found: Can't resolve '@/components/calendar-view'
  1 | import type { Metadata } from "next";
> 2 | import { CalendarView } from "@/components/calendar-view";
    | ^^^^^^^^^^^^^^^^^^^^^^^^^^^^^^^^^^^^^^^^^^^^^^^^^^^^^^^^^^
  3 | import { getCalendarEvents } from "@/backend/services/queries";
  4 | import { getPreferences } from "@/backend/services/preferences";
  5 | import { monthRangeUtc } from "@/lib/dates";

Import map: aliased to relative './src/components/calendar-view' inside of [project]/

https://nextjs.org/docs/messages/module-not-found @ http://localhost:3000/_next/static/chunks/node_modules_next_dist_1e8vcs8._.js:1052
[  605954ms] [ERROR] ./src/app/(workspace)/kalender/page.tsx:2:1
Error: Module not found: Can't resolve '@/components/calendar-view'
  1 | import type { Metadata } from "next";
> 2 | import { CalendarView } from "@/components/calendar-view";
    | ^^^^^^^^^^^^^^^^^^^^^^^^^^^^^^^^^^^^^^^^^^^^^^^^^^^^^^^^^^
  3 | import { getCalendarEvents } from "@/backend/services/queries";
  4 | import { getPreferences } from "@/backend/services/preferences";
  5 | import { monthRangeUtc } from "@/lib/dates";

Import map: aliased to relative './src/components/calendar-view' inside of [project]/

https://nextjs.org/docs/messages/module-not-found @ http://localhost:3000/_next/static/chunks/node_modules_next_dist_1e8vcs8._.js:1052
[  606025ms] [ERROR] ./src/app/(workspace)/kalender/page.tsx:2:1
Error: Module not found: Can't resolve '@/components/calendar-view'
  1 | import type { Metadata } from "next";
> 2 | import { CalendarView } from "@/components/calendar-view";
    | ^^^^^^^^^^^^^^^^^^^^^^^^^^^^^^^^^^^^^^^^^^^^^^^^^^^^^^^^^^
  3 | import { getCalendarEvents } from "@/backend/services/queries";
  4 | import { getPreferences } from "@/backend/services/preferences";
  5 | import { monthRangeUtc } from "@/lib/dates";

Import map: aliased to relative './src/components/calendar-view' inside of [project]/

https://nextjs.org/docs/messages/module-not-found @ http://localhost:3000/_next/static/chunks/node_modules_next_dist_1e8vcs8._.js:1052
[  606116ms] [ERROR] ./src/app/(workspace)/kalender/page.tsx:2:1
Error: Module not found: Can't resolve '@/components/calendar-view'
  1 | import type { Metadata } from "next";
> 2 | import { CalendarView } from "@/components/calendar-view";
    | ^^^^^^^^^^^^^^^^^^^^^^^^^^^^^^^^^^^^^^^^^^^^^^^^^^^^^^^^^^
  3 | import { getCalendarEvents } from "@/backend/services/queries";
  4 | import { getPreferences } from "@/backend/services/preferences";
  5 | import { monthRangeUtc } from "@/lib/dates";

Import map: aliased to relative './src/components/calendar-view' inside of [project]/

https://nextjs.org/docs/messages/module-not-found @ http://localhost:3000/_next/static/chunks/node_modules_next_dist_1e8vcs8._.js:1052
[  606196ms] [ERROR] ./src/app/(workspace)/kalender/page.tsx:2:1
Error: Module not found: Can't resolve '@/components/calendar-view'
  1 | import type { Metadata } from "next";
> 2 | import { CalendarView } from "@/components/calendar-view";
    | ^^^^^^^^^^^^^^^^^^^^^^^^^^^^^^^^^^^^^^^^^^^^^^^^^^^^^^^^^^
  3 | import { getCalendarEvents } from "@/backend/services/queries";
  4 | import { getPreferences } from "@/backend/services/preferences";
  5 | import { monthRangeUtc } from "@/lib/dates";

Import map: aliased to relative './src/components/calendar-view' inside of [project]/

https://nextjs.org/docs/messages/module-not-found @ http://localhost:3000/_next/static/chunks/node_modules_next_dist_1e8vcs8._.js:1052
[  606282ms] [ERROR] ./src/app/(workspace)/kalender/page.tsx:2:1
Error: Module not found: Can't resolve '@/components/calendar-view'
  1 | import type { Metadata } from "next";
> 2 | import { CalendarView } from "@/components/calendar-view";
    | ^^^^^^^^^^^^^^^^^^^^^^^^^^^^^^^^^^^^^^^^^^^^^^^^^^^^^^^^^^
  3 | import { getCalendarEvents } from "@/backend/services/queries";
  4 | import { getPreferences } from "@/backend/services/preferences";
  5 | import { monthRangeUtc } from "@/lib/dates";

Import map: aliased to relative './src/components/calendar-view' inside of [project]/

https://nextjs.org/docs/messages/module-not-found @ http://localhost:3000/_next/static/chunks/node_modules_next_dist_1e8vcs8._.js:1052
[  606373ms] [ERROR] ./src/app/(workspace)/kalender/page.tsx:2:1
Error: Module not found: Can't resolve '@/components/calendar-view'
  1 | import type { Metadata } from "next";
> 2 | import { CalendarView } from "@/components/calendar-view";
    | ^^^^^^^^^^^^^^^^^^^^^^^^^^^^^^^^^^^^^^^^^^^^^^^^^^^^^^^^^^
  3 | import { getCalendarEvents } from "@/backend/services/queries";
  4 | import { getPreferences } from "@/backend/services/preferences";
  5 | import { monthRangeUtc } from "@/lib/dates";

Import map: aliased to relative './src/components/calendar-view' inside of [project]/

https://nextjs.org/docs/messages/module-not-found @ http://localhost:3000/_next/static/chunks/node_modules_next_dist_1e8vcs8._.js:1052
[  606474ms] [ERROR] ./src/app/(workspace)/kalender/page.tsx:2:1
Error: Module not found: Can't resolve '@/components/calendar-view'
  1 | import type { Metadata } from "next";
> 2 | import { CalendarView } from "@/components/calendar-view";
    | ^^^^^^^^^^^^^^^^^^^^^^^^^^^^^^^^^^^^^^^^^^^^^^^^^^^^^^^^^^
  3 | import { getCalendarEvents } from "@/backend/services/queries";
  4 | import { getPreferences } from "@/backend/services/preferences";
  5 | import { monthRangeUtc } from "@/lib/dates";

Import map: aliased to relative './src/components/calendar-view' inside of [project]/

https://nextjs.org/docs/messages/module-not-found @ http://localhost:3000/_next/static/chunks/node_modules_next_dist_1e8vcs8._.js:1052
[  606528ms] [ERROR] ./src/app/(workspace)/kalender/page.tsx:2:1
Error: Module not found: Can't resolve '@/components/calendar-view'
  1 | import type { Metadata } from "next";
> 2 | import { CalendarView } from "@/components/calendar-view";
    | ^^^^^^^^^^^^^^^^^^^^^^^^^^^^^^^^^^^^^^^^^^^^^^^^^^^^^^^^^^
  3 | import { getCalendarEvents } from "@/backend/services/queries";
  4 | import { getPreferences } from "@/backend/services/preferences";
  5 | import { monthRangeUtc } from "@/lib/dates";

Import map: aliased to relative './src/components/calendar-view' inside of [project]/

https://nextjs.org/docs/messages/module-not-found @ http://localhost:3000/_next/static/chunks/node_modules_next_dist_1e8vcs8._.js:1052
[  606630ms] [ERROR] ./src/app/(workspace)/kalender/page.tsx:2:1
Error: Module not found: Can't resolve '@/components/calendar-view'
  1 | import type { Metadata } from "next";
> 2 | import { CalendarView } from "@/components/calendar-view";
    | ^^^^^^^^^^^^^^^^^^^^^^^^^^^^^^^^^^^^^^^^^^^^^^^^^^^^^^^^^^
  3 | import { getCalendarEvents } from "@/backend/services/queries";
  4 | import { getPreferences } from "@/backend/services/preferences";
  5 | import { monthRangeUtc } from "@/lib/dates";

Import map: aliased to relative './src/components/calendar-view' inside of [project]/

https://nextjs.org/docs/messages/module-not-found @ http://localhost:3000/_next/static/chunks/node_modules_next_dist_1e8vcs8._.js:1052
[  606728ms] [ERROR] ./src/app/(workspace)/kalender/page.tsx:2:1
Error: Module not found: Can't resolve '@/components/calendar-view'
  1 | import type { Metadata } from "next";
> 2 | import { CalendarView } from "@/components/calendar-view";
    | ^^^^^^^^^^^^^^^^^^^^^^^^^^^^^^^^^^^^^^^^^^^^^^^^^^^^^^^^^^
  3 | import { getCalendarEvents } from "@/backend/services/queries";
  4 | import { getPreferences } from "@/backend/services/preferences";
  5 | import { monthRangeUtc } from "@/lib/dates";

Import map: aliased to relative './src/components/calendar-view' inside of [project]/

https://nextjs.org/docs/messages/module-not-found @ http://localhost:3000/_next/static/chunks/node_modules_next_dist_1e8vcs8._.js:1052
[  606838ms] [ERROR] ./src/app/(workspace)/kalender/page.tsx:2:1
Error: Module not found: Can't resolve '@/components/calendar-view'
  1 | import type { Metadata } from "next";
> 2 | import { CalendarView } from "@/components/calendar-view";
    | ^^^^^^^^^^^^^^^^^^^^^^^^^^^^^^^^^^^^^^^^^^^^^^^^^^^^^^^^^^
  3 | import { getCalendarEvents } from "@/backend/services/queries";
  4 | import { getPreferences } from "@/backend/services/preferences";
  5 | import { monthRangeUtc } from "@/lib/dates";

Import map: aliased to relative './src/components/calendar-view' inside of [project]/

https://nextjs.org/docs/messages/module-not-found @ http://localhost:3000/_next/static/chunks/node_modules_next_dist_1e8vcs8._.js:1052
[  606928ms] [ERROR] ./src/app/(workspace)/kalender/page.tsx:2:1
Error: Module not found: Can't resolve '@/components/calendar-view'
  1 | import type { Metadata } from "next";
> 2 | import { CalendarView } from "@/components/calendar-view";
    | ^^^^^^^^^^^^^^^^^^^^^^^^^^^^^^^^^^^^^^^^^^^^^^^^^^^^^^^^^^
  3 | import { getCalendarEvents } from "@/backend/services/queries";
  4 | import { getPreferences } from "@/backend/services/preferences";
  5 | import { monthRangeUtc } from "@/lib/dates";

Import map: aliased to relative './src/components/calendar-view' inside of [project]/

https://nextjs.org/docs/messages/module-not-found @ http://localhost:3000/_next/static/chunks/node_modules_next_dist_1e8vcs8._.js:1052
[  606991ms] [ERROR] ./src/app/(workspace)/kalender/page.tsx:2:1
Error: Module not found: Can't resolve '@/components/calendar-view'
  1 | import type { Metadata } from "next";
> 2 | import { CalendarView } from "@/components/calendar-view";
    | ^^^^^^^^^^^^^^^^^^^^^^^^^^^^^^^^^^^^^^^^^^^^^^^^^^^^^^^^^^
  3 | import { getCalendarEvents } from "@/backend/services/queries";
  4 | import { getPreferences } from "@/backend/services/preferences";
  5 | import { monthRangeUtc } from "@/lib/dates";

Import map: aliased to relative './src/components/calendar-view' inside of [project]/

https://nextjs.org/docs/messages/module-not-found @ http://localhost:3000/_next/static/chunks/node_modules_next_dist_1e8vcs8._.js:1052
[  607085ms] [ERROR] ./src/app/(workspace)/kalender/page.tsx:2:1
Error: Module not found: Can't resolve '@/components/calendar-view'
  1 | import type { Metadata } from "next";
> 2 | import { CalendarView } from "@/components/calendar-view";
    | ^^^^^^^^^^^^^^^^^^^^^^^^^^^^^^^^^^^^^^^^^^^^^^^^^^^^^^^^^^
  3 | import { getCalendarEvents } from "@/backend/services/queries";
  4 | import { getPreferences } from "@/backend/services/preferences";
  5 | import { monthRangeUtc } from "@/lib/dates";

Import map: aliased to relative './src/components/calendar-view' inside of [project]/

https://nextjs.org/docs/messages/module-not-found @ http://localhost:3000/_next/static/chunks/node_modules_next_dist_1e8vcs8._.js:1052
[  607150ms] [ERROR] ./src/app/(workspace)/kalender/page.tsx:2:1
Error: Module not found: Can't resolve '@/components/calendar-view'
  1 | import type { Metadata } from "next";
> 2 | import { CalendarView } from "@/components/calendar-view";
    | ^^^^^^^^^^^^^^^^^^^^^^^^^^^^^^^^^^^^^^^^^^^^^^^^^^^^^^^^^^
  3 | import { getCalendarEvents } from "@/backend/services/queries";
  4 | import { getPreferences } from "@/backend/services/preferences";
  5 | import { monthRangeUtc } from "@/lib/dates";

Import map: aliased to relative './src/components/calendar-view' inside of [project]/

https://nextjs.org/docs/messages/module-not-found @ http://localhost:3000/_next/static/chunks/node_modules_next_dist_1e8vcs8._.js:1052
[  607244ms] [ERROR] ./src/app/(workspace)/kalender/page.tsx:2:1
Error: Module not found: Can't resolve '@/components/calendar-view'
  1 | import type { Metadata } from "next";
> 2 | import { CalendarView } from "@/components/calendar-view";
    | ^^^^^^^^^^^^^^^^^^^^^^^^^^^^^^^^^^^^^^^^^^^^^^^^^^^^^^^^^^
  3 | import { getCalendarEvents } from "@/backend/services/queries";
  4 | import { getPreferences } from "@/backend/services/preferences";
  5 | import { monthRangeUtc } from "@/lib/dates";

Import map: aliased to relative './src/components/calendar-view' inside of [project]/

https://nextjs.org/docs/messages/module-not-found @ http://localhost:3000/_next/static/chunks/node_modules_next_dist_1e8vcs8._.js:1052
[  607335ms] [ERROR] ./src/app/(workspace)/kalender/page.tsx:2:1
Error: Module not found: Can't resolve '@/components/calendar-view'
  1 | import type { Metadata } from "next";
> 2 | import { CalendarView } from "@/components/calendar-view";
    | ^^^^^^^^^^^^^^^^^^^^^^^^^^^^^^^^^^^^^^^^^^^^^^^^^^^^^^^^^^
  3 | import { getCalendarEvents } from "@/backend/services/queries";
  4 | import { getPreferences } from "@/backend/services/preferences";
  5 | import { monthRangeUtc } from "@/lib/dates";

Import map: aliased to relative './src/components/calendar-view' inside of [project]/

https://nextjs.org/docs/messages/module-not-found @ http://localhost:3000/_next/static/chunks/node_modules_next_dist_1e8vcs8._.js:1052
[  607432ms] [ERROR] ./src/app/(workspace)/kalender/page.tsx:2:1
Error: Module not found: Can't resolve '@/components/calendar-view'
  1 | import type { Metadata } from "next";
> 2 | import { CalendarView } from "@/components/calendar-view";
    | ^^^^^^^^^^^^^^^^^^^^^^^^^^^^^^^^^^^^^^^^^^^^^^^^^^^^^^^^^^
  3 | import { getCalendarEvents } from "@/backend/services/queries";
  4 | import { getPreferences } from "@/backend/services/preferences";
  5 | import { monthRangeUtc } from "@/lib/dates";

Import map: aliased to relative './src/components/calendar-view' inside of [project]/

https://nextjs.org/docs/messages/module-not-found @ http://localhost:3000/_next/static/chunks/node_modules_next_dist_1e8vcs8._.js:1052
[  607505ms] [ERROR] ./src/app/(workspace)/kalender/page.tsx:2:1
Error: Module not found: Can't resolve '@/components/calendar-view'
  1 | import type { Metadata } from "next";
> 2 | import { CalendarView } from "@/components/calendar-view";
    | ^^^^^^^^^^^^^^^^^^^^^^^^^^^^^^^^^^^^^^^^^^^^^^^^^^^^^^^^^^
  3 | import { getCalendarEvents } from "@/backend/services/queries";
  4 | import { getPreferences } from "@/backend/services/preferences";
  5 | import { monthRangeUtc } from "@/lib/dates";

Import map: aliased to relative './src/components/calendar-view' inside of [project]/

https://nextjs.org/docs/messages/module-not-found @ http://localhost:3000/_next/static/chunks/node_modules_next_dist_1e8vcs8._.js:1052
[  607620ms] [ERROR] ./src/app/(workspace)/kalender/page.tsx:2:1
Error: Module not found: Can't resolve '@/components/calendar-view'
  1 | import type { Metadata } from "next";
> 2 | import { CalendarView } from "@/components/calendar-view";
    | ^^^^^^^^^^^^^^^^^^^^^^^^^^^^^^^^^^^^^^^^^^^^^^^^^^^^^^^^^^
  3 | import { getCalendarEvents } from "@/backend/services/queries";
  4 | import { getPreferences } from "@/backend/services/preferences";
  5 | import { monthRangeUtc } from "@/lib/dates";

Import map: aliased to relative './src/components/calendar-view' inside of [project]/

https://nextjs.org/docs/messages/module-not-found @ http://localhost:3000/_next/static/chunks/node_modules_next_dist_1e8vcs8._.js:1052
[  607739ms] [ERROR] ./src/app/(workspace)/kalender/page.tsx:2:1
Error: Module not found: Can't resolve '@/components/calendar-view'
  1 | import type { Metadata } from "next";
> 2 | import { CalendarView } from "@/components/calendar-view";
    | ^^^^^^^^^^^^^^^^^^^^^^^^^^^^^^^^^^^^^^^^^^^^^^^^^^^^^^^^^^
  3 | import { getCalendarEvents } from "@/backend/services/queries";
  4 | import { getPreferences } from "@/backend/services/preferences";
  5 | import { monthRangeUtc } from "@/lib/dates";

Import map: aliased to relative './src/components/calendar-view' inside of [project]/

https://nextjs.org/docs/messages/module-not-found @ http://localhost:3000/_next/static/chunks/node_modules_next_dist_1e8vcs8._.js:1052
[  607815ms] [ERROR] ./src/app/(workspace)/kalender/page.tsx:2:1
Error: Module not found: Can't resolve '@/components/calendar-view'
  1 | import type { Metadata } from "next";
> 2 | import { CalendarView } from "@/components/calendar-view";
    | ^^^^^^^^^^^^^^^^^^^^^^^^^^^^^^^^^^^^^^^^^^^^^^^^^^^^^^^^^^
  3 | import { getCalendarEvents } from "@/backend/services/queries";
  4 | import { getPreferences } from "@/backend/services/preferences";
  5 | import { monthRangeUtc } from "@/lib/dates";

Import map: aliased to relative './src/components/calendar-view' inside of [project]/

https://nextjs.org/docs/messages/module-not-found @ http://localhost:3000/_next/static/chunks/node_modules_next_dist_1e8vcs8._.js:1052
[  607894ms] [ERROR] ./src/app/(workspace)/kalender/page.tsx:2:1
Error: Module not found: Can't resolve '@/components/calendar-view'
  1 | import type { Metadata } from "next";
> 2 | import { CalendarView } from "@/components/calendar-view";
    | ^^^^^^^^^^^^^^^^^^^^^^^^^^^^^^^^^^^^^^^^^^^^^^^^^^^^^^^^^^
  3 | import { getCalendarEvents } from "@/backend/services/queries";
  4 | import { getPreferences } from "@/backend/services/preferences";
  5 | import { monthRangeUtc } from "@/lib/dates";

Import map: aliased to relative './src/components/calendar-view' inside of [project]/

https://nextjs.org/docs/messages/module-not-found @ http://localhost:3000/_next/static/chunks/node_modules_next_dist_1e8vcs8._.js:1052
[  607996ms] [ERROR] ./src/app/(workspace)/kalender/page.tsx:2:1
Error: Module not found: Can't resolve '@/components/calendar-view'
  1 | import type { Metadata } from "next";
> 2 | import { CalendarView } from "@/components/calendar-view";
    | ^^^^^^^^^^^^^^^^^^^^^^^^^^^^^^^^^^^^^^^^^^^^^^^^^^^^^^^^^^
  3 | import { getCalendarEvents } from "@/backend/services/queries";
  4 | import { getPreferences } from "@/backend/services/preferences";
  5 | import { monthRangeUtc } from "@/lib/dates";

Import map: aliased to relative './src/components/calendar-view' inside of [project]/

https://nextjs.org/docs/messages/module-not-found @ http://localhost:3000/_next/static/chunks/node_modules_next_dist_1e8vcs8._.js:1052
[  608067ms] [ERROR] ./src/app/(workspace)/kalender/page.tsx:2:1
Error: Module not found: Can't resolve '@/components/calendar-view'
  1 | import type { Metadata } from "next";
> 2 | import { CalendarView } from "@/components/calendar-view";
    | ^^^^^^^^^^^^^^^^^^^^^^^^^^^^^^^^^^^^^^^^^^^^^^^^^^^^^^^^^^
  3 | import { getCalendarEvents } from "@/backend/services/queries";
  4 | import { getPreferences } from "@/backend/services/preferences";
  5 | import { monthRangeUtc } from "@/lib/dates";

Import map: aliased to relative './src/components/calendar-view' inside of [project]/

https://nextjs.org/docs/messages/module-not-found @ http://localhost:3000/_next/static/chunks/node_modules_next_dist_1e8vcs8._.js:1052
[  608164ms] [ERROR] ./src/app/(workspace)/kalender/page.tsx:2:1
Error: Module not found: Can't resolve '@/components/calendar-view'
  1 | import type { Metadata } from "next";
> 2 | import { CalendarView } from "@/components/calendar-view";
    | ^^^^^^^^^^^^^^^^^^^^^^^^^^^^^^^^^^^^^^^^^^^^^^^^^^^^^^^^^^
  3 | import { getCalendarEvents } from "@/backend/services/queries";
  4 | import { getPreferences } from "@/backend/services/preferences";
  5 | import { monthRangeUtc } from "@/lib/dates";

Import map: aliased to relative './src/components/calendar-view' inside of [project]/

https://nextjs.org/docs/messages/module-not-found @ http://localhost:3000/_next/static/chunks/node_modules_next_dist_1e8vcs8._.js:1052
[  608249ms] [ERROR] ./src/app/(workspace)/kalender/page.tsx:2:1
Error: Module not found: Can't resolve '@/components/calendar-view'
  1 | import type { Metadata } from "next";
> 2 | import { CalendarView } from "@/components/calendar-view";
    | ^^^^^^^^^^^^^^^^^^^^^^^^^^^^^^^^^^^^^^^^^^^^^^^^^^^^^^^^^^
  3 | import { getCalendarEvents } from "@/backend/services/queries";
  4 | import { getPreferences } from "@/backend/services/preferences";
  5 | import { monthRangeUtc } from "@/lib/dates";

Import map: aliased to relative './src/components/calendar-view' inside of [project]/

https://nextjs.org/docs/messages/module-not-found @ http://localhost:3000/_next/static/chunks/node_modules_next_dist_1e8vcs8._.js:1052
[  608316ms] [ERROR] ./src/app/(workspace)/kalender/page.tsx:2:1
Error: Module not found: Can't resolve '@/components/calendar-view'
  1 | import type { Metadata } from "next";
> 2 | import { CalendarView } from "@/components/calendar-view";
    | ^^^^^^^^^^^^^^^^^^^^^^^^^^^^^^^^^^^^^^^^^^^^^^^^^^^^^^^^^^
  3 | import { getCalendarEvents } from "@/backend/services/queries";
  4 | import { getPreferences } from "@/backend/services/preferences";
  5 | import { monthRangeUtc } from "@/lib/dates";

Import map: aliased to relative './src/components/calendar-view' inside of [project]/

https://nextjs.org/docs/messages/module-not-found @ http://localhost:3000/_next/static/chunks/node_modules_next_dist_1e8vcs8._.js:1052
[  608412ms] [ERROR] ./src/app/(workspace)/kalender/page.tsx:2:1
Error: Module not found: Can't resolve '@/components/calendar-view'
  1 | import type { Metadata } from "next";
> 2 | import { CalendarView } from "@/components/calendar-view";
    | ^^^^^^^^^^^^^^^^^^^^^^^^^^^^^^^^^^^^^^^^^^^^^^^^^^^^^^^^^^
  3 | import { getCalendarEvents } from "@/backend/services/queries";
  4 | import { getPreferences } from "@/backend/services/preferences";
  5 | import { monthRangeUtc } from "@/lib/dates";

Import map: aliased to relative './src/components/calendar-view' inside of [project]/

https://nextjs.org/docs/messages/module-not-found @ http://localhost:3000/_next/static/chunks/node_modules_next_dist_1e8vcs8._.js:1052
[  608479ms] [ERROR] ./src/app/(workspace)/kalender/page.tsx:2:1
Error: Module not found: Can't resolve '@/components/calendar-view'
  1 | import type { Metadata } from "next";
> 2 | import { CalendarView } from "@/components/calendar-view";
    | ^^^^^^^^^^^^^^^^^^^^^^^^^^^^^^^^^^^^^^^^^^^^^^^^^^^^^^^^^^
  3 | import { getCalendarEvents } from "@/backend/services/queries";
  4 | import { getPreferences } from "@/backend/services/preferences";
  5 | import { monthRangeUtc } from "@/lib/dates";

Import map: aliased to relative './src/components/calendar-view' inside of [project]/

https://nextjs.org/docs/messages/module-not-found @ http://localhost:3000/_next/static/chunks/node_modules_next_dist_1e8vcs8._.js:1052
[  608599ms] [ERROR] ./src/app/(workspace)/kalender/page.tsx:2:1
Error: Module not found: Can't resolve '@/components/calendar-view'
  1 | import type { Metadata } from "next";
> 2 | import { CalendarView } from "@/components/calendar-view";
    | ^^^^^^^^^^^^^^^^^^^^^^^^^^^^^^^^^^^^^^^^^^^^^^^^^^^^^^^^^^
  3 | import { getCalendarEvents } from "@/backend/services/queries";
  4 | import { getPreferences } from "@/backend/services/preferences";
  5 | import { monthRangeUtc } from "@/lib/dates";

Import map: aliased to relative './src/components/calendar-view' inside of [project]/

https://nextjs.org/docs/messages/module-not-found @ http://localhost:3000/_next/static/chunks/node_modules_next_dist_1e8vcs8._.js:1052
[  608684ms] [ERROR] ./src/app/(workspace)/kalender/page.tsx:2:1
Error: Module not found: Can't resolve '@/components/calendar-view'
  1 | import type { Metadata } from "next";
> 2 | import { CalendarView } from "@/components/calendar-view";
    | ^^^^^^^^^^^^^^^^^^^^^^^^^^^^^^^^^^^^^^^^^^^^^^^^^^^^^^^^^^
  3 | import { getCalendarEvents } from "@/backend/services/queries";
  4 | import { getPreferences } from "@/backend/services/preferences";
  5 | import { monthRangeUtc } from "@/lib/dates";

Import map: aliased to relative './src/components/calendar-view' inside of [project]/

https://nextjs.org/docs/messages/module-not-found @ http://localhost:3000/_next/static/chunks/node_modules_next_dist_1e8vcs8._.js:1052
[  608776ms] [ERROR] ./src/app/(workspace)/kalender/page.tsx:2:1
Error: Module not found: Can't resolve '@/components/calendar-view'
  1 | import type { Metadata } from "next";
> 2 | import { CalendarView } from "@/components/calendar-view";
    | ^^^^^^^^^^^^^^^^^^^^^^^^^^^^^^^^^^^^^^^^^^^^^^^^^^^^^^^^^^
  3 | import { getCalendarEvents } from "@/backend/services/queries";
  4 | import { getPreferences } from "@/backend/services/preferences";
  5 | import { monthRangeUtc } from "@/lib/dates";

Import map: aliased to relative './src/components/calendar-view' inside of [project]/

https://nextjs.org/docs/messages/module-not-found @ http://localhost:3000/_next/static/chunks/node_modules_next_dist_1e8vcs8._.js:1052
[  608871ms] [ERROR] ./src/app/(workspace)/kalender/page.tsx:2:1
Error: Module not found: Can't resolve '@/components/calendar-view'
  1 | import type { Metadata } from "next";
> 2 | import { CalendarView } from "@/components/calendar-view";
    | ^^^^^^^^^^^^^^^^^^^^^^^^^^^^^^^^^^^^^^^^^^^^^^^^^^^^^^^^^^
  3 | import { getCalendarEvents } from "@/backend/services/queries";
  4 | import { getPreferences } from "@/backend/services/preferences";
  5 | import { monthRangeUtc } from "@/lib/dates";

Import map: aliased to relative './src/components/calendar-view' inside of [project]/

https://nextjs.org/docs/messages/module-not-found @ http://localhost:3000/_next/static/chunks/node_modules_next_dist_1e8vcs8._.js:1052
[  608953ms] [ERROR] ./src/app/(workspace)/kalender/page.tsx:2:1
Error: Module not found: Can't resolve '@/components/calendar-view'
  1 | import type { Metadata } from "next";
> 2 | import { CalendarView } from "@/components/calendar-view";
    | ^^^^^^^^^^^^^^^^^^^^^^^^^^^^^^^^^^^^^^^^^^^^^^^^^^^^^^^^^^
  3 | import { getCalendarEvents } from "@/backend/services/queries";
  4 | import { getPreferences } from "@/backend/services/preferences";
  5 | import { monthRangeUtc } from "@/lib/dates";

Import map: aliased to relative './src/components/calendar-view' inside of [project]/

https://nextjs.org/docs/messages/module-not-found @ http://localhost:3000/_next/static/chunks/node_modules_next_dist_1e8vcs8._.js:1052
[  609035ms] [ERROR] ./src/app/(workspace)/kalender/page.tsx:2:1
Error: Module not found: Can't resolve '@/components/calendar-view'
  1 | import type { Metadata } from "next";
> 2 | import { CalendarView } from "@/components/calendar-view";
    | ^^^^^^^^^^^^^^^^^^^^^^^^^^^^^^^^^^^^^^^^^^^^^^^^^^^^^^^^^^
  3 | import { getCalendarEvents } from "@/backend/services/queries";
  4 | import { getPreferences } from "@/backend/services/preferences";
  5 | import { monthRangeUtc } from "@/lib/dates";

Import map: aliased to relative './src/components/calendar-view' inside of [project]/

https://nextjs.org/docs/messages/module-not-found @ http://localhost:3000/_next/static/chunks/node_modules_next_dist_1e8vcs8._.js:1052
[  609115ms] [ERROR] ./src/app/(workspace)/kalender/page.tsx:2:1
Error: Module not found: Can't resolve '@/components/calendar-view'
  1 | import type { Metadata } from "next";
> 2 | import { CalendarView } from "@/components/calendar-view";
    | ^^^^^^^^^^^^^^^^^^^^^^^^^^^^^^^^^^^^^^^^^^^^^^^^^^^^^^^^^^
  3 | import { getCalendarEvents } from "@/backend/services/queries";
  4 | import { getPreferences } from "@/backend/services/preferences";
  5 | import { monthRangeUtc } from "@/lib/dates";

Import map: aliased to relative './src/components/calendar-view' inside of [project]/

https://nextjs.org/docs/messages/module-not-found @ http://localhost:3000/_next/static/chunks/node_modules_next_dist_1e8vcs8._.js:1052
[  609220ms] [ERROR] ./src/app/(workspace)/kalender/page.tsx:2:1
Error: Module not found: Can't resolve '@/components/calendar-view'
  1 | import type { Metadata } from "next";
> 2 | import { CalendarView } from "@/components/calendar-view";
    | ^^^^^^^^^^^^^^^^^^^^^^^^^^^^^^^^^^^^^^^^^^^^^^^^^^^^^^^^^^
  3 | import { getCalendarEvents } from "@/backend/services/queries";
  4 | import { getPreferences } from "@/backend/services/preferences";
  5 | import { monthRangeUtc } from "@/lib/dates";

Import map: aliased to relative './src/components/calendar-view' inside of [project]/

https://nextjs.org/docs/messages/module-not-found @ http://localhost:3000/_next/static/chunks/node_modules_next_dist_1e8vcs8._.js:1052
[  609303ms] [ERROR] ./src/app/(workspace)/kalender/page.tsx:2:1
Error: Module not found: Can't resolve '@/components/calendar-view'
  1 | import type { Metadata } from "next";
> 2 | import { CalendarView } from "@/components/calendar-view";
    | ^^^^^^^^^^^^^^^^^^^^^^^^^^^^^^^^^^^^^^^^^^^^^^^^^^^^^^^^^^
  3 | import { getCalendarEvents } from "@/backend/services/queries";
  4 | import { getPreferences } from "@/backend/services/preferences";
  5 | import { monthRangeUtc } from "@/lib/dates";

Import map: aliased to relative './src/components/calendar-view' inside of [project]/

https://nextjs.org/docs/messages/module-not-found @ http://localhost:3000/_next/static/chunks/node_modules_next_dist_1e8vcs8._.js:1052
[  609387ms] [ERROR] ./src/app/(workspace)/kalender/page.tsx:2:1
Error: Module not found: Can't resolve '@/components/calendar-view'
  1 | import type { Metadata } from "next";
> 2 | import { CalendarView } from "@/components/calendar-view";
    | ^^^^^^^^^^^^^^^^^^^^^^^^^^^^^^^^^^^^^^^^^^^^^^^^^^^^^^^^^^
  3 | import { getCalendarEvents } from "@/backend/services/queries";
  4 | import { getPreferences } from "@/backend/services/preferences";
  5 | import { monthRangeUtc } from "@/lib/dates";

Import map: aliased to relative './src/components/calendar-view' inside of [project]/

https://nextjs.org/docs/messages/module-not-found @ http://localhost:3000/_next/static/chunks/node_modules_next_dist_1e8vcs8._.js:1052
[  609481ms] [ERROR] ./src/app/(workspace)/kalender/page.tsx:2:1
Error: Module not found: Can't resolve '@/components/calendar-view'
  1 | import type { Metadata } from "next";
> 2 | import { CalendarView } from "@/components/calendar-view";
    | ^^^^^^^^^^^^^^^^^^^^^^^^^^^^^^^^^^^^^^^^^^^^^^^^^^^^^^^^^^
  3 | import { getCalendarEvents } from "@/backend/services/queries";
  4 | import { getPreferences } from "@/backend/services/preferences";
  5 | import { monthRangeUtc } from "@/lib/dates";

Import map: aliased to relative './src/components/calendar-view' inside of [project]/

https://nextjs.org/docs/messages/module-not-found @ http://localhost:3000/_next/static/chunks/node_modules_next_dist_1e8vcs8._.js:1052
[  609569ms] [ERROR] ./src/app/(workspace)/kalender/page.tsx:2:1
Error: Module not found: Can't resolve '@/components/calendar-view'
  1 | import type { Metadata } from "next";
> 2 | import { CalendarView } from "@/components/calendar-view";
    | ^^^^^^^^^^^^^^^^^^^^^^^^^^^^^^^^^^^^^^^^^^^^^^^^^^^^^^^^^^
  3 | import { getCalendarEvents } from "@/backend/services/queries";
  4 | import { getPreferences } from "@/backend/services/preferences";
  5 | import { monthRangeUtc } from "@/lib/dates";

Import map: aliased to relative './src/components/calendar-view' inside of [project]/

https://nextjs.org/docs/messages/module-not-found @ http://localhost:3000/_next/static/chunks/node_modules_next_dist_1e8vcs8._.js:1052
[  609656ms] [ERROR] ./src/app/(workspace)/kalender/page.tsx:2:1
Error: Module not found: Can't resolve '@/components/calendar-view'
  1 | import type { Metadata } from "next";
> 2 | import { CalendarView } from "@/components/calendar-view";
    | ^^^^^^^^^^^^^^^^^^^^^^^^^^^^^^^^^^^^^^^^^^^^^^^^^^^^^^^^^^
  3 | import { getCalendarEvents } from "@/backend/services/queries";
  4 | import { getPreferences } from "@/backend/services/preferences";
  5 | import { monthRangeUtc } from "@/lib/dates";

Import map: aliased to relative './src/components/calendar-view' inside of [project]/

https://nextjs.org/docs/messages/module-not-found @ http://localhost:3000/_next/static/chunks/node_modules_next_dist_1e8vcs8._.js:1052
[  609729ms] [ERROR] ./src/app/(workspace)/kalender/page.tsx:2:1
Error: Module not found: Can't resolve '@/components/calendar-view'
  1 | import type { Metadata } from "next";
> 2 | import { CalendarView } from "@/components/calendar-view";
    | ^^^^^^^^^^^^^^^^^^^^^^^^^^^^^^^^^^^^^^^^^^^^^^^^^^^^^^^^^^
  3 | import { getCalendarEvents } from "@/backend/services/queries";
  4 | import { getPreferences } from "@/backend/services/preferences";
  5 | import { monthRangeUtc } from "@/lib/dates";

Import map: aliased to relative './src/components/calendar-view' inside of [project]/

https://nextjs.org/docs/messages/module-not-found @ http://localhost:3000/_next/static/chunks/node_modules_next_dist_1e8vcs8._.js:1052
[  609814ms] [ERROR] ./src/app/(workspace)/kalender/page.tsx:2:1
Error: Module not found: Can't resolve '@/components/calendar-view'
  1 | import type { Metadata } from "next";
> 2 | import { CalendarView } from "@/components/calendar-view";
    | ^^^^^^^^^^^^^^^^^^^^^^^^^^^^^^^^^^^^^^^^^^^^^^^^^^^^^^^^^^
  3 | import { getCalendarEvents } from "@/backend/services/queries";
  4 | import { getPreferences } from "@/backend/services/preferences";
  5 | import { monthRangeUtc } from "@/lib/dates";

Import map: aliased to relative './src/components/calendar-view' inside of [project]/

https://nextjs.org/docs/messages/module-not-found @ http://localhost:3000/_next/static/chunks/node_modules_next_dist_1e8vcs8._.js:1052
[  609878ms] [ERROR] ./src/app/(workspace)/kalender/page.tsx:2:1
Error: Module not found: Can't resolve '@/components/calendar-view'
  1 | import type { Metadata } from "next";
> 2 | import { CalendarView } from "@/components/calendar-view";
    | ^^^^^^^^^^^^^^^^^^^^^^^^^^^^^^^^^^^^^^^^^^^^^^^^^^^^^^^^^^
  3 | import { getCalendarEvents } from "@/backend/services/queries";
  4 | import { getPreferences } from "@/backend/services/preferences";
  5 | import { monthRangeUtc } from "@/lib/dates";

Import map: aliased to relative './src/components/calendar-view' inside of [project]/

https://nextjs.org/docs/messages/module-not-found @ http://localhost:3000/_next/static/chunks/node_modules_next_dist_1e8vcs8._.js:1052
[  609962ms] [ERROR] ./src/app/(workspace)/kalender/page.tsx:2:1
Error: Module not found: Can't resolve '@/components/calendar-view'
  1 | import type { Metadata } from "next";
> 2 | import { CalendarView } from "@/components/calendar-view";
    | ^^^^^^^^^^^^^^^^^^^^^^^^^^^^^^^^^^^^^^^^^^^^^^^^^^^^^^^^^^
  3 | import { getCalendarEvents } from "@/backend/services/queries";
  4 | import { getPreferences } from "@/backend/services/preferences";
  5 | import { monthRangeUtc } from "@/lib/dates";

Import map: aliased to relative './src/components/calendar-view' inside of [project]/

https://nextjs.org/docs/messages/module-not-found @ http://localhost:3000/_next/static/chunks/node_modules_next_dist_1e8vcs8._.js:1052
[  610062ms] [ERROR] ./src/app/(workspace)/kalender/page.tsx:2:1
Error: Module not found: Can't resolve '@/components/calendar-view'
  1 | import type { Metadata } from "next";
> 2 | import { CalendarView } from "@/components/calendar-view";
    | ^^^^^^^^^^^^^^^^^^^^^^^^^^^^^^^^^^^^^^^^^^^^^^^^^^^^^^^^^^
  3 | import { getCalendarEvents } from "@/backend/services/queries";
  4 | import { getPreferences } from "@/backend/services/preferences";
  5 | import { monthRangeUtc } from "@/lib/dates";

Import map: aliased to relative './src/components/calendar-view' inside of [project]/

https://nextjs.org/docs/messages/module-not-found @ http://localhost:3000/_next/static/chunks/node_modules_next_dist_1e8vcs8._.js:1052
[  610135ms] [ERROR] ./src/app/(workspace)/kalender/page.tsx:2:1
Error: Module not found: Can't resolve '@/components/calendar-view'
  1 | import type { Metadata } from "next";
> 2 | import { CalendarView } from "@/components/calendar-view";
    | ^^^^^^^^^^^^^^^^^^^^^^^^^^^^^^^^^^^^^^^^^^^^^^^^^^^^^^^^^^
  3 | import { getCalendarEvents } from "@/backend/services/queries";
  4 | import { getPreferences } from "@/backend/services/preferences";
  5 | import { monthRangeUtc } from "@/lib/dates";

Import map: aliased to relative './src/components/calendar-view' inside of [project]/

https://nextjs.org/docs/messages/module-not-found @ http://localhost:3000/_next/static/chunks/node_modules_next_dist_1e8vcs8._.js:1052
[  610223ms] [ERROR] ./src/app/(workspace)/kalender/page.tsx:2:1
Error: Module not found: Can't resolve '@/components/calendar-view'
  1 | import type { Metadata } from "next";
> 2 | import { CalendarView } from "@/components/calendar-view";
    | ^^^^^^^^^^^^^^^^^^^^^^^^^^^^^^^^^^^^^^^^^^^^^^^^^^^^^^^^^^
  3 | import { getCalendarEvents } from "@/backend/services/queries";
  4 | import { getPreferences } from "@/backend/services/preferences";
  5 | import { monthRangeUtc } from "@/lib/dates";

Import map: aliased to relative './src/components/calendar-view' inside of [project]/

https://nextjs.org/docs/messages/module-not-found @ http://localhost:3000/_next/static/chunks/node_modules_next_dist_1e8vcs8._.js:1052
[  610341ms] [ERROR] ./src/app/(workspace)/kalender/page.tsx:2:1
Error: Module not found: Can't resolve '@/components/calendar-view'
  1 | import type { Metadata } from "next";
> 2 | import { CalendarView } from "@/components/calendar-view";
    | ^^^^^^^^^^^^^^^^^^^^^^^^^^^^^^^^^^^^^^^^^^^^^^^^^^^^^^^^^^
  3 | import { getCalendarEvents } from "@/backend/services/queries";
  4 | import { getPreferences } from "@/backend/services/preferences";
  5 | import { monthRangeUtc } from "@/lib/dates";

Import map: aliased to relative './src/components/calendar-view' inside of [project]/

https://nextjs.org/docs/messages/module-not-found @ http://localhost:3000/_next/static/chunks/node_modules_next_dist_1e8vcs8._.js:1052
[  610412ms] [ERROR] ./src/app/(workspace)/kalender/page.tsx:2:1
Error: Module not found: Can't resolve '@/components/calendar-view'
  1 | import type { Metadata } from "next";
> 2 | import { CalendarView } from "@/components/calendar-view";
    | ^^^^^^^^^^^^^^^^^^^^^^^^^^^^^^^^^^^^^^^^^^^^^^^^^^^^^^^^^^
  3 | import { getCalendarEvents } from "@/backend/services/queries";
  4 | import { getPreferences } from "@/backend/services/preferences";
  5 | import { monthRangeUtc } from "@/lib/dates";

Import map: aliased to relative './src/components/calendar-view' inside of [project]/

https://nextjs.org/docs/messages/module-not-found @ http://localhost:3000/_next/static/chunks/node_modules_next_dist_1e8vcs8._.js:1052
[  610497ms] [ERROR] ./src/app/(workspace)/kalender/page.tsx:2:1
Error: Module not found: Can't resolve '@/components/calendar-view'
  1 | import type { Metadata } from "next";
> 2 | import { CalendarView } from "@/components/calendar-view";
    | ^^^^^^^^^^^^^^^^^^^^^^^^^^^^^^^^^^^^^^^^^^^^^^^^^^^^^^^^^^
  3 | import { getCalendarEvents } from "@/backend/services/queries";
  4 | import { getPreferences } from "@/backend/services/preferences";
  5 | import { monthRangeUtc } from "@/lib/dates";

Import map: aliased to relative './src/components/calendar-view' inside of [project]/

https://nextjs.org/docs/messages/module-not-found @ http://localhost:3000/_next/static/chunks/node_modules_next_dist_1e8vcs8._.js:1052
[  610609ms] [ERROR] ./src/app/(workspace)/kalender/page.tsx:2:1
Error: Module not found: Can't resolve '@/components/calendar-view'
  1 | import type { Metadata } from "next";
> 2 | import { CalendarView } from "@/components/calendar-view";
    | ^^^^^^^^^^^^^^^^^^^^^^^^^^^^^^^^^^^^^^^^^^^^^^^^^^^^^^^^^^
  3 | import { getCalendarEvents } from "@/backend/services/queries";
  4 | import { getPreferences } from "@/backend/services/preferences";
  5 | import { monthRangeUtc } from "@/lib/dates";

Import map: aliased to relative './src/components/calendar-view' inside of [project]/

https://nextjs.org/docs/messages/module-not-found @ http://localhost:3000/_next/static/chunks/node_modules_next_dist_1e8vcs8._.js:1052
[  610672ms] [ERROR] ./src/app/(workspace)/kalender/page.tsx:2:1
Error: Module not found: Can't resolve '@/components/calendar-view'
  1 | import type { Metadata } from "next";
> 2 | import { CalendarView } from "@/components/calendar-view";
    | ^^^^^^^^^^^^^^^^^^^^^^^^^^^^^^^^^^^^^^^^^^^^^^^^^^^^^^^^^^
  3 | import { getCalendarEvents } from "@/backend/services/queries";
  4 | import { getPreferences } from "@/backend/services/preferences";
  5 | import { monthRangeUtc } from "@/lib/dates";

Import map: aliased to relative './src/components/calendar-view' inside of [project]/

https://nextjs.org/docs/messages/module-not-found @ http://localhost:3000/_next/static/chunks/node_modules_next_dist_1e8vcs8._.js:1052
[  610774ms] [ERROR] ./src/app/(workspace)/kalender/page.tsx:2:1
Error: Module not found: Can't resolve '@/components/calendar-view'
  1 | import type { Metadata } from "next";
> 2 | import { CalendarView } from "@/components/calendar-view";
    | ^^^^^^^^^^^^^^^^^^^^^^^^^^^^^^^^^^^^^^^^^^^^^^^^^^^^^^^^^^
  3 | import { getCalendarEvents } from "@/backend/services/queries";
  4 | import { getPreferences } from "@/backend/services/preferences";
  5 | import { monthRangeUtc } from "@/lib/dates";

Import map: aliased to relative './src/components/calendar-view' inside of [project]/

https://nextjs.org/docs/messages/module-not-found @ http://localhost:3000/_next/static/chunks/node_modules_next_dist_1e8vcs8._.js:1052
[  610875ms] [ERROR] ./src/app/(workspace)/kalender/page.tsx:2:1
Error: Module not found: Can't resolve '@/components/calendar-view'
  1 | import type { Metadata } from "next";
> 2 | import { CalendarView } from "@/components/calendar-view";
    | ^^^^^^^^^^^^^^^^^^^^^^^^^^^^^^^^^^^^^^^^^^^^^^^^^^^^^^^^^^
  3 | import { getCalendarEvents } from "@/backend/services/queries";
  4 | import { getPreferences } from "@/backend/services/preferences";
  5 | import { monthRangeUtc } from "@/lib/dates";

Import map: aliased to relative './src/components/calendar-view' inside of [project]/

https://nextjs.org/docs/messages/module-not-found @ http://localhost:3000/_next/static/chunks/node_modules_next_dist_1e8vcs8._.js:1052
[  611009ms] [ERROR] ./src/app/(workspace)/kalender/page.tsx:2:1
Error: Module not found: Can't resolve '@/components/calendar-view'
  1 | import type { Metadata } from "next";
> 2 | import { CalendarView } from "@/components/calendar-view";
    | ^^^^^^^^^^^^^^^^^^^^^^^^^^^^^^^^^^^^^^^^^^^^^^^^^^^^^^^^^^
  3 | import { getCalendarEvents } from "@/backend/services/queries";
  4 | import { getPreferences } from "@/backend/services/preferences";
  5 | import { monthRangeUtc } from "@/lib/dates";

Import map: aliased to relative './src/components/calendar-view' inside of [project]/

https://nextjs.org/docs/messages/module-not-found @ http://localhost:3000/_next/static/chunks/node_modules_next_dist_1e8vcs8._.js:1052
[  611115ms] [ERROR] ./src/app/(workspace)/kalender/page.tsx:2:1
Error: Module not found: Can't resolve '@/components/calendar-view'
  1 | import type { Metadata } from "next";
> 2 | import { CalendarView } from "@/components/calendar-view";
    | ^^^^^^^^^^^^^^^^^^^^^^^^^^^^^^^^^^^^^^^^^^^^^^^^^^^^^^^^^^
  3 | import { getCalendarEvents } from "@/backend/services/queries";
  4 | import { getPreferences } from "@/backend/services/preferences";
  5 | import { monthRangeUtc } from "@/lib/dates";

Import map: aliased to relative './src/components/calendar-view' inside of [project]/

https://nextjs.org/docs/messages/module-not-found @ http://localhost:3000/_next/static/chunks/node_modules_next_dist_1e8vcs8._.js:1052
[  611209ms] [ERROR] ./src/app/(workspace)/kalender/page.tsx:2:1
Error: Module not found: Can't resolve '@/components/calendar-view'
  1 | import type { Metadata } from "next";
> 2 | import { CalendarView } from "@/components/calendar-view";
    | ^^^^^^^^^^^^^^^^^^^^^^^^^^^^^^^^^^^^^^^^^^^^^^^^^^^^^^^^^^
  3 | import { getCalendarEvents } from "@/backend/services/queries";
  4 | import { getPreferences } from "@/backend/services/preferences";
  5 | import { monthRangeUtc } from "@/lib/dates";

Import map: aliased to relative './src/components/calendar-view' inside of [project]/

https://nextjs.org/docs/messages/module-not-found @ http://localhost:3000/_next/static/chunks/node_modules_next_dist_1e8vcs8._.js:1052
[  611289ms] [ERROR] ./src/app/(workspace)/kalender/page.tsx:2:1
Error: Module not found: Can't resolve '@/components/calendar-view'
  1 | import type { Metadata } from "next";
> 2 | import { CalendarView } from "@/components/calendar-view";
    | ^^^^^^^^^^^^^^^^^^^^^^^^^^^^^^^^^^^^^^^^^^^^^^^^^^^^^^^^^^
  3 | import { getCalendarEvents } from "@/backend/services/queries";
  4 | import { getPreferences } from "@/backend/services/preferences";
  5 | import { monthRangeUtc } from "@/lib/dates";

Import map: aliased to relative './src/components/calendar-view' inside of [project]/

https://nextjs.org/docs/messages/module-not-found @ http://localhost:3000/_next/static/chunks/node_modules_next_dist_1e8vcs8._.js:1052
[  611389ms] [ERROR] ./src/app/(workspace)/kalender/page.tsx:2:1
Error: Module not found: Can't resolve '@/components/calendar-view'
  1 | import type { Metadata } from "next";
> 2 | import { CalendarView } from "@/components/calendar-view";
    | ^^^^^^^^^^^^^^^^^^^^^^^^^^^^^^^^^^^^^^^^^^^^^^^^^^^^^^^^^^
  3 | import { getCalendarEvents } from "@/backend/services/queries";
  4 | import { getPreferences } from "@/backend/services/preferences";
  5 | import { monthRangeUtc } from "@/lib/dates";

Import map: aliased to relative './src/components/calendar-view' inside of [project]/

https://nextjs.org/docs/messages/module-not-found @ http://localhost:3000/_next/static/chunks/node_modules_next_dist_1e8vcs8._.js:1052
[  611475ms] [ERROR] ./src/app/(workspace)/kalender/page.tsx:2:1
Error: Module not found: Can't resolve '@/components/calendar-view'
  1 | import type { Metadata } from "next";
> 2 | import { CalendarView } from "@/components/calendar-view";
    | ^^^^^^^^^^^^^^^^^^^^^^^^^^^^^^^^^^^^^^^^^^^^^^^^^^^^^^^^^^
  3 | import { getCalendarEvents } from "@/backend/services/queries";
  4 | import { getPreferences } from "@/backend/services/preferences";
  5 | import { monthRangeUtc } from "@/lib/dates";

Import map: aliased to relative './src/components/calendar-view' inside of [project]/

https://nextjs.org/docs/messages/module-not-found @ http://localhost:3000/_next/static/chunks/node_modules_next_dist_1e8vcs8._.js:1052
[  611569ms] [ERROR] ./src/app/(workspace)/kalender/page.tsx:2:1
Error: Module not found: Can't resolve '@/components/calendar-view'
  1 | import type { Metadata } from "next";
> 2 | import { CalendarView } from "@/components/calendar-view";
    | ^^^^^^^^^^^^^^^^^^^^^^^^^^^^^^^^^^^^^^^^^^^^^^^^^^^^^^^^^^
  3 | import { getCalendarEvents } from "@/backend/services/queries";
  4 | import { getPreferences } from "@/backend/services/preferences";
  5 | import { monthRangeUtc } from "@/lib/dates";

Import map: aliased to relative './src/components/calendar-view' inside of [project]/

https://nextjs.org/docs/messages/module-not-found @ http://localhost:3000/_next/static/chunks/node_modules_next_dist_1e8vcs8._.js:1052
[  611662ms] [ERROR] ./src/app/(workspace)/kalender/page.tsx:2:1
Error: Module not found: Can't resolve '@/components/calendar-view'
  1 | import type { Metadata } from "next";
> 2 | import { CalendarView } from "@/components/calendar-view";
    | ^^^^^^^^^^^^^^^^^^^^^^^^^^^^^^^^^^^^^^^^^^^^^^^^^^^^^^^^^^
  3 | import { getCalendarEvents } from "@/backend/services/queries";
  4 | import { getPreferences } from "@/backend/services/preferences";
  5 | import { monthRangeUtc } from "@/lib/dates";

Import map: aliased to relative './src/components/calendar-view' inside of [project]/

https://nextjs.org/docs/messages/module-not-found @ http://localhost:3000/_next/static/chunks/node_modules_next_dist_1e8vcs8._.js:1052
[  611772ms] [ERROR] ./src/app/(workspace)/kalender/page.tsx:2:1
Error: Module not found: Can't resolve '@/components/calendar-view'
  1 | import type { Metadata } from "next";
> 2 | import { CalendarView } from "@/components/calendar-view";
    | ^^^^^^^^^^^^^^^^^^^^^^^^^^^^^^^^^^^^^^^^^^^^^^^^^^^^^^^^^^
  3 | import { getCalendarEvents } from "@/backend/services/queries";
  4 | import { getPreferences } from "@/backend/services/preferences";
  5 | import { monthRangeUtc } from "@/lib/dates";

Import map: aliased to relative './src/components/calendar-view' inside of [project]/

https://nextjs.org/docs/messages/module-not-found @ http://localhost:3000/_next/static/chunks/node_modules_next_dist_1e8vcs8._.js:1052
[  611873ms] [ERROR] ./src/app/(workspace)/kalender/page.tsx:2:1
Error: Module not found: Can't resolve '@/components/calendar-view'
  1 | import type { Metadata } from "next";
> 2 | import { CalendarView } from "@/components/calendar-view";
    | ^^^^^^^^^^^^^^^^^^^^^^^^^^^^^^^^^^^^^^^^^^^^^^^^^^^^^^^^^^
  3 | import { getCalendarEvents } from "@/backend/services/queries";
  4 | import { getPreferences } from "@/backend/services/preferences";
  5 | import { monthRangeUtc } from "@/lib/dates";

Import map: aliased to relative './src/components/calendar-view' inside of [project]/

https://nextjs.org/docs/messages/module-not-found @ http://localhost:3000/_next/static/chunks/node_modules_next_dist_1e8vcs8._.js:1052
[  611963ms] [ERROR] ./src/app/(workspace)/kalender/page.tsx:2:1
Error: Module not found: Can't resolve '@/components/calendar-view'
  1 | import type { Metadata } from "next";
> 2 | import { CalendarView } from "@/components/calendar-view";
    | ^^^^^^^^^^^^^^^^^^^^^^^^^^^^^^^^^^^^^^^^^^^^^^^^^^^^^^^^^^
  3 | import { getCalendarEvents } from "@/backend/services/queries";
  4 | import { getPreferences } from "@/backend/services/preferences";
  5 | import { monthRangeUtc } from "@/lib/dates";

Import map: aliased to relative './src/components/calendar-view' inside of [project]/

https://nextjs.org/docs/messages/module-not-found @ http://localhost:3000/_next/static/chunks/node_modules_next_dist_1e8vcs8._.js:1052
[  612063ms] [ERROR] ./src/app/(workspace)/kalender/page.tsx:2:1
Error: Module not found: Can't resolve '@/components/calendar-view'
  1 | import type { Metadata } from "next";
> 2 | import { CalendarView } from "@/components/calendar-view";
    | ^^^^^^^^^^^^^^^^^^^^^^^^^^^^^^^^^^^^^^^^^^^^^^^^^^^^^^^^^^
  3 | import { getCalendarEvents } from "@/backend/services/queries";
  4 | import { getPreferences } from "@/backend/services/preferences";
  5 | import { monthRangeUtc } from "@/lib/dates";

Import map: aliased to relative './src/components/calendar-view' inside of [project]/

https://nextjs.org/docs/messages/module-not-found @ http://localhost:3000/_next/static/chunks/node_modules_next_dist_1e8vcs8._.js:1052
[  612140ms] [ERROR] ./src/app/(workspace)/kalender/page.tsx:2:1
Error: Module not found: Can't resolve '@/components/calendar-view'
  1 | import type { Metadata } from "next";
> 2 | import { CalendarView } from "@/components/calendar-view";
    | ^^^^^^^^^^^^^^^^^^^^^^^^^^^^^^^^^^^^^^^^^^^^^^^^^^^^^^^^^^
  3 | import { getCalendarEvents } from "@/backend/services/queries";
  4 | import { getPreferences } from "@/backend/services/preferences";
  5 | import { monthRangeUtc } from "@/lib/dates";

Import map: aliased to relative './src/components/calendar-view' inside of [project]/

https://nextjs.org/docs/messages/module-not-found @ http://localhost:3000/_next/static/chunks/node_modules_next_dist_1e8vcs8._.js:1052
[  612217ms] [ERROR] ./src/app/(workspace)/kalender/page.tsx:2:1
Error: Module not found: Can't resolve '@/components/calendar-view'
  1 | import type { Metadata } from "next";
> 2 | import { CalendarView } from "@/components/calendar-view";
    | ^^^^^^^^^^^^^^^^^^^^^^^^^^^^^^^^^^^^^^^^^^^^^^^^^^^^^^^^^^
  3 | import { getCalendarEvents } from "@/backend/services/queries";
  4 | import { getPreferences } from "@/backend/services/preferences";
  5 | import { monthRangeUtc } from "@/lib/dates";

Import map: aliased to relative './src/components/calendar-view' inside of [project]/

https://nextjs.org/docs/messages/module-not-found @ http://localhost:3000/_next/static/chunks/node_modules_next_dist_1e8vcs8._.js:1052
[  612307ms] [ERROR] ./src/app/(workspace)/kalender/page.tsx:2:1
Error: Module not found: Can't resolve '@/components/calendar-view'
  1 | import type { Metadata } from "next";
> 2 | import { CalendarView } from "@/components/calendar-view";
    | ^^^^^^^^^^^^^^^^^^^^^^^^^^^^^^^^^^^^^^^^^^^^^^^^^^^^^^^^^^
  3 | import { getCalendarEvents } from "@/backend/services/queries";
  4 | import { getPreferences } from "@/backend/services/preferences";
  5 | import { monthRangeUtc } from "@/lib/dates";

Import map: aliased to relative './src/components/calendar-view' inside of [project]/

https://nextjs.org/docs/messages/module-not-found @ http://localhost:3000/_next/static/chunks/node_modules_next_dist_1e8vcs8._.js:1052
[  612382ms] [ERROR] ./src/app/(workspace)/kalender/page.tsx:2:1
Error: Module not found: Can't resolve '@/components/calendar-view'
  1 | import type { Metadata } from "next";
> 2 | import { CalendarView } from "@/components/calendar-view";
    | ^^^^^^^^^^^^^^^^^^^^^^^^^^^^^^^^^^^^^^^^^^^^^^^^^^^^^^^^^^
  3 | import { getCalendarEvents } from "@/backend/services/queries";
  4 | import { getPreferences } from "@/backend/services/preferences";
  5 | import { monthRangeUtc } from "@/lib/dates";

Import map: aliased to relative './src/components/calendar-view' inside of [project]/

https://nextjs.org/docs/messages/module-not-found @ http://localhost:3000/_next/static/chunks/node_modules_next_dist_1e8vcs8._.js:1052
[  612486ms] [ERROR] ./src/app/(workspace)/kalender/page.tsx:2:1
Error: Module not found: Can't resolve '@/components/calendar-view'
  1 | import type { Metadata } from "next";
> 2 | import { CalendarView } from "@/components/calendar-view";
    | ^^^^^^^^^^^^^^^^^^^^^^^^^^^^^^^^^^^^^^^^^^^^^^^^^^^^^^^^^^
  3 | import { getCalendarEvents } from "@/backend/services/queries";
  4 | import { getPreferences } from "@/backend/services/preferences";
  5 | import { monthRangeUtc } from "@/lib/dates";

Import map: aliased to relative './src/components/calendar-view' inside of [project]/

https://nextjs.org/docs/messages/module-not-found @ http://localhost:3000/_next/static/chunks/node_modules_next_dist_1e8vcs8._.js:1052
[  612564ms] [ERROR] ./src/app/(workspace)/kalender/page.tsx:2:1
Error: Module not found: Can't resolve '@/components/calendar-view'
  1 | import type { Metadata } from "next";
> 2 | import { CalendarView } from "@/components/calendar-view";
    | ^^^^^^^^^^^^^^^^^^^^^^^^^^^^^^^^^^^^^^^^^^^^^^^^^^^^^^^^^^
  3 | import { getCalendarEvents } from "@/backend/services/queries";
  4 | import { getPreferences } from "@/backend/services/preferences";
  5 | import { monthRangeUtc } from "@/lib/dates";

Import map: aliased to relative './src/components/calendar-view' inside of [project]/

https://nextjs.org/docs/messages/module-not-found @ http://localhost:3000/_next/static/chunks/node_modules_next_dist_1e8vcs8._.js:1052
[  612631ms] [ERROR] ./src/app/(workspace)/kalender/page.tsx:2:1
Error: Module not found: Can't resolve '@/components/calendar-view'
  1 | import type { Metadata } from "next";
> 2 | import { CalendarView } from "@/components/calendar-view";
    | ^^^^^^^^^^^^^^^^^^^^^^^^^^^^^^^^^^^^^^^^^^^^^^^^^^^^^^^^^^
  3 | import { getCalendarEvents } from "@/backend/services/queries";
  4 | import { getPreferences } from "@/backend/services/preferences";
  5 | import { monthRangeUtc } from "@/lib/dates";

Import map: aliased to relative './src/components/calendar-view' inside of [project]/

https://nextjs.org/docs/messages/module-not-found @ http://localhost:3000/_next/static/chunks/node_modules_next_dist_1e8vcs8._.js:1052
[  612707ms] [ERROR] ./src/app/(workspace)/kalender/page.tsx:2:1
Error: Module not found: Can't resolve '@/components/calendar-view'
  1 | import type { Metadata } from "next";
> 2 | import { CalendarView } from "@/components/calendar-view";
    | ^^^^^^^^^^^^^^^^^^^^^^^^^^^^^^^^^^^^^^^^^^^^^^^^^^^^^^^^^^
  3 | import { getCalendarEvents } from "@/backend/services/queries";
  4 | import { getPreferences } from "@/backend/services/preferences";
  5 | import { monthRangeUtc } from "@/lib/dates";

Import map: aliased to relative './src/components/calendar-view' inside of [project]/

https://nextjs.org/docs/messages/module-not-found @ http://localhost:3000/_next/static/chunks/node_modules_next_dist_1e8vcs8._.js:1052
[  612803ms] [ERROR] ./src/app/(workspace)/kalender/page.tsx:2:1
Error: Module not found: Can't resolve '@/components/calendar-view'
  1 | import type { Metadata } from "next";
> 2 | import { CalendarView } from "@/components/calendar-view";
    | ^^^^^^^^^^^^^^^^^^^^^^^^^^^^^^^^^^^^^^^^^^^^^^^^^^^^^^^^^^
  3 | import { getCalendarEvents } from "@/backend/services/queries";
  4 | import { getPreferences } from "@/backend/services/preferences";
  5 | import { monthRangeUtc } from "@/lib/dates";

Import map: aliased to relative './src/components/calendar-view' inside of [project]/

https://nextjs.org/docs/messages/module-not-found @ http://localhost:3000/_next/static/chunks/node_modules_next_dist_1e8vcs8._.js:1052
[  612871ms] [ERROR] ./src/app/(workspace)/kalender/page.tsx:2:1
Error: Module not found: Can't resolve '@/components/calendar-view'
  1 | import type { Metadata } from "next";
> 2 | import { CalendarView } from "@/components/calendar-view";
    | ^^^^^^^^^^^^^^^^^^^^^^^^^^^^^^^^^^^^^^^^^^^^^^^^^^^^^^^^^^
  3 | import { getCalendarEvents } from "@/backend/services/queries";
  4 | import { getPreferences } from "@/backend/services/preferences";
  5 | import { monthRangeUtc } from "@/lib/dates";

Import map: aliased to relative './src/components/calendar-view' inside of [project]/

https://nextjs.org/docs/messages/module-not-found @ http://localhost:3000/_next/static/chunks/node_modules_next_dist_1e8vcs8._.js:1052
[  612942ms] [ERROR] ./src/app/(workspace)/kalender/page.tsx:2:1
Error: Module not found: Can't resolve '@/components/calendar-view'
  1 | import type { Metadata } from "next";
> 2 | import { CalendarView } from "@/components/calendar-view";
    | ^^^^^^^^^^^^^^^^^^^^^^^^^^^^^^^^^^^^^^^^^^^^^^^^^^^^^^^^^^
  3 | import { getCalendarEvents } from "@/backend/services/queries";
  4 | import { getPreferences } from "@/backend/services/preferences";
  5 | import { monthRangeUtc } from "@/lib/dates";

Import map: aliased to relative './src/components/calendar-view' inside of [project]/

https://nextjs.org/docs/messages/module-not-found @ http://localhost:3000/_next/static/chunks/node_modules_next_dist_1e8vcs8._.js:1052
[  613052ms] [ERROR] ./src/app/(workspace)/kalender/page.tsx:2:1
Error: Module not found: Can't resolve '@/components/calendar-view'
  1 | import type { Metadata } from "next";
> 2 | import { CalendarView } from "@/components/calendar-view";
    | ^^^^^^^^^^^^^^^^^^^^^^^^^^^^^^^^^^^^^^^^^^^^^^^^^^^^^^^^^^
  3 | import { getCalendarEvents } from "@/backend/services/queries";
  4 | import { getPreferences } from "@/backend/services/preferences";
  5 | import { monthRangeUtc } from "@/lib/dates";

Import map: aliased to relative './src/components/calendar-view' inside of [project]/

https://nextjs.org/docs/messages/module-not-found @ http://localhost:3000/_next/static/chunks/node_modules_next_dist_1e8vcs8._.js:1052
[  613141ms] [ERROR] ./src/app/(workspace)/kalender/page.tsx:2:1
Error: Module not found: Can't resolve '@/components/calendar-view'
  1 | import type { Metadata } from "next";
> 2 | import { CalendarView } from "@/components/calendar-view";
    | ^^^^^^^^^^^^^^^^^^^^^^^^^^^^^^^^^^^^^^^^^^^^^^^^^^^^^^^^^^
  3 | import { getCalendarEvents } from "@/backend/services/queries";
  4 | import { getPreferences } from "@/backend/services/preferences";
  5 | import { monthRangeUtc } from "@/lib/dates";

Import map: aliased to relative './src/components/calendar-view' inside of [project]/

https://nextjs.org/docs/messages/module-not-found @ http://localhost:3000/_next/static/chunks/node_modules_next_dist_1e8vcs8._.js:1052
[  613225ms] [ERROR] ./src/app/(workspace)/kalender/page.tsx:2:1
Error: Module not found: Can't resolve '@/components/calendar-view'
  1 | import type { Metadata } from "next";
> 2 | import { CalendarView } from "@/components/calendar-view";
    | ^^^^^^^^^^^^^^^^^^^^^^^^^^^^^^^^^^^^^^^^^^^^^^^^^^^^^^^^^^
  3 | import { getCalendarEvents } from "@/backend/services/queries";
  4 | import { getPreferences } from "@/backend/services/preferences";
  5 | import { monthRangeUtc } from "@/lib/dates";

Import map: aliased to relative './src/components/calendar-view' inside of [project]/

https://nextjs.org/docs/messages/module-not-found @ http://localhost:3000/_next/static/chunks/node_modules_next_dist_1e8vcs8._.js:1052
[  613308ms] [ERROR] ./src/app/(workspace)/kalender/page.tsx:2:1
Error: Module not found: Can't resolve '@/components/calendar-view'
  1 | import type { Metadata } from "next";
> 2 | import { CalendarView } from "@/components/calendar-view";
    | ^^^^^^^^^^^^^^^^^^^^^^^^^^^^^^^^^^^^^^^^^^^^^^^^^^^^^^^^^^
  3 | import { getCalendarEvents } from "@/backend/services/queries";
  4 | import { getPreferences } from "@/backend/services/preferences";
  5 | import { monthRangeUtc } from "@/lib/dates";

Import map: aliased to relative './src/components/calendar-view' inside of [project]/

https://nextjs.org/docs/messages/module-not-found @ http://localhost:3000/_next/static/chunks/node_modules_next_dist_1e8vcs8._.js:1052
[  613374ms] [ERROR] ./src/app/(workspace)/kalender/page.tsx:2:1
Error: Module not found: Can't resolve '@/components/calendar-view'
  1 | import type { Metadata } from "next";
> 2 | import { CalendarView } from "@/components/calendar-view";
    | ^^^^^^^^^^^^^^^^^^^^^^^^^^^^^^^^^^^^^^^^^^^^^^^^^^^^^^^^^^
  3 | import { getCalendarEvents } from "@/backend/services/queries";
  4 | import { getPreferences } from "@/backend/services/preferences";
  5 | import { monthRangeUtc } from "@/lib/dates";

Import map: aliased to relative './src/components/calendar-view' inside of [project]/

https://nextjs.org/docs/messages/module-not-found @ http://localhost:3000/_next/static/chunks/node_modules_next_dist_1e8vcs8._.js:1052
[  613443ms] [ERROR] ./src/app/(workspace)/kalender/page.tsx:2:1
Error: Module not found: Can't resolve '@/components/calendar-view'
  1 | import type { Metadata } from "next";
> 2 | import { CalendarView } from "@/components/calendar-view";
    | ^^^^^^^^^^^^^^^^^^^^^^^^^^^^^^^^^^^^^^^^^^^^^^^^^^^^^^^^^^
  3 | import { getCalendarEvents } from "@/backend/services/queries";
  4 | import { getPreferences } from "@/backend/services/preferences";
  5 | import { monthRangeUtc } from "@/lib/dates";

Import map: aliased to relative './src/components/calendar-view' inside of [project]/

https://nextjs.org/docs/messages/module-not-found @ http://localhost:3000/_next/static/chunks/node_modules_next_dist_1e8vcs8._.js:1052
[  613524ms] [ERROR] ./src/app/(workspace)/kalender/page.tsx:2:1
Error: Module not found: Can't resolve '@/components/calendar-view'
  1 | import type { Metadata } from "next";
> 2 | import { CalendarView } from "@/components/calendar-view";
    | ^^^^^^^^^^^^^^^^^^^^^^^^^^^^^^^^^^^^^^^^^^^^^^^^^^^^^^^^^^
  3 | import { getCalendarEvents } from "@/backend/services/queries";
  4 | import { getPreferences } from "@/backend/services/preferences";
  5 | import { monthRangeUtc } from "@/lib/dates";

Import map: aliased to relative './src/components/calendar-view' inside of [project]/

https://nextjs.org/docs/messages/module-not-found @ http://localhost:3000/_next/static/chunks/node_modules_next_dist_1e8vcs8._.js:1052
[  613620ms] [ERROR] ./src/app/(workspace)/kalender/page.tsx:2:1
Error: Module not found: Can't resolve '@/components/calendar-view'
  1 | import type { Metadata } from "next";
> 2 | import { CalendarView } from "@/components/calendar-view";
    | ^^^^^^^^^^^^^^^^^^^^^^^^^^^^^^^^^^^^^^^^^^^^^^^^^^^^^^^^^^
  3 | import { getCalendarEvents } from "@/backend/services/queries";
  4 | import { getPreferences } from "@/backend/services/preferences";
  5 | import { monthRangeUtc } from "@/lib/dates";

Import map: aliased to relative './src/components/calendar-view' inside of [project]/

https://nextjs.org/docs/messages/module-not-found @ http://localhost:3000/_next/static/chunks/node_modules_next_dist_1e8vcs8._.js:1052
[  613706ms] [ERROR] ./src/app/(workspace)/kalender/page.tsx:2:1
Error: Module not found: Can't resolve '@/components/calendar-view'
  1 | import type { Metadata } from "next";
> 2 | import { CalendarView } from "@/components/calendar-view";
    | ^^^^^^^^^^^^^^^^^^^^^^^^^^^^^^^^^^^^^^^^^^^^^^^^^^^^^^^^^^
  3 | import { getCalendarEvents } from "@/backend/services/queries";
  4 | import { getPreferences } from "@/backend/services/preferences";
  5 | import { monthRangeUtc } from "@/lib/dates";

Import map: aliased to relative './src/components/calendar-view' inside of [project]/

https://nextjs.org/docs/messages/module-not-found @ http://localhost:3000/_next/static/chunks/node_modules_next_dist_1e8vcs8._.js:1052
[  613777ms] [ERROR] ./src/app/(workspace)/kalender/page.tsx:2:1
Error: Module not found: Can't resolve '@/components/calendar-view'
  1 | import type { Metadata } from "next";
> 2 | import { CalendarView } from "@/components/calendar-view";
    | ^^^^^^^^^^^^^^^^^^^^^^^^^^^^^^^^^^^^^^^^^^^^^^^^^^^^^^^^^^
  3 | import { getCalendarEvents } from "@/backend/services/queries";
  4 | import { getPreferences } from "@/backend/services/preferences";
  5 | import { monthRangeUtc } from "@/lib/dates";

Import map: aliased to relative './src/components/calendar-view' inside of [project]/

https://nextjs.org/docs/messages/module-not-found @ http://localhost:3000/_next/static/chunks/node_modules_next_dist_1e8vcs8._.js:1052
[  613857ms] [ERROR] ./src/app/(workspace)/kalender/page.tsx:2:1
Error: Module not found: Can't resolve '@/components/calendar-view'
  1 | import type { Metadata } from "next";
> 2 | import { CalendarView } from "@/components/calendar-view";
    | ^^^^^^^^^^^^^^^^^^^^^^^^^^^^^^^^^^^^^^^^^^^^^^^^^^^^^^^^^^
  3 | import { getCalendarEvents } from "@/backend/services/queries";
  4 | import { getPreferences } from "@/backend/services/preferences";
  5 | import { monthRangeUtc } from "@/lib/dates";

Import map: aliased to relative './src/components/calendar-view' inside of [project]/

https://nextjs.org/docs/messages/module-not-found @ http://localhost:3000/_next/static/chunks/node_modules_next_dist_1e8vcs8._.js:1052
[  613943ms] [ERROR] ./src/app/(workspace)/kalender/page.tsx:2:1
Error: Module not found: Can't resolve '@/components/calendar-view'
  1 | import type { Metadata } from "next";
> 2 | import { CalendarView } from "@/components/calendar-view";
    | ^^^^^^^^^^^^^^^^^^^^^^^^^^^^^^^^^^^^^^^^^^^^^^^^^^^^^^^^^^
  3 | import { getCalendarEvents } from "@/backend/services/queries";
  4 | import { getPreferences } from "@/backend/services/preferences";
  5 | import { monthRangeUtc } from "@/lib/dates";

Import map: aliased to relative './src/components/calendar-view' inside of [project]/

https://nextjs.org/docs/messages/module-not-found @ http://localhost:3000/_next/static/chunks/node_modules_next_dist_1e8vcs8._.js:1052
[  614016ms] [ERROR] ./src/app/(workspace)/kalender/page.tsx:2:1
Error: Module not found: Can't resolve '@/components/calendar-view'
  1 | import type { Metadata } from "next";
> 2 | import { CalendarView } from "@/components/calendar-view";
    | ^^^^^^^^^^^^^^^^^^^^^^^^^^^^^^^^^^^^^^^^^^^^^^^^^^^^^^^^^^
  3 | import { getCalendarEvents } from "@/backend/services/queries";
  4 | import { getPreferences } from "@/backend/services/preferences";
  5 | import { monthRangeUtc } from "@/lib/dates";

Import map: aliased to relative './src/components/calendar-view' inside of [project]/

https://nextjs.org/docs/messages/module-not-found @ http://localhost:3000/_next/static/chunks/node_modules_next_dist_1e8vcs8._.js:1052
[  614107ms] [ERROR] ./src/app/(workspace)/kalender/page.tsx:2:1
Error: Module not found: Can't resolve '@/components/calendar-view'
  1 | import type { Metadata } from "next";
> 2 | import { CalendarView } from "@/components/calendar-view";
    | ^^^^^^^^^^^^^^^^^^^^^^^^^^^^^^^^^^^^^^^^^^^^^^^^^^^^^^^^^^
  3 | import { getCalendarEvents } from "@/backend/services/queries";
  4 | import { getPreferences } from "@/backend/services/preferences";
  5 | import { monthRangeUtc } from "@/lib/dates";

Import map: aliased to relative './src/components/calendar-view' inside of [project]/

https://nextjs.org/docs/messages/module-not-found @ http://localhost:3000/_next/static/chunks/node_modules_next_dist_1e8vcs8._.js:1052
[  614200ms] [ERROR] ./src/app/(workspace)/kalender/page.tsx:2:1
Error: Module not found: Can't resolve '@/components/calendar-view'
  1 | import type { Metadata } from "next";
> 2 | import { CalendarView } from "@/components/calendar-view";
    | ^^^^^^^^^^^^^^^^^^^^^^^^^^^^^^^^^^^^^^^^^^^^^^^^^^^^^^^^^^
  3 | import { getCalendarEvents } from "@/backend/services/queries";
  4 | import { getPreferences } from "@/backend/services/preferences";
  5 | import { monthRangeUtc } from "@/lib/dates";

Import map: aliased to relative './src/components/calendar-view' inside of [project]/

https://nextjs.org/docs/messages/module-not-found @ http://localhost:3000/_next/static/chunks/node_modules_next_dist_1e8vcs8._.js:1052
[  614304ms] [ERROR] ./src/app/(workspace)/kalender/page.tsx:2:1
Error: Module not found: Can't resolve '@/components/calendar-view'
  1 | import type { Metadata } from "next";
> 2 | import { CalendarView } from "@/components/calendar-view";
    | ^^^^^^^^^^^^^^^^^^^^^^^^^^^^^^^^^^^^^^^^^^^^^^^^^^^^^^^^^^
  3 | import { getCalendarEvents } from "@/backend/services/queries";
  4 | import { getPreferences } from "@/backend/services/preferences";
  5 | import { monthRangeUtc } from "@/lib/dates";

Import map: aliased to relative './src/components/calendar-view' inside of [project]/

https://nextjs.org/docs/messages/module-not-found @ http://localhost:3000/_next/static/chunks/node_modules_next_dist_1e8vcs8._.js:1052
[  614407ms] [ERROR] ./src/app/(workspace)/kalender/page.tsx:2:1
Error: Module not found: Can't resolve '@/components/calendar-view'
  1 | import type { Metadata } from "next";
> 2 | import { CalendarView } from "@/components/calendar-view";
    | ^^^^^^^^^^^^^^^^^^^^^^^^^^^^^^^^^^^^^^^^^^^^^^^^^^^^^^^^^^
  3 | import { getCalendarEvents } from "@/backend/services/queries";
  4 | import { getPreferences } from "@/backend/services/preferences";
  5 | import { monthRangeUtc } from "@/lib/dates";

Import map: aliased to relative './src/components/calendar-view' inside of [project]/

https://nextjs.org/docs/messages/module-not-found @ http://localhost:3000/_next/static/chunks/node_modules_next_dist_1e8vcs8._.js:1052
[  614463ms] [ERROR] ./src/app/(workspace)/kalender/page.tsx:2:1
Error: Module not found: Can't resolve '@/components/calendar-view'
  1 | import type { Metadata } from "next";
> 2 | import { CalendarView } from "@/components/calendar-view";
    | ^^^^^^^^^^^^^^^^^^^^^^^^^^^^^^^^^^^^^^^^^^^^^^^^^^^^^^^^^^
  3 | import { getCalendarEvents } from "@/backend/services/queries";
  4 | import { getPreferences } from "@/backend/services/preferences";
  5 | import { monthRangeUtc } from "@/lib/dates";

Import map: aliased to relative './src/components/calendar-view' inside of [project]/

https://nextjs.org/docs/messages/module-not-found @ http://localhost:3000/_next/static/chunks/node_modules_next_dist_1e8vcs8._.js:1052
[  614568ms] [ERROR] ./src/app/(workspace)/kalender/page.tsx:2:1
Error: Module not found: Can't resolve '@/components/calendar-view'
  1 | import type { Metadata } from "next";
> 2 | import { CalendarView } from "@/components/calendar-view";
    | ^^^^^^^^^^^^^^^^^^^^^^^^^^^^^^^^^^^^^^^^^^^^^^^^^^^^^^^^^^
  3 | import { getCalendarEvents } from "@/backend/services/queries";
  4 | import { getPreferences } from "@/backend/services/preferences";
  5 | import { monthRangeUtc } from "@/lib/dates";

Import map: aliased to relative './src/components/calendar-view' inside of [project]/

https://nextjs.org/docs/messages/module-not-found @ http://localhost:3000/_next/static/chunks/node_modules_next_dist_1e8vcs8._.js:1052
[  614659ms] [ERROR] ./src/app/(workspace)/kalender/page.tsx:2:1
Error: Module not found: Can't resolve '@/components/calendar-view'
  1 | import type { Metadata } from "next";
> 2 | import { CalendarView } from "@/components/calendar-view";
    | ^^^^^^^^^^^^^^^^^^^^^^^^^^^^^^^^^^^^^^^^^^^^^^^^^^^^^^^^^^
  3 | import { getCalendarEvents } from "@/backend/services/queries";
  4 | import { getPreferences } from "@/backend/services/preferences";
  5 | import { monthRangeUtc } from "@/lib/dates";

Import map: aliased to relative './src/components/calendar-view' inside of [project]/

https://nextjs.org/docs/messages/module-not-found @ http://localhost:3000/_next/static/chunks/node_modules_next_dist_1e8vcs8._.js:1052
[  614733ms] [ERROR] ./src/app/(workspace)/kalender/page.tsx:2:1
Error: Module not found: Can't resolve '@/components/calendar-view'
  1 | import type { Metadata } from "next";
> 2 | import { CalendarView } from "@/components/calendar-view";
    | ^^^^^^^^^^^^^^^^^^^^^^^^^^^^^^^^^^^^^^^^^^^^^^^^^^^^^^^^^^
  3 | import { getCalendarEvents } from "@/backend/services/queries";
  4 | import { getPreferences } from "@/backend/services/preferences";
  5 | import { monthRangeUtc } from "@/lib/dates";

Import map: aliased to relative './src/components/calendar-view' inside of [project]/

https://nextjs.org/docs/messages/module-not-found @ http://localhost:3000/_next/static/chunks/node_modules_next_dist_1e8vcs8._.js:1052
[  614793ms] [ERROR] ./src/app/(workspace)/kalender/page.tsx:2:1
Error: Module not found: Can't resolve '@/components/calendar-view'
  1 | import type { Metadata } from "next";
> 2 | import { CalendarView } from "@/components/calendar-view";
    | ^^^^^^^^^^^^^^^^^^^^^^^^^^^^^^^^^^^^^^^^^^^^^^^^^^^^^^^^^^
  3 | import { getCalendarEvents } from "@/backend/services/queries";
  4 | import { getPreferences } from "@/backend/services/preferences";
  5 | import { monthRangeUtc } from "@/lib/dates";

Import map: aliased to relative './src/components/calendar-view' inside of [project]/

https://nextjs.org/docs/messages/module-not-found @ http://localhost:3000/_next/static/chunks/node_modules_next_dist_1e8vcs8._.js:1052
[  614865ms] [ERROR] ./src/app/(workspace)/kalender/page.tsx:2:1
Error: Module not found: Can't resolve '@/components/calendar-view'
  1 | import type { Metadata } from "next";
> 2 | import { CalendarView } from "@/components/calendar-view";
    | ^^^^^^^^^^^^^^^^^^^^^^^^^^^^^^^^^^^^^^^^^^^^^^^^^^^^^^^^^^
  3 | import { getCalendarEvents } from "@/backend/services/queries";
  4 | import { getPreferences } from "@/backend/services/preferences";
  5 | import { monthRangeUtc } from "@/lib/dates";

Import map: aliased to relative './src/components/calendar-view' inside of [project]/

https://nextjs.org/docs/messages/module-not-found @ http://localhost:3000/_next/static/chunks/node_modules_next_dist_1e8vcs8._.js:1052
[  614929ms] [ERROR] ./src/app/(workspace)/kalender/page.tsx:2:1
Error: Module not found: Can't resolve '@/components/calendar-view'
  1 | import type { Metadata } from "next";
> 2 | import { CalendarView } from "@/components/calendar-view";
    | ^^^^^^^^^^^^^^^^^^^^^^^^^^^^^^^^^^^^^^^^^^^^^^^^^^^^^^^^^^
  3 | import { getCalendarEvents } from "@/backend/services/queries";
  4 | import { getPreferences } from "@/backend/services/preferences";
  5 | import { monthRangeUtc } from "@/lib/dates";

Import map: aliased to relative './src/components/calendar-view' inside of [project]/

https://nextjs.org/docs/messages/module-not-found @ http://localhost:3000/_next/static/chunks/node_modules_next_dist_1e8vcs8._.js:1052
[  615028ms] [ERROR] ./src/app/(workspace)/kalender/page.tsx:2:1
Error: Module not found: Can't resolve '@/components/calendar-view'
  1 | import type { Metadata } from "next";
> 2 | import { CalendarView } from "@/components/calendar-view";
    | ^^^^^^^^^^^^^^^^^^^^^^^^^^^^^^^^^^^^^^^^^^^^^^^^^^^^^^^^^^
  3 | import { getCalendarEvents } from "@/backend/services/queries";
  4 | import { getPreferences } from "@/backend/services/preferences";
  5 | import { monthRangeUtc } from "@/lib/dates";

Import map: aliased to relative './src/components/calendar-view' inside of [project]/

https://nextjs.org/docs/messages/module-not-found @ http://localhost:3000/_next/static/chunks/node_modules_next_dist_1e8vcs8._.js:1052
[  615152ms] [ERROR] ./src/app/(workspace)/kalender/page.tsx:2:1
Error: Module not found: Can't resolve '@/components/calendar-view'
  1 | import type { Metadata } from "next";
> 2 | import { CalendarView } from "@/components/calendar-view";
    | ^^^^^^^^^^^^^^^^^^^^^^^^^^^^^^^^^^^^^^^^^^^^^^^^^^^^^^^^^^
  3 | import { getCalendarEvents } from "@/backend/services/queries";
  4 | import { getPreferences } from "@/backend/services/preferences";
  5 | import { monthRangeUtc } from "@/lib/dates";

Import map: aliased to relative './src/components/calendar-view' inside of [project]/

https://nextjs.org/docs/messages/module-not-found @ http://localhost:3000/_next/static/chunks/node_modules_next_dist_1e8vcs8._.js:1052
[  615237ms] [ERROR] ./src/app/(workspace)/kalender/page.tsx:2:1
Error: Module not found: Can't resolve '@/components/calendar-view'
  1 | import type { Metadata } from "next";
> 2 | import { CalendarView } from "@/components/calendar-view";
    | ^^^^^^^^^^^^^^^^^^^^^^^^^^^^^^^^^^^^^^^^^^^^^^^^^^^^^^^^^^
  3 | import { getCalendarEvents } from "@/backend/services/queries";
  4 | import { getPreferences } from "@/backend/services/preferences";
  5 | import { monthRangeUtc } from "@/lib/dates";

Import map: aliased to relative './src/components/calendar-view' inside of [project]/

https://nextjs.org/docs/messages/module-not-found @ http://localhost:3000/_next/static/chunks/node_modules_next_dist_1e8vcs8._.js:1052
[  615344ms] [ERROR] ./src/app/(workspace)/kalender/page.tsx:2:1
Error: Module not found: Can't resolve '@/components/calendar-view'
  1 | import type { Metadata } from "next";
> 2 | import { CalendarView } from "@/components/calendar-view";
    | ^^^^^^^^^^^^^^^^^^^^^^^^^^^^^^^^^^^^^^^^^^^^^^^^^^^^^^^^^^
  3 | import { getCalendarEvents } from "@/backend/services/queries";
  4 | import { getPreferences } from "@/backend/services/preferences";
  5 | import { monthRangeUtc } from "@/lib/dates";

Import map: aliased to relative './src/components/calendar-view' inside of [project]/

https://nextjs.org/docs/messages/module-not-found @ http://localhost:3000/_next/static/chunks/node_modules_next_dist_1e8vcs8._.js:1052
[  615416ms] [ERROR] ./src/app/(workspace)/kalender/page.tsx:2:1
Error: Module not found: Can't resolve '@/components/calendar-view'
  1 | import type { Metadata } from "next";
> 2 | import { CalendarView } from "@/components/calendar-view";
    | ^^^^^^^^^^^^^^^^^^^^^^^^^^^^^^^^^^^^^^^^^^^^^^^^^^^^^^^^^^
  3 | import { getCalendarEvents } from "@/backend/services/queries";
  4 | import { getPreferences } from "@/backend/services/preferences";
  5 | import { monthRangeUtc } from "@/lib/dates";

Import map: aliased to relative './src/components/calendar-view' inside of [project]/

https://nextjs.org/docs/messages/module-not-found @ http://localhost:3000/_next/static/chunks/node_modules_next_dist_1e8vcs8._.js:1052
[  615490ms] [ERROR] ./src/app/(workspace)/kalender/page.tsx:2:1
Error: Module not found: Can't resolve '@/components/calendar-view'
  1 | import type { Metadata } from "next";
> 2 | import { CalendarView } from "@/components/calendar-view";
    | ^^^^^^^^^^^^^^^^^^^^^^^^^^^^^^^^^^^^^^^^^^^^^^^^^^^^^^^^^^
  3 | import { getCalendarEvents } from "@/backend/services/queries";
  4 | import { getPreferences } from "@/backend/services/preferences";
  5 | import { monthRangeUtc } from "@/lib/dates";

Import map: aliased to relative './src/components/calendar-view' inside of [project]/

https://nextjs.org/docs/messages/module-not-found @ http://localhost:3000/_next/static/chunks/node_modules_next_dist_1e8vcs8._.js:1052
[  615561ms] [ERROR] ./src/app/(workspace)/kalender/page.tsx:2:1
Error: Module not found: Can't resolve '@/components/calendar-view'
  1 | import type { Metadata } from "next";
> 2 | import { CalendarView } from "@/components/calendar-view";
    | ^^^^^^^^^^^^^^^^^^^^^^^^^^^^^^^^^^^^^^^^^^^^^^^^^^^^^^^^^^
  3 | import { getCalendarEvents } from "@/backend/services/queries";
  4 | import { getPreferences } from "@/backend/services/preferences";
  5 | import { monthRangeUtc } from "@/lib/dates";

Import map: aliased to relative './src/components/calendar-view' inside of [project]/

https://nextjs.org/docs/messages/module-not-found @ http://localhost:3000/_next/static/chunks/node_modules_next_dist_1e8vcs8._.js:1052
[  615634ms] [ERROR] ./src/app/(workspace)/kalender/page.tsx:2:1
Error: Module not found: Can't resolve '@/components/calendar-view'
  1 | import type { Metadata } from "next";
> 2 | import { CalendarView } from "@/components/calendar-view";
    | ^^^^^^^^^^^^^^^^^^^^^^^^^^^^^^^^^^^^^^^^^^^^^^^^^^^^^^^^^^
  3 | import { getCalendarEvents } from "@/backend/services/queries";
  4 | import { getPreferences } from "@/backend/services/preferences";
  5 | import { monthRangeUtc } from "@/lib/dates";

Import map: aliased to relative './src/components/calendar-view' inside of [project]/

https://nextjs.org/docs/messages/module-not-found @ http://localhost:3000/_next/static/chunks/node_modules_next_dist_1e8vcs8._.js:1052
[  615714ms] [ERROR] ./src/app/(workspace)/kalender/page.tsx:2:1
Error: Module not found: Can't resolve '@/components/calendar-view'
  1 | import type { Metadata } from "next";
> 2 | import { CalendarView } from "@/components/calendar-view";
    | ^^^^^^^^^^^^^^^^^^^^^^^^^^^^^^^^^^^^^^^^^^^^^^^^^^^^^^^^^^
  3 | import { getCalendarEvents } from "@/backend/services/queries";
  4 | import { getPreferences } from "@/backend/services/preferences";
  5 | import { monthRangeUtc } from "@/lib/dates";

Import map: aliased to relative './src/components/calendar-view' inside of [project]/

https://nextjs.org/docs/messages/module-not-found @ http://localhost:3000/_next/static/chunks/node_modules_next_dist_1e8vcs8._.js:1052
[  615807ms] [ERROR] ./src/app/(workspace)/kalender/page.tsx:2:1
Error: Module not found: Can't resolve '@/components/calendar-view'
  1 | import type { Metadata } from "next";
> 2 | import { CalendarView } from "@/components/calendar-view";
    | ^^^^^^^^^^^^^^^^^^^^^^^^^^^^^^^^^^^^^^^^^^^^^^^^^^^^^^^^^^
  3 | import { getCalendarEvents } from "@/backend/services/queries";
  4 | import { getPreferences } from "@/backend/services/preferences";
  5 | import { monthRangeUtc } from "@/lib/dates";

Import map: aliased to relative './src/components/calendar-view' inside of [project]/

https://nextjs.org/docs/messages/module-not-found @ http://localhost:3000/_next/static/chunks/node_modules_next_dist_1e8vcs8._.js:1052
[  615884ms] [ERROR] ./src/app/(workspace)/kalender/page.tsx:2:1
Error: Module not found: Can't resolve '@/components/calendar-view'
  1 | import type { Metadata } from "next";
> 2 | import { CalendarView } from "@/components/calendar-view";
    | ^^^^^^^^^^^^^^^^^^^^^^^^^^^^^^^^^^^^^^^^^^^^^^^^^^^^^^^^^^
  3 | import { getCalendarEvents } from "@/backend/services/queries";
  4 | import { getPreferences } from "@/backend/services/preferences";
  5 | import { monthRangeUtc } from "@/lib/dates";

Import map: aliased to relative './src/components/calendar-view' inside of [project]/

https://nextjs.org/docs/messages/module-not-found @ http://localhost:3000/_next/static/chunks/node_modules_next_dist_1e8vcs8._.js:1052
[  615958ms] [ERROR] ./src/app/(workspace)/kalender/page.tsx:2:1
Error: Module not found: Can't resolve '@/components/calendar-view'
  1 | import type { Metadata } from "next";
> 2 | import { CalendarView } from "@/components/calendar-view";
    | ^^^^^^^^^^^^^^^^^^^^^^^^^^^^^^^^^^^^^^^^^^^^^^^^^^^^^^^^^^
  3 | import { getCalendarEvents } from "@/backend/services/queries";
  4 | import { getPreferences } from "@/backend/services/preferences";
  5 | import { monthRangeUtc } from "@/lib/dates";

Import map: aliased to relative './src/components/calendar-view' inside of [project]/

https://nextjs.org/docs/messages/module-not-found @ http://localhost:3000/_next/static/chunks/node_modules_next_dist_1e8vcs8._.js:1052
[  616048ms] [ERROR] ./src/app/(workspace)/kalender/page.tsx:2:1
Error: Module not found: Can't resolve '@/components/calendar-view'
  1 | import type { Metadata } from "next";
> 2 | import { CalendarView } from "@/components/calendar-view";
    | ^^^^^^^^^^^^^^^^^^^^^^^^^^^^^^^^^^^^^^^^^^^^^^^^^^^^^^^^^^
  3 | import { getCalendarEvents } from "@/backend/services/queries";
  4 | import { getPreferences } from "@/backend/services/preferences";
  5 | import { monthRangeUtc } from "@/lib/dates";

Import map: aliased to relative './src/components/calendar-view' inside of [project]/

https://nextjs.org/docs/messages/module-not-found @ http://localhost:3000/_next/static/chunks/node_modules_next_dist_1e8vcs8._.js:1052
[  616122ms] [ERROR] ./src/app/(workspace)/kalender/page.tsx:2:1
Error: Module not found: Can't resolve '@/components/calendar-view'
  1 | import type { Metadata } from "next";
> 2 | import { CalendarView } from "@/components/calendar-view";
    | ^^^^^^^^^^^^^^^^^^^^^^^^^^^^^^^^^^^^^^^^^^^^^^^^^^^^^^^^^^
  3 | import { getCalendarEvents } from "@/backend/services/queries";
  4 | import { getPreferences } from "@/backend/services/preferences";
  5 | import { monthRangeUtc } from "@/lib/dates";

Import map: aliased to relative './src/components/calendar-view' inside of [project]/

https://nextjs.org/docs/messages/module-not-found @ http://localhost:3000/_next/static/chunks/node_modules_next_dist_1e8vcs8._.js:1052
[  616200ms] [ERROR] ./src/app/(workspace)/kalender/page.tsx:2:1
Error: Module not found: Can't resolve '@/components/calendar-view'
  1 | import type { Metadata } from "next";
> 2 | import { CalendarView } from "@/components/calendar-view";
    | ^^^^^^^^^^^^^^^^^^^^^^^^^^^^^^^^^^^^^^^^^^^^^^^^^^^^^^^^^^
  3 | import { getCalendarEvents } from "@/backend/services/queries";
  4 | import { getPreferences } from "@/backend/services/preferences";
  5 | import { monthRangeUtc } from "@/lib/dates";

Import map: aliased to relative './src/components/calendar-view' inside of [project]/

https://nextjs.org/docs/messages/module-not-found @ http://localhost:3000/_next/static/chunks/node_modules_next_dist_1e8vcs8._.js:1052
[  616276ms] [ERROR] ./src/app/(workspace)/kalender/page.tsx:2:1
Error: Module not found: Can't resolve '@/components/calendar-view'
  1 | import type { Metadata } from "next";
> 2 | import { CalendarView } from "@/components/calendar-view";
    | ^^^^^^^^^^^^^^^^^^^^^^^^^^^^^^^^^^^^^^^^^^^^^^^^^^^^^^^^^^
  3 | import { getCalendarEvents } from "@/backend/services/queries";
  4 | import { getPreferences } from "@/backend/services/preferences";
  5 | import { monthRangeUtc } from "@/lib/dates";

Import map: aliased to relative './src/components/calendar-view' inside of [project]/

https://nextjs.org/docs/messages/module-not-found @ http://localhost:3000/_next/static/chunks/node_modules_next_dist_1e8vcs8._.js:1052
[  616373ms] [ERROR] ./src/app/(workspace)/kalender/page.tsx:2:1
Error: Module not found: Can't resolve '@/components/calendar-view'
  1 | import type { Metadata } from "next";
> 2 | import { CalendarView } from "@/components/calendar-view";
    | ^^^^^^^^^^^^^^^^^^^^^^^^^^^^^^^^^^^^^^^^^^^^^^^^^^^^^^^^^^
  3 | import { getCalendarEvents } from "@/backend/services/queries";
  4 | import { getPreferences } from "@/backend/services/preferences";
  5 | import { monthRangeUtc } from "@/lib/dates";

Import map: aliased to relative './src/components/calendar-view' inside of [project]/

https://nextjs.org/docs/messages/module-not-found @ http://localhost:3000/_next/static/chunks/node_modules_next_dist_1e8vcs8._.js:1052
[  616457ms] [ERROR] ./src/app/(workspace)/kalender/page.tsx:2:1
Error: Module not found: Can't resolve '@/components/calendar-view'
  1 | import type { Metadata } from "next";
> 2 | import { CalendarView } from "@/components/calendar-view";
    | ^^^^^^^^^^^^^^^^^^^^^^^^^^^^^^^^^^^^^^^^^^^^^^^^^^^^^^^^^^
  3 | import { getCalendarEvents } from "@/backend/services/queries";
  4 | import { getPreferences } from "@/backend/services/preferences";
  5 | import { monthRangeUtc } from "@/lib/dates";

Import map: aliased to relative './src/components/calendar-view' inside of [project]/

https://nextjs.org/docs/messages/module-not-found @ http://localhost:3000/_next/static/chunks/node_modules_next_dist_1e8vcs8._.js:1052
[  616540ms] [ERROR] ./src/app/(workspace)/kalender/page.tsx:2:1
Error: Module not found: Can't resolve '@/components/calendar-view'
  1 | import type { Metadata } from "next";
> 2 | import { CalendarView } from "@/components/calendar-view";
    | ^^^^^^^^^^^^^^^^^^^^^^^^^^^^^^^^^^^^^^^^^^^^^^^^^^^^^^^^^^
  3 | import { getCalendarEvents } from "@/backend/services/queries";
  4 | import { getPreferences } from "@/backend/services/preferences";
  5 | import { monthRangeUtc } from "@/lib/dates";

Import map: aliased to relative './src/components/calendar-view' inside of [project]/

https://nextjs.org/docs/messages/module-not-found @ http://localhost:3000/_next/static/chunks/node_modules_next_dist_1e8vcs8._.js:1052
[  616610ms] [ERROR] ./src/app/(workspace)/kalender/page.tsx:2:1
Error: Module not found: Can't resolve '@/components/calendar-view'
  1 | import type { Metadata } from "next";
> 2 | import { CalendarView } from "@/components/calendar-view";
    | ^^^^^^^^^^^^^^^^^^^^^^^^^^^^^^^^^^^^^^^^^^^^^^^^^^^^^^^^^^
  3 | import { getCalendarEvents } from "@/backend/services/queries";
  4 | import { getPreferences } from "@/backend/services/preferences";
  5 | import { monthRangeUtc } from "@/lib/dates";

Import map: aliased to relative './src/components/calendar-view' inside of [project]/

https://nextjs.org/docs/messages/module-not-found @ http://localhost:3000/_next/static/chunks/node_modules_next_dist_1e8vcs8._.js:1052
[  616697ms] [ERROR] ./src/app/(workspace)/kalender/page.tsx:2:1
Error: Module not found: Can't resolve '@/components/calendar-view'
  1 | import type { Metadata } from "next";
> 2 | import { CalendarView } from "@/components/calendar-view";
    | ^^^^^^^^^^^^^^^^^^^^^^^^^^^^^^^^^^^^^^^^^^^^^^^^^^^^^^^^^^
  3 | import { getCalendarEvents } from "@/backend/services/queries";
  4 | import { getPreferences } from "@/backend/services/preferences";
  5 | import { monthRangeUtc } from "@/lib/dates";

Import map: aliased to relative './src/components/calendar-view' inside of [project]/

https://nextjs.org/docs/messages/module-not-found @ http://localhost:3000/_next/static/chunks/node_modules_next_dist_1e8vcs8._.js:1052
[  616812ms] [ERROR] ./src/app/(workspace)/kalender/page.tsx:2:1
Error: Module not found: Can't resolve '@/components/calendar-view'
  1 | import type { Metadata } from "next";
> 2 | import { CalendarView } from "@/components/calendar-view";
    | ^^^^^^^^^^^^^^^^^^^^^^^^^^^^^^^^^^^^^^^^^^^^^^^^^^^^^^^^^^
  3 | import { getCalendarEvents } from "@/backend/services/queries";
  4 | import { getPreferences } from "@/backend/services/preferences";
  5 | import { monthRangeUtc } from "@/lib/dates";

Import map: aliased to relative './src/components/calendar-view' inside of [project]/

https://nextjs.org/docs/messages/module-not-found @ http://localhost:3000/_next/static/chunks/node_modules_next_dist_1e8vcs8._.js:1052
[  616901ms] [ERROR] ./src/app/(workspace)/kalender/page.tsx:2:1
Error: Module not found: Can't resolve '@/components/calendar-view'
  1 | import type { Metadata } from "next";
> 2 | import { CalendarView } from "@/components/calendar-view";
    | ^^^^^^^^^^^^^^^^^^^^^^^^^^^^^^^^^^^^^^^^^^^^^^^^^^^^^^^^^^
  3 | import { getCalendarEvents } from "@/backend/services/queries";
  4 | import { getPreferences } from "@/backend/services/preferences";
  5 | import { monthRangeUtc } from "@/lib/dates";

Import map: aliased to relative './src/components/calendar-view' inside of [project]/

https://nextjs.org/docs/messages/module-not-found @ http://localhost:3000/_next/static/chunks/node_modules_next_dist_1e8vcs8._.js:1052
[  616976ms] [ERROR] ./src/app/(workspace)/kalender/page.tsx:2:1
Error: Module not found: Can't resolve '@/components/calendar-view'
  1 | import type { Metadata } from "next";
> 2 | import { CalendarView } from "@/components/calendar-view";
    | ^^^^^^^^^^^^^^^^^^^^^^^^^^^^^^^^^^^^^^^^^^^^^^^^^^^^^^^^^^
  3 | import { getCalendarEvents } from "@/backend/services/queries";
  4 | import { getPreferences } from "@/backend/services/preferences";
  5 | import { monthRangeUtc } from "@/lib/dates";

Import map: aliased to relative './src/components/calendar-view' inside of [project]/

https://nextjs.org/docs/messages/module-not-found @ http://localhost:3000/_next/static/chunks/node_modules_next_dist_1e8vcs8._.js:1052
[  617110ms] [ERROR] ./src/app/(workspace)/kalender/page.tsx:2:1
Error: Module not found: Can't resolve '@/components/calendar-view'
  1 | import type { Metadata } from "next";
> 2 | import { CalendarView } from "@/components/calendar-view";
    | ^^^^^^^^^^^^^^^^^^^^^^^^^^^^^^^^^^^^^^^^^^^^^^^^^^^^^^^^^^
  3 | import { getCalendarEvents } from "@/backend/services/queries";
  4 | import { getPreferences } from "@/backend/services/preferences";
  5 | import { monthRangeUtc } from "@/lib/dates";

Import map: aliased to relative './src/components/calendar-view' inside of [project]/

https://nextjs.org/docs/messages/module-not-found @ http://localhost:3000/_next/static/chunks/node_modules_next_dist_1e8vcs8._.js:1052
[  617267ms] [ERROR] ./src/app/(workspace)/kalender/page.tsx:2:1
Error: Module not found: Can't resolve '@/components/calendar-view'
  1 | import type { Metadata } from "next";
> 2 | import { CalendarView } from "@/components/calendar-view";
    | ^^^^^^^^^^^^^^^^^^^^^^^^^^^^^^^^^^^^^^^^^^^^^^^^^^^^^^^^^^
  3 | import { getCalendarEvents } from "@/backend/services/queries";
  4 | import { getPreferences } from "@/backend/services/preferences";
  5 | import { monthRangeUtc } from "@/lib/dates";

Import map: aliased to relative './src/components/calendar-view' inside of [project]/

https://nextjs.org/docs/messages/module-not-found @ http://localhost:3000/_next/static/chunks/node_modules_next_dist_1e8vcs8._.js:1052
[  617365ms] [ERROR] ./src/app/(workspace)/kalender/page.tsx:2:1
Error: Module not found: Can't resolve '@/components/calendar-view'
  1 | import type { Metadata } from "next";
> 2 | import { CalendarView } from "@/components/calendar-view";
    | ^^^^^^^^^^^^^^^^^^^^^^^^^^^^^^^^^^^^^^^^^^^^^^^^^^^^^^^^^^
  3 | import { getCalendarEvents } from "@/backend/services/queries";
  4 | import { getPreferences } from "@/backend/services/preferences";
  5 | import { monthRangeUtc } from "@/lib/dates";

Import map: aliased to relative './src/components/calendar-view' inside of [project]/

https://nextjs.org/docs/messages/module-not-found @ http://localhost:3000/_next/static/chunks/node_modules_next_dist_1e8vcs8._.js:1052
[  617502ms] [ERROR] ./src/app/(workspace)/kalender/page.tsx:2:1
Error: Module not found: Can't resolve '@/components/calendar-view'
  1 | import type { Metadata } from "next";
> 2 | import { CalendarView } from "@/components/calendar-view";
    | ^^^^^^^^^^^^^^^^^^^^^^^^^^^^^^^^^^^^^^^^^^^^^^^^^^^^^^^^^^
  3 | import { getCalendarEvents } from "@/backend/services/queries";
  4 | import { getPreferences } from "@/backend/services/preferences";
  5 | import { monthRangeUtc } from "@/lib/dates";

Import map: aliased to relative './src/components/calendar-view' inside of [project]/

https://nextjs.org/docs/messages/module-not-found @ http://localhost:3000/_next/static/chunks/node_modules_next_dist_1e8vcs8._.js:1052
[  617624ms] [ERROR] ./src/app/(workspace)/kalender/page.tsx:2:1
Error: Module not found: Can't resolve '@/components/calendar-view'
  1 | import type { Metadata } from "next";
> 2 | import { CalendarView } from "@/components/calendar-view";
    | ^^^^^^^^^^^^^^^^^^^^^^^^^^^^^^^^^^^^^^^^^^^^^^^^^^^^^^^^^^
  3 | import { getCalendarEvents } from "@/backend/services/queries";
  4 | import { getPreferences } from "@/backend/services/preferences";
  5 | import { monthRangeUtc } from "@/lib/dates";

Import map: aliased to relative './src/components/calendar-view' inside of [project]/

https://nextjs.org/docs/messages/module-not-found @ http://localhost:3000/_next/static/chunks/node_modules_next_dist_1e8vcs8._.js:1052
[  617748ms] [ERROR] ./src/app/(workspace)/kalender/page.tsx:2:1
Error: Module not found: Can't resolve '@/components/calendar-view'
  1 | import type { Metadata } from "next";
> 2 | import { CalendarView } from "@/components/calendar-view";
    | ^^^^^^^^^^^^^^^^^^^^^^^^^^^^^^^^^^^^^^^^^^^^^^^^^^^^^^^^^^
  3 | import { getCalendarEvents } from "@/backend/services/queries";
  4 | import { getPreferences } from "@/backend/services/preferences";
  5 | import { monthRangeUtc } from "@/lib/dates";

Import map: aliased to relative './src/components/calendar-view' inside of [project]/

https://nextjs.org/docs/messages/module-not-found @ http://localhost:3000/_next/static/chunks/node_modules_next_dist_1e8vcs8._.js:1052
[  617889ms] [ERROR] ./src/app/(workspace)/kalender/page.tsx:2:1
Error: Module not found: Can't resolve '@/components/calendar-view'
  1 | import type { Metadata } from "next";
> 2 | import { CalendarView } from "@/components/calendar-view";
    | ^^^^^^^^^^^^^^^^^^^^^^^^^^^^^^^^^^^^^^^^^^^^^^^^^^^^^^^^^^
  3 | import { getCalendarEvents } from "@/backend/services/queries";
  4 | import { getPreferences } from "@/backend/services/preferences";
  5 | import { monthRangeUtc } from "@/lib/dates";

Import map: aliased to relative './src/components/calendar-view' inside of [project]/

https://nextjs.org/docs/messages/module-not-found @ http://localhost:3000/_next/static/chunks/node_modules_next_dist_1e8vcs8._.js:1052
[  618015ms] [ERROR] ./src/app/(workspace)/kalender/page.tsx:2:1
Error: Module not found: Can't resolve '@/components/calendar-view'
  1 | import type { Metadata } from "next";
> 2 | import { CalendarView } from "@/components/calendar-view";
    | ^^^^^^^^^^^^^^^^^^^^^^^^^^^^^^^^^^^^^^^^^^^^^^^^^^^^^^^^^^
  3 | import { getCalendarEvents } from "@/backend/services/queries";
  4 | import { getPreferences } from "@/backend/services/preferences";
  5 | import { monthRangeUtc } from "@/lib/dates";

Import map: aliased to relative './src/components/calendar-view' inside of [project]/

https://nextjs.org/docs/messages/module-not-found @ http://localhost:3000/_next/static/chunks/node_modules_next_dist_1e8vcs8._.js:1052
[  618089ms] [ERROR] ./src/app/(workspace)/kalender/page.tsx:2:1
Error: Module not found: Can't resolve '@/components/calendar-view'
  1 | import type { Metadata } from "next";
> 2 | import { CalendarView } from "@/components/calendar-view";
    | ^^^^^^^^^^^^^^^^^^^^^^^^^^^^^^^^^^^^^^^^^^^^^^^^^^^^^^^^^^
  3 | import { getCalendarEvents } from "@/backend/services/queries";
  4 | import { getPreferences } from "@/backend/services/preferences";
  5 | import { monthRangeUtc } from "@/lib/dates";

Import map: aliased to relative './src/components/calendar-view' inside of [project]/

https://nextjs.org/docs/messages/module-not-found @ http://localhost:3000/_next/static/chunks/node_modules_next_dist_1e8vcs8._.js:1052
[  618170ms] [ERROR] ./src/app/(workspace)/kalender/page.tsx:2:1
Error: Module not found: Can't resolve '@/components/calendar-view'
  1 | import type { Metadata } from "next";
> 2 | import { CalendarView } from "@/components/calendar-view";
    | ^^^^^^^^^^^^^^^^^^^^^^^^^^^^^^^^^^^^^^^^^^^^^^^^^^^^^^^^^^
  3 | import { getCalendarEvents } from "@/backend/services/queries";
  4 | import { getPreferences } from "@/backend/services/preferences";
  5 | import { monthRangeUtc } from "@/lib/dates";

Import map: aliased to relative './src/components/calendar-view' inside of [project]/

https://nextjs.org/docs/messages/module-not-found @ http://localhost:3000/_next/static/chunks/node_modules_next_dist_1e8vcs8._.js:1052
[  618278ms] [ERROR] ./src/app/(workspace)/kalender/page.tsx:2:1
Error: Module not found: Can't resolve '@/components/calendar-view'
  1 | import type { Metadata } from "next";
> 2 | import { CalendarView } from "@/components/calendar-view";
    | ^^^^^^^^^^^^^^^^^^^^^^^^^^^^^^^^^^^^^^^^^^^^^^^^^^^^^^^^^^
  3 | import { getCalendarEvents } from "@/backend/services/queries";
  4 | import { getPreferences } from "@/backend/services/preferences";
  5 | import { monthRangeUtc } from "@/lib/dates";

Import map: aliased to relative './src/components/calendar-view' inside of [project]/

https://nextjs.org/docs/messages/module-not-found @ http://localhost:3000/_next/static/chunks/node_modules_next_dist_1e8vcs8._.js:1052
[  618393ms] [ERROR] ./src/app/(workspace)/kalender/page.tsx:2:1
Error: Module not found: Can't resolve '@/components/calendar-view'
  1 | import type { Metadata } from "next";
> 2 | import { CalendarView } from "@/components/calendar-view";
    | ^^^^^^^^^^^^^^^^^^^^^^^^^^^^^^^^^^^^^^^^^^^^^^^^^^^^^^^^^^
  3 | import { getCalendarEvents } from "@/backend/services/queries";
  4 | import { getPreferences } from "@/backend/services/preferences";
  5 | import { monthRangeUtc } from "@/lib/dates";

Import map: aliased to relative './src/components/calendar-view' inside of [project]/

https://nextjs.org/docs/messages/module-not-found @ http://localhost:3000/_next/static/chunks/node_modules_next_dist_1e8vcs8._.js:1052
[  618495ms] [ERROR] ./src/app/(workspace)/kalender/page.tsx:2:1
Error: Module not found: Can't resolve '@/components/calendar-view'
  1 | import type { Metadata } from "next";
> 2 | import { CalendarView } from "@/components/calendar-view";
    | ^^^^^^^^^^^^^^^^^^^^^^^^^^^^^^^^^^^^^^^^^^^^^^^^^^^^^^^^^^
  3 | import { getCalendarEvents } from "@/backend/services/queries";
  4 | import { getPreferences } from "@/backend/services/preferences";
  5 | import { monthRangeUtc } from "@/lib/dates";

Import map: aliased to relative './src/components/calendar-view' inside of [project]/

https://nextjs.org/docs/messages/module-not-found @ http://localhost:3000/_next/static/chunks/node_modules_next_dist_1e8vcs8._.js:1052
[  618617ms] [ERROR] ./src/app/(workspace)/kalender/page.tsx:2:1
Error: Module not found: Can't resolve '@/components/calendar-view'
  1 | import type { Metadata } from "next";
> 2 | import { CalendarView } from "@/components/calendar-view";
    | ^^^^^^^^^^^^^^^^^^^^^^^^^^^^^^^^^^^^^^^^^^^^^^^^^^^^^^^^^^
  3 | import { getCalendarEvents } from "@/backend/services/queries";
  4 | import { getPreferences } from "@/backend/services/preferences";
  5 | import { monthRangeUtc } from "@/lib/dates";

Import map: aliased to relative './src/components/calendar-view' inside of [project]/

https://nextjs.org/docs/messages/module-not-found @ http://localhost:3000/_next/static/chunks/node_modules_next_dist_1e8vcs8._.js:1052
[  618728ms] [ERROR] ./src/app/(workspace)/kalender/page.tsx:2:1
Error: Module not found: Can't resolve '@/components/calendar-view'
  1 | import type { Metadata } from "next";
> 2 | import { CalendarView } from "@/components/calendar-view";
    | ^^^^^^^^^^^^^^^^^^^^^^^^^^^^^^^^^^^^^^^^^^^^^^^^^^^^^^^^^^
  3 | import { getCalendarEvents } from "@/backend/services/queries";
  4 | import { getPreferences } from "@/backend/services/preferences";
  5 | import { monthRangeUtc } from "@/lib/dates";

Import map: aliased to relative './src/components/calendar-view' inside of [project]/

https://nextjs.org/docs/messages/module-not-found @ http://localhost:3000/_next/static/chunks/node_modules_next_dist_1e8vcs8._.js:1052
[  618843ms] [ERROR] ./src/app/(workspace)/kalender/page.tsx:2:1
Error: Module not found: Can't resolve '@/components/calendar-view'
  1 | import type { Metadata } from "next";
> 2 | import { CalendarView } from "@/components/calendar-view";
    | ^^^^^^^^^^^^^^^^^^^^^^^^^^^^^^^^^^^^^^^^^^^^^^^^^^^^^^^^^^
  3 | import { getCalendarEvents } from "@/backend/services/queries";
  4 | import { getPreferences } from "@/backend/services/preferences";
  5 | import { monthRangeUtc } from "@/lib/dates";

Import map: aliased to relative './src/components/calendar-view' inside of [project]/

https://nextjs.org/docs/messages/module-not-found @ http://localhost:3000/_next/static/chunks/node_modules_next_dist_1e8vcs8._.js:1052
[  619004ms] [ERROR] ./src/app/(workspace)/kalender/page.tsx:2:1
Error: Module not found: Can't resolve '@/components/calendar-view'
  1 | import type { Metadata } from "next";
> 2 | import { CalendarView } from "@/components/calendar-view";
    | ^^^^^^^^^^^^^^^^^^^^^^^^^^^^^^^^^^^^^^^^^^^^^^^^^^^^^^^^^^
  3 | import { getCalendarEvents } from "@/backend/services/queries";
  4 | import { getPreferences } from "@/backend/services/preferences";
  5 | import { monthRangeUtc } from "@/lib/dates";

Import map: aliased to relative './src/components/calendar-view' inside of [project]/

https://nextjs.org/docs/messages/module-not-found @ http://localhost:3000/_next/static/chunks/node_modules_next_dist_1e8vcs8._.js:1052
[  619158ms] [ERROR] ./src/app/(workspace)/kalender/page.tsx:2:1
Error: Module not found: Can't resolve '@/components/calendar-view'
  1 | import type { Metadata } from "next";
> 2 | import { CalendarView } from "@/components/calendar-view";
    | ^^^^^^^^^^^^^^^^^^^^^^^^^^^^^^^^^^^^^^^^^^^^^^^^^^^^^^^^^^
  3 | import { getCalendarEvents } from "@/backend/services/queries";
  4 | import { getPreferences } from "@/backend/services/preferences";
  5 | import { monthRangeUtc } from "@/lib/dates";

Import map: aliased to relative './src/components/calendar-view' inside of [project]/

https://nextjs.org/docs/messages/module-not-found @ http://localhost:3000/_next/static/chunks/node_modules_next_dist_1e8vcs8._.js:1052
[  619310ms] [ERROR] ./src/app/(workspace)/kalender/page.tsx:2:1
Error: Module not found: Can't resolve '@/components/calendar-view'
  1 | import type { Metadata } from "next";
> 2 | import { CalendarView } from "@/components/calendar-view";
    | ^^^^^^^^^^^^^^^^^^^^^^^^^^^^^^^^^^^^^^^^^^^^^^^^^^^^^^^^^^
  3 | import { getCalendarEvents } from "@/backend/services/queries";
  4 | import { getPreferences } from "@/backend/services/preferences";
  5 | import { monthRangeUtc } from "@/lib/dates";

Import map: aliased to relative './src/components/calendar-view' inside of [project]/

https://nextjs.org/docs/messages/module-not-found @ http://localhost:3000/_next/static/chunks/node_modules_next_dist_1e8vcs8._.js:1052
[  619406ms] [ERROR] ./src/app/(workspace)/kalender/page.tsx:2:1
Error: Module not found: Can't resolve '@/components/calendar-view'
  1 | import type { Metadata } from "next";
> 2 | import { CalendarView } from "@/components/calendar-view";
    | ^^^^^^^^^^^^^^^^^^^^^^^^^^^^^^^^^^^^^^^^^^^^^^^^^^^^^^^^^^
  3 | import { getCalendarEvents } from "@/backend/services/queries";
  4 | import { getPreferences } from "@/backend/services/preferences";
  5 | import { monthRangeUtc } from "@/lib/dates";

Import map: aliased to relative './src/components/calendar-view' inside of [project]/

https://nextjs.org/docs/messages/module-not-found @ http://localhost:3000/_next/static/chunks/node_modules_next_dist_1e8vcs8._.js:1052
[  619549ms] [ERROR] ./src/app/(workspace)/kalender/page.tsx:2:1
Error: Module not found: Can't resolve '@/components/calendar-view'
  1 | import type { Metadata } from "next";
> 2 | import { CalendarView } from "@/components/calendar-view";
    | ^^^^^^^^^^^^^^^^^^^^^^^^^^^^^^^^^^^^^^^^^^^^^^^^^^^^^^^^^^
  3 | import { getCalendarEvents } from "@/backend/services/queries";
  4 | import { getPreferences } from "@/backend/services/preferences";
  5 | import { monthRangeUtc } from "@/lib/dates";

Import map: aliased to relative './src/components/calendar-view' inside of [project]/

https://nextjs.org/docs/messages/module-not-found @ http://localhost:3000/_next/static/chunks/node_modules_next_dist_1e8vcs8._.js:1052
[  619751ms] [ERROR] ./src/app/(workspace)/kalender/page.tsx:2:1
Error: Module not found: Can't resolve '@/components/calendar-view'
  1 | import type { Metadata } from "next";
> 2 | import { CalendarView } from "@/components/calendar-view";
    | ^^^^^^^^^^^^^^^^^^^^^^^^^^^^^^^^^^^^^^^^^^^^^^^^^^^^^^^^^^
  3 | import { getCalendarEvents } from "@/backend/services/queries";
  4 | import { getPreferences } from "@/backend/services/preferences";
  5 | import { monthRangeUtc } from "@/lib/dates";

Import map: aliased to relative './src/components/calendar-view' inside of [project]/

https://nextjs.org/docs/messages/module-not-found @ http://localhost:3000/_next/static/chunks/node_modules_next_dist_1e8vcs8._.js:1052
[  619921ms] [ERROR] ./src/app/(workspace)/kalender/page.tsx:2:1
Error: Module not found: Can't resolve '@/components/calendar-view'
  1 | import type { Metadata } from "next";
> 2 | import { CalendarView } from "@/components/calendar-view";
    | ^^^^^^^^^^^^^^^^^^^^^^^^^^^^^^^^^^^^^^^^^^^^^^^^^^^^^^^^^^
  3 | import { getCalendarEvents } from "@/backend/services/queries";
  4 | import { getPreferences } from "@/backend/services/preferences";
  5 | import { monthRangeUtc } from "@/lib/dates";

Import map: aliased to relative './src/components/calendar-view' inside of [project]/

https://nextjs.org/docs/messages/module-not-found @ http://localhost:3000/_next/static/chunks/node_modules_next_dist_1e8vcs8._.js:1052
[  620020ms] [LOG] [Fast Refresh] rebuilding @ http://localhost:3000/_next/static/chunks/node_modules_next_dist_1e8vcs8._.js:776
[  620154ms] [ERROR] ./src/app/(workspace)/kalender/page.tsx:2:1
Error: Module not found: Can't resolve '@/components/calendar-view'
  1 | import type { Metadata } from "next";
> 2 | import { CalendarView } from "@/components/calendar-view";
    | ^^^^^^^^^^^^^^^^^^^^^^^^^^^^^^^^^^^^^^^^^^^^^^^^^^^^^^^^^^
  3 | import { getCalendarEvents } from "@/backend/services/queries";
  4 | import { getPreferences } from "@/backend/services/preferences";
  5 | import { monthRangeUtc } from "@/lib/dates";

Import map: aliased to relative './src/components/calendar-view' inside of [project]/

https://nextjs.org/docs/messages/module-not-found @ http://localhost:3000/_next/static/chunks/node_modules_next_dist_1e8vcs8._.js:1052
[  620275ms] [ERROR] ./src/app/(workspace)/kalender/page.tsx:2:1
Error: Module not found: Can't resolve '@/components/calendar-view'
  1 | import type { Metadata } from "next";
> 2 | import { CalendarView } from "@/components/calendar-view";
    | ^^^^^^^^^^^^^^^^^^^^^^^^^^^^^^^^^^^^^^^^^^^^^^^^^^^^^^^^^^
  3 | import { getCalendarEvents } from "@/backend/services/queries";
  4 | import { getPreferences } from "@/backend/services/preferences";
  5 | import { monthRangeUtc } from "@/lib/dates";

Import map: aliased to relative './src/components/calendar-view' inside of [project]/

https://nextjs.org/docs/messages/module-not-found @ http://localhost:3000/_next/static/chunks/node_modules_next_dist_1e8vcs8._.js:1052
[  620350ms] [ERROR] ./src/app/(workspace)/kalender/page.tsx:2:1
Error: Module not found: Can't resolve '@/components/calendar-view'
  1 | import type { Metadata } from "next";
> 2 | import { CalendarView } from "@/components/calendar-view";
    | ^^^^^^^^^^^^^^^^^^^^^^^^^^^^^^^^^^^^^^^^^^^^^^^^^^^^^^^^^^
  3 | import { getCalendarEvents } from "@/backend/services/queries";
  4 | import { getPreferences } from "@/backend/services/preferences";
  5 | import { monthRangeUtc } from "@/lib/dates";

Import map: aliased to relative './src/components/calendar-view' inside of [project]/

https://nextjs.org/docs/messages/module-not-found @ http://localhost:3000/_next/static/chunks/node_modules_next_dist_1e8vcs8._.js:1052
[  620528ms] [ERROR] ./src/app/(workspace)/kalender/page.tsx:2:1
Error: Module not found: Can't resolve '@/components/calendar-view'
  1 | import type { Metadata } from "next";
> 2 | import { CalendarView } from "@/components/calendar-view";
    | ^^^^^^^^^^^^^^^^^^^^^^^^^^^^^^^^^^^^^^^^^^^^^^^^^^^^^^^^^^
  3 | import { getCalendarEvents } from "@/backend/services/queries";
  4 | import { getPreferences } from "@/backend/services/preferences";
  5 | import { monthRangeUtc } from "@/lib/dates";

Import map: aliased to relative './src/components/calendar-view' inside of [project]/

https://nextjs.org/docs/messages/module-not-found @ http://localhost:3000/_next/static/chunks/node_modules_next_dist_1e8vcs8._.js:1052
[  620699ms] [ERROR] ./src/app/(workspace)/kalender/page.tsx:2:1
Error: Module not found: Can't resolve '@/components/calendar-view'
  1 | import type { Metadata } from "next";
> 2 | import { CalendarView } from "@/components/calendar-view";
    | ^^^^^^^^^^^^^^^^^^^^^^^^^^^^^^^^^^^^^^^^^^^^^^^^^^^^^^^^^^
  3 | import { getCalendarEvents } from "@/backend/services/queries";
  4 | import { getPreferences } from "@/backend/services/preferences";
  5 | import { monthRangeUtc } from "@/lib/dates";

Import map: aliased to relative './src/components/calendar-view' inside of [project]/

https://nextjs.org/docs/messages/module-not-found @ http://localhost:3000/_next/static/chunks/node_modules_next_dist_1e8vcs8._.js:1052
[  620875ms] [ERROR] ./src/app/(workspace)/kalender/page.tsx:2:1
Error: Module not found: Can't resolve '@/components/calendar-view'
  1 | import type { Metadata } from "next";
> 2 | import { CalendarView } from "@/components/calendar-view";
    | ^^^^^^^^^^^^^^^^^^^^^^^^^^^^^^^^^^^^^^^^^^^^^^^^^^^^^^^^^^
  3 | import { getCalendarEvents } from "@/backend/services/queries";
  4 | import { getPreferences } from "@/backend/services/preferences";
  5 | import { monthRangeUtc } from "@/lib/dates";

Import map: aliased to relative './src/components/calendar-view' inside of [project]/

https://nextjs.org/docs/messages/module-not-found @ http://localhost:3000/_next/static/chunks/node_modules_next_dist_1e8vcs8._.js:1052
[  621010ms] [ERROR] ./src/app/(workspace)/kalender/page.tsx:2:1
Error: Module not found: Can't resolve '@/components/calendar-view'
  1 | import type { Metadata } from "next";
> 2 | import { CalendarView } from "@/components/calendar-view";
    | ^^^^^^^^^^^^^^^^^^^^^^^^^^^^^^^^^^^^^^^^^^^^^^^^^^^^^^^^^^
  3 | import { getCalendarEvents } from "@/backend/services/queries";
  4 | import { getPreferences } from "@/backend/services/preferences";
  5 | import { monthRangeUtc } from "@/lib/dates";

Import map: aliased to relative './src/components/calendar-view' inside of [project]/

https://nextjs.org/docs/messages/module-not-found @ http://localhost:3000/_next/static/chunks/node_modules_next_dist_1e8vcs8._.js:1052
[  621152ms] [ERROR] ./src/app/(workspace)/kalender/page.tsx:2:1
Error: Module not found: Can't resolve '@/components/calendar-view'
  1 | import type { Metadata } from "next";
> 2 | import { CalendarView } from "@/components/calendar-view";
    | ^^^^^^^^^^^^^^^^^^^^^^^^^^^^^^^^^^^^^^^^^^^^^^^^^^^^^^^^^^
  3 | import { getCalendarEvents } from "@/backend/services/queries";
  4 | import { getPreferences } from "@/backend/services/preferences";
  5 | import { monthRangeUtc } from "@/lib/dates";

Import map: aliased to relative './src/components/calendar-view' inside of [project]/

https://nextjs.org/docs/messages/module-not-found @ http://localhost:3000/_next/static/chunks/node_modules_next_dist_1e8vcs8._.js:1052
[  621304ms] [ERROR] ./src/app/(workspace)/kalender/page.tsx:2:1
Error: Module not found: Can't resolve '@/components/calendar-view'
  1 | import type { Metadata } from "next";
> 2 | import { CalendarView } from "@/components/calendar-view";
    | ^^^^^^^^^^^^^^^^^^^^^^^^^^^^^^^^^^^^^^^^^^^^^^^^^^^^^^^^^^
  3 | import { getCalendarEvents } from "@/backend/services/queries";
  4 | import { getPreferences } from "@/backend/services/preferences";
  5 | import { monthRangeUtc } from "@/lib/dates";

Import map: aliased to relative './src/components/calendar-view' inside of [project]/

https://nextjs.org/docs/messages/module-not-found @ http://localhost:3000/_next/static/chunks/node_modules_next_dist_1e8vcs8._.js:1052
[  621385ms] [ERROR] ./src/app/(workspace)/kalender/page.tsx:2:1
Error: Module not found: Can't resolve '@/components/calendar-view'
  1 | import type { Metadata } from "next";
> 2 | import { CalendarView } from "@/components/calendar-view";
    | ^^^^^^^^^^^^^^^^^^^^^^^^^^^^^^^^^^^^^^^^^^^^^^^^^^^^^^^^^^
  3 | import { getCalendarEvents } from "@/backend/services/queries";
  4 | import { getPreferences } from "@/backend/services/preferences";
  5 | import { monthRangeUtc } from "@/lib/dates";

Import map: aliased to relative './src/components/calendar-view' inside of [project]/

https://nextjs.org/docs/messages/module-not-found @ http://localhost:3000/_next/static/chunks/node_modules_next_dist_1e8vcs8._.js:1052
[  621541ms] [ERROR] ./src/app/(workspace)/kalender/page.tsx:2:1
Error: Module not found: Can't resolve '@/components/calendar-view'
  1 | import type { Metadata } from "next";
> 2 | import { CalendarView } from "@/components/calendar-view";
    | ^^^^^^^^^^^^^^^^^^^^^^^^^^^^^^^^^^^^^^^^^^^^^^^^^^^^^^^^^^
  3 | import { getCalendarEvents } from "@/backend/services/queries";
  4 | import { getPreferences } from "@/backend/services/preferences";
  5 | import { monthRangeUtc } from "@/lib/dates";

Import map: aliased to relative './src/components/calendar-view' inside of [project]/

https://nextjs.org/docs/messages/module-not-found @ http://localhost:3000/_next/static/chunks/node_modules_next_dist_1e8vcs8._.js:1052
[  621657ms] [ERROR] ./src/app/(workspace)/kalender/page.tsx:2:1
Error: Module not found: Can't resolve '@/components/calendar-view'
  1 | import type { Metadata } from "next";
> 2 | import { CalendarView } from "@/components/calendar-view";
    | ^^^^^^^^^^^^^^^^^^^^^^^^^^^^^^^^^^^^^^^^^^^^^^^^^^^^^^^^^^
  3 | import { getCalendarEvents } from "@/backend/services/queries";
  4 | import { getPreferences } from "@/backend/services/preferences";
  5 | import { monthRangeUtc } from "@/lib/dates";

Import map: aliased to relative './src/components/calendar-view' inside of [project]/

https://nextjs.org/docs/messages/module-not-found @ http://localhost:3000/_next/static/chunks/node_modules_next_dist_1e8vcs8._.js:1052
[  621824ms] [ERROR] ./src/app/(workspace)/kalender/page.tsx:2:1
Error: Module not found: Can't resolve '@/components/calendar-view'
  1 | import type { Metadata } from "next";
> 2 | import { CalendarView } from "@/components/calendar-view";
    | ^^^^^^^^^^^^^^^^^^^^^^^^^^^^^^^^^^^^^^^^^^^^^^^^^^^^^^^^^^
  3 | import { getCalendarEvents } from "@/backend/services/queries";
  4 | import { getPreferences } from "@/backend/services/preferences";
  5 | import { monthRangeUtc } from "@/lib/dates";

Import map: aliased to relative './src/components/calendar-view' inside of [project]/

https://nextjs.org/docs/messages/module-not-found @ http://localhost:3000/_next/static/chunks/node_modules_next_dist_1e8vcs8._.js:1052
[  621981ms] [ERROR] ./src/app/(workspace)/kalender/page.tsx:2:1
Error: Module not found: Can't resolve '@/components/calendar-view'
  1 | import type { Metadata } from "next";
> 2 | import { CalendarView } from "@/components/calendar-view";
    | ^^^^^^^^^^^^^^^^^^^^^^^^^^^^^^^^^^^^^^^^^^^^^^^^^^^^^^^^^^
  3 | import { getCalendarEvents } from "@/backend/services/queries";
  4 | import { getPreferences } from "@/backend/services/preferences";
  5 | import { monthRangeUtc } from "@/lib/dates";

Import map: aliased to relative './src/components/calendar-view' inside of [project]/

https://nextjs.org/docs/messages/module-not-found @ http://localhost:3000/_next/static/chunks/node_modules_next_dist_1e8vcs8._.js:1052
[  622120ms] [ERROR] ./src/app/(workspace)/kalender/page.tsx:2:1
Error: Module not found: Can't resolve '@/components/calendar-view'
  1 | import type { Metadata } from "next";
> 2 | import { CalendarView } from "@/components/calendar-view";
    | ^^^^^^^^^^^^^^^^^^^^^^^^^^^^^^^^^^^^^^^^^^^^^^^^^^^^^^^^^^
  3 | import { getCalendarEvents } from "@/backend/services/queries";
  4 | import { getPreferences } from "@/backend/services/preferences";
  5 | import { monthRangeUtc } from "@/lib/dates";

Import map: aliased to relative './src/components/calendar-view' inside of [project]/

https://nextjs.org/docs/messages/module-not-found @ http://localhost:3000/_next/static/chunks/node_modules_next_dist_1e8vcs8._.js:1052
[  622289ms] [ERROR] ./src/app/(workspace)/kalender/page.tsx:2:1
Error: Module not found: Can't resolve '@/components/calendar-view'
  1 | import type { Metadata } from "next";
> 2 | import { CalendarView } from "@/components/calendar-view";
    | ^^^^^^^^^^^^^^^^^^^^^^^^^^^^^^^^^^^^^^^^^^^^^^^^^^^^^^^^^^
  3 | import { getCalendarEvents } from "@/backend/services/queries";
  4 | import { getPreferences } from "@/backend/services/preferences";
  5 | import { monthRangeUtc } from "@/lib/dates";

Import map: aliased to relative './src/components/calendar-view' inside of [project]/

https://nextjs.org/docs/messages/module-not-found @ http://localhost:3000/_next/static/chunks/node_modules_next_dist_1e8vcs8._.js:1052
[  622455ms] [ERROR] ./src/app/(workspace)/kalender/page.tsx:2:1
Error: Module not found: Can't resolve '@/components/calendar-view'
  1 | import type { Metadata } from "next";
> 2 | import { CalendarView } from "@/components/calendar-view";
    | ^^^^^^^^^^^^^^^^^^^^^^^^^^^^^^^^^^^^^^^^^^^^^^^^^^^^^^^^^^
  3 | import { getCalendarEvents } from "@/backend/services/queries";
  4 | import { getPreferences } from "@/backend/services/preferences";
  5 | import { monthRangeUtc } from "@/lib/dates";

Import map: aliased to relative './src/components/calendar-view' inside of [project]/

https://nextjs.org/docs/messages/module-not-found @ http://localhost:3000/_next/static/chunks/node_modules_next_dist_1e8vcs8._.js:1052
[  622678ms] [ERROR] ./src/app/(workspace)/kalender/page.tsx:2:1
Error: Module not found: Can't resolve '@/components/calendar-view'
  1 | import type { Metadata } from "next";
> 2 | import { CalendarView } from "@/components/calendar-view";
    | ^^^^^^^^^^^^^^^^^^^^^^^^^^^^^^^^^^^^^^^^^^^^^^^^^^^^^^^^^^
  3 | import { getCalendarEvents } from "@/backend/services/queries";
  4 | import { getPreferences } from "@/backend/services/preferences";
  5 | import { monthRangeUtc } from "@/lib/dates";

Import map: aliased to relative './src/components/calendar-view' inside of [project]/

https://nextjs.org/docs/messages/module-not-found @ http://localhost:3000/_next/static/chunks/node_modules_next_dist_1e8vcs8._.js:1052
[  622829ms] [ERROR] ./src/app/(workspace)/kalender/page.tsx:2:1
Error: Module not found: Can't resolve '@/components/calendar-view'
  1 | import type { Metadata } from "next";
> 2 | import { CalendarView } from "@/components/calendar-view";
    | ^^^^^^^^^^^^^^^^^^^^^^^^^^^^^^^^^^^^^^^^^^^^^^^^^^^^^^^^^^
  3 | import { getCalendarEvents } from "@/backend/services/queries";
  4 | import { getPreferences } from "@/backend/services/preferences";
  5 | import { monthRangeUtc } from "@/lib/dates";

Import map: aliased to relative './src/components/calendar-view' inside of [project]/

https://nextjs.org/docs/messages/module-not-found @ http://localhost:3000/_next/static/chunks/node_modules_next_dist_1e8vcs8._.js:1052
[  623084ms] [LOG] [Fast Refresh] rebuilding @ http://localhost:3000/_next/static/chunks/node_modules_next_dist_1e8vcs8._.js:776
[  624453ms] [LOG] [Fast Refresh] done in 1405ms @ http://localhost:3000/_next/static/chunks/node_modules_next_dist_1e8vcs8._.js:776
[  624623ms] [LOG] [Fast Refresh] done in 1405ms @ http://localhost:3000/_next/static/chunks/node_modules_next_dist_1e8vcs8._.js:776
[  625028ms] [ERROR] Failed to load resource: the server responded with a status of 404 (Not Found) @ http://localhost:3000/login?_rsc=OagXM8dI1hYcFhF0:0
[  625407ms] [ERROR] Failed to load resource: the server responded with a status of 404 (Not Found) @ http://localhost:3000/login:0
[  625650ms] [INFO] %cDownload the React DevTools for a better development experience: https://react.dev/link/react-devtools font-weight:bold @ http://localhost:3000/_next/static/chunks/node_modules_next_dist_1e8vcs8._.js:776
[  625680ms] [LOG] [HMR] connected @ http://localhost:3000/_next/static/chunks/node_modules_next_dist_1e8vcs8._.js:776
